meet_id_dm,meet_name,event_name,round,diver_id_dm,diver_first,diver_last,place,score,team_id_dm,team_name,team_code,year,stage,event_level,age_group,gender,discipline,event_key,is_synchro,is_junior_circuit,region,zone,ewc_meet,source_file
12067,2025 Winter Nationals Qualifier,Senior Women 1m (Final),Final,77069,Sydney,Guidara,1,234.95,,Unattached,,2025,Winter-Nationals-Qualifier,Senior,Senior,Female,1M,Senior Women 1M,false,false,,,,criteria-simulator/data.js
12067,2025 Winter Nationals Qualifier,Senior Women 1m (Final),Final,77206,Adelyn,Flessner,2,232.45,5532,RipFest,,2025,Winter-Nationals-Qualifier,Senior,Senior,Female,1M,Senior Women 1M,false,false,,,,criteria-simulator/data.js
12067,2025 Winter Nationals Qualifier,Senior Women 1m (Final),Final,53797,Emma,Rhines,3,230.75,,Unattached,,2025,Winter-Nationals-Qualifier,Senior,Senior,Female,1M,Senior Women 1M,false,false,,,,criteria-simulator/data.js
12067,2025 Winter Nationals Qualifier,Senior Women 1m (Final),Final,63424,Elle,Jolley,4,221.2,2502,Carolina Diving Academy,,2025,Winter-Nationals-Qualifier,Senior,Senior,Female,1M,Senior Women 1M,false,false,,,,criteria-simulator/data.js
12067,2025 Winter Nationals Qualifier,Senior Women 1m (Final),Final,61068,Amelia,Rinehart,5,219.85,,Unattached,,2025,Winter-Nationals-Qualifier,Senior,Senior,Female,1M,Senior Women 1M,false,false,,,,criteria-simulator/data.js
12067,2025 Winter Nationals Qualifier,Senior Women 1m (Final),Final,30542,Julia,Herring,6,219.75,9954,Badger Diving Academy,,2025,Winter-Nationals-Qualifier,Senior,Senior,Female,1M,Senior Women 1M,false,false,,,,criteria-simulator/data.js
12067,2025 Winter Nationals Qualifier,Senior Women 1m (Final),Final,51656,Megan,Jolly,7,215.8,,Unattached,,2025,Winter-Nationals-Qualifier,Senior,Senior,Female,1M,Senior Women 1M,false,false,,,,criteria-simulator/data.js
12067,2025 Winter Nationals Qualifier,Senior Women 1m (Final),Final,45524,Rachel,Dickerson,8,215.1,1294,Pitt Aquatic Club,,2025,Winter-Nationals-Qualifier,Senior,Senior,Female,1M,Senior Women 1M,false,false,,,,criteria-simulator/data.js
12067,2025 Winter Nationals Qualifier,Senior Women 1m (Final),Final,60907,Kristy,Pfaff,9,214.3,,Unattached,,2025,Winter-Nationals-Qualifier,Senior,Senior,Female,1M,Senior Women 1M,false,false,,,,criteria-simulator/data.js
12067,2025 Winter Nationals Qualifier,Senior Women 1m (Final),Final,51804,Mallory,Worobel,10,214.1,5345,The Indiana International School of Diving,,2025,Winter-Nationals-Qualifier,Senior,Senior,Female,1M,Senior Women 1M,false,false,,,,criteria-simulator/data.js
12067,2025 Winter Nationals Qualifier,Senior Women 1m (Final),Final,73015,Juliette,Landi,11,213.2,,Unattached,,2025,Winter-Nationals-Qualifier,Senior,Senior,Female,1M,Senior Women 1M,false,false,,,,criteria-simulator/data.js
12067,2025 Winter Nationals Qualifier,Senior Women 1m (Final),Final,170782,Audree,Brazeau-howes,11,213.2,,Unattached,,2025,Winter-Nationals-Qualifier,Senior,Senior,Female,1M,Senior Women 1M,false,false,,,,criteria-simulator/data.js
12067,2025 Winter Nationals Qualifier,Senior Women 1m (Final),Final,77129,Gianna,Vasto,13,208.5,5411,Atlantic Coast Diving Jax,,2025,Winter-Nationals-Qualifier,Senior,Senior,Female,1M,Senior Women 1M,false,false,,,,criteria-simulator/data.js
12067,2025 Winter Nationals Qualifier,Senior Women 1m (Final),Final,64747,Sarah,Griffith,14,204.85,9798,Tennesse Aquatics Diving,,2025,Winter-Nationals-Qualifier,Senior,Senior,Female,1M,Senior Women 1M,false,false,,,,criteria-simulator/data.js
12067,2025 Winter Nationals Qualifier,Senior Women 1m (Final),Final,56818,Kanah,Pumphrey,15,204.15,8654,Razorback Diving Academy,,2025,Winter-Nationals-Qualifier,Senior,Senior,Female,1M,Senior Women 1M,false,false,,,,criteria-simulator/data.js
12067,2025 Winter Nationals Qualifier,Senior Women 1m (Final),Final,50925,Grace,Walker,16,202.75,5532,RipFest,,2025,Winter-Nationals-Qualifier,Senior,Senior,Female,1M,Senior Women 1M,false,false,,,,criteria-simulator/data.js
12067,2025 Winter Nationals Qualifier,Senior Women 1m (Final),Final,68177,Evelyn,Hall,17,201.0,,Unattached,,2025,Winter-Nationals-Qualifier,Senior,Senior,Female,1M,Senior Women 1M,false,false,,,,criteria-simulator/data.js
12067,2025 Winter Nationals Qualifier,Senior Women 1m (Final),Final,102026,Victoria,Olmeda,18,196.95,8037,Dallas Metroplex Diving,,2025,Winter-Nationals-Qualifier,Senior,Senior,Female,1M,Senior Women 1M,false,false,,,,criteria-simulator/data.js
12067,2025 Winter Nationals Qualifier,Senior Women 1m (Final),Final,75205,Addison,Farman,19,192.95,,Unattached,,2025,Winter-Nationals-Qualifier,Senior,Senior,Female,1M,Senior Women 1M,false,false,,,,criteria-simulator/data.js
12067,2025 Winter Nationals Qualifier,Senior Women 1m (Final),Final,64652,Addyson,Thalinger,20,188.4,8393,NC Diving Club,,2025,Winter-Nationals-Qualifier,Senior,Senior,Female,1M,Senior Women 1M,false,false,,,,criteria-simulator/data.js
12067,2025 Winter Nationals Qualifier,Senior Women 1m (Final),Final,65143,Reilly,Stebbins,21,185.2,7284,Los Angeles Dive Club,,2025,Winter-Nationals-Qualifier,Senior,Senior,Female,1M,Senior Women 1M,false,false,,,,criteria-simulator/data.js
12067,2025 Winter Nationals Qualifier,Senior Women 1m (Final),Final,74886,Elise,Koehler,22,182.2,1065,Mile High Dive Club,,2025,Winter-Nationals-Qualifier,Senior,Senior,Female,1M,Senior Women 1M,false,false,,,,criteria-simulator/data.js
12067,2025 Winter Nationals Qualifier,Senior Women 1m (Final),Final,42676,Bianca,Hutter,23,178.8,,Unattached,,2025,Winter-Nationals-Qualifier,Senior,Senior,Female,1M,Senior Women 1M,false,false,,,,criteria-simulator/data.js
12067,2025 Winter Nationals Qualifier,Senior Women 1m (Final),Final,59765,Reagan,Leckner,24,175.45,2502,Carolina Diving Academy,,2025,Winter-Nationals-Qualifier,Senior,Senior,Female,1M,Senior Women 1M,false,false,,,,criteria-simulator/data.js
12067,2025 Winter Nationals Qualifier,Senior Women 1m (Final),Final,54785,Chloe,Perkins,25,174.55,,Unattached,,2025,Winter-Nationals-Qualifier,Senior,Senior,Female,1M,Senior Women 1M,false,false,,,,criteria-simulator/data.js
12067,2025 Winter Nationals Qualifier,Senior Women 1m (Final),Final,59075,Ana,Navarro,26,170.9,7218,Germantown Academy Dive Club,,2025,Winter-Nationals-Qualifier,Senior,Senior,Female,1M,Senior Women 1M,false,false,,,,criteria-simulator/data.js
12067,2025 Winter Nationals Qualifier,Senior Women 1m (Final),Final,47525,Iris,Burns-Trahanovsky,27,166.25,1333,Longhorn Aquatics,,2025,Winter-Nationals-Qualifier,Senior,Senior,Female,1M,Senior Women 1M,false,false,,,,criteria-simulator/data.js
12067,2025 Winter Nationals Qualifier,Senior Women 1m (Final),Final,93617,Hadley,Laughlin,28,164.0,8404,Johansen Diving Academy,,2025,Winter-Nationals-Qualifier,Senior,Senior,Female,1M,Senior Women 1M,false,false,,,,criteria-simulator/data.js
12067,2025 Winter Nationals Qualifier,Senior Women 1m (Final),Final,102831,Avalon,Johnson,29,162.2,1065,Mile High Dive Club,,2025,Winter-Nationals-Qualifier,Senior,Senior,Female,1M,Senior Women 1M,false,false,,,,criteria-simulator/data.js
12067,2025 Winter Nationals Qualifier,Senior Women 1m (Final),Final,102297,Mia,Williams,30,161.85,1065,Mile High Dive Club,,2025,Winter-Nationals-Qualifier,Senior,Senior,Female,1M,Senior Women 1M,false,false,,,,criteria-simulator/data.js
12067,2025 Winter Nationals Qualifier,Senior Women 1m (Final),Final,65715,Mia,Delgado,31,159.35,8393,NC Diving Club,,2025,Winter-Nationals-Qualifier,Senior,Senior,Female,1M,Senior Women 1M,false,false,,,,criteria-simulator/data.js
12067,2025 Winter Nationals Qualifier,Senior Women 1m (Final),Final,65138,James,Jones,32,158.9,8404,Johansen Diving Academy,,2025,Winter-Nationals-Qualifier,Senior,Senior,Female,1M,Senior Women 1M,false,false,,,,criteria-simulator/data.js
12067,2025 Winter Nationals Qualifier,Senior Women 1m (Final),Final,80736,Lyra,Moran,33,131.4,1065,Mile High Dive Club,,2025,Winter-Nationals-Qualifier,Senior,Senior,Female,1M,Senior Women 1M,false,false,,,,criteria-simulator/data.js
12067,2025 Winter Nationals Qualifier,Senior Women 1m (Final),Final,173641,Zalika,Methula,,201.5,,Unattached,,2025,Winter-Nationals-Qualifier,Senior,Senior,Female,1M,Senior Women 1M,false,false,,,,criteria-simulator/data.js
12067,2025 Winter Nationals Qualifier,Senior Women 1m (Final),Final,161601,Mariana,Osorio Mendoza,,197.6,1294,Pitt Aquatic Club,,2025,Winter-Nationals-Qualifier,Senior,Senior,Female,1M,Senior Women 1M,false,false,,,,criteria-simulator/data.js
12067,2025 Winter Nationals Qualifier,Senior Women Platform (Final),Final,69447,Lindyn,Johnson,1,261.0,1317,City of Midland,,2025,Winter-Nationals-Qualifier,Senior,Senior,Female,Platform,Senior Women Platform,false,false,,,,criteria-simulator/data.js
12067,2025 Winter Nationals Qualifier,Senior Women Platform (Final),Final,47527,Elizabeth,Bircher,2,215.75,1333,Longhorn Aquatics,,2025,Winter-Nationals-Qualifier,Senior,Senior,Female,Platform,Senior Women Platform,false,false,,,,criteria-simulator/data.js
12067,2025 Winter Nationals Qualifier,Senior Women Platform (Final),Final,38273,Ryane,Neal,3,212.0,9954,Badger Diving Academy,,2025,Winter-Nationals-Qualifier,Senior,Senior,Female,Platform,Senior Women Platform,false,false,,,,criteria-simulator/data.js
12067,2025 Winter Nationals Qualifier,Senior Women Platform (Final),Final,81074,Riley,Steinhilber,4,208.7,1018,Sun Devil Divers,,2025,Winter-Nationals-Qualifier,Senior,Senior,Female,Platform,Senior Women Platform,false,false,,,,criteria-simulator/data.js
12067,2025 Winter Nationals Qualifier,Senior Women Platform (Final),Final,170485,Ally,Jackson,5,196.1,8037,Dallas Metroplex Diving,,2025,Winter-Nationals-Qualifier,Senior,Senior,Female,Platform,Senior Women Platform,false,false,,,,criteria-simulator/data.js
12067,2025 Winter Nationals Qualifier,Senior Women Platform (Final),Final,63675,Olivia,Liddle,6,194.05,,Unattached,,2025,Winter-Nationals-Qualifier,Senior,Senior,Female,Platform,Senior Women Platform,false,false,,,,criteria-simulator/data.js
12067,2025 Winter Nationals Qualifier,Senior Women Platform (Final),Final,63493,Hadley,Mulbury,7,192.0,5532,RipFest,,2025,Winter-Nationals-Qualifier,Senior,Senior,Female,Platform,Senior Women Platform,false,false,,,,criteria-simulator/data.js
12067,2025 Winter Nationals Qualifier,Senior Women Platform (Final),Final,65715,Mia,Delgado,8,190.55,8393,NC Diving Club,,2025,Winter-Nationals-Qualifier,Senior,Senior,Female,Platform,Senior Women Platform,false,false,,,,criteria-simulator/data.js
12067,2025 Winter Nationals Qualifier,Senior Women Platform (Final),Final,65046,Devynn,Bishop,9,181.25,,Unattached,,2025,Winter-Nationals-Qualifier,Senior,Senior,Female,Platform,Senior Women Platform,false,false,,,,criteria-simulator/data.js
12067,2025 Winter Nationals Qualifier,Senior Women Platform (Final),Final,76836,Paulina,Nguyen,10,178.4,1054,Stanford Diving,,2025,Winter-Nationals-Qualifier,Senior,Senior,Female,Platform,Senior Women Platform,false,false,,,,criteria-simulator/data.js
12067,2025 Winter Nationals Qualifier,Senior Women Platform (Final),Final,60372,Christina,Xu,11,178.05,7284,Los Angeles Dive Club,,2025,Winter-Nationals-Qualifier,Senior,Senior,Female,Platform,Senior Women Platform,false,false,,,,criteria-simulator/data.js
12067,2025 Winter Nationals Qualifier,Senior Women Platform (Final),Final,76527,Ava,Sedlacek,12,177.25,5526,Coral Springs Diving,,2025,Winter-Nationals-Qualifier,Senior,Senior,Female,Platform,Senior Women Platform,false,false,,,,criteria-simulator/data.js
12067,2025 Winter Nationals Qualifier,Senior Women Platform (Final),Final,171603,Kendall,Guernsey,13,171.6,8404,Johansen Diving Academy,,2025,Winter-Nationals-Qualifier,Senior,Senior,Female,Platform,Senior Women Platform,false,false,,,,criteria-simulator/data.js
12067,2025 Winter Nationals Qualifier,Senior Women Platform (Final),Final,46014,Jocelyn,Brooks,14,163.95,1294,Pitt Aquatic Club,,2025,Winter-Nationals-Qualifier,Senior,Senior,Female,Platform,Senior Women Platform,false,false,,,,criteria-simulator/data.js
12067,2025 Winter Nationals Qualifier,Senior Women Platform (Final),Final,66737,Teagan,Mulbury,15,159.4,5532,RipFest,,2025,Winter-Nationals-Qualifier,Senior,Senior,Female,Platform,Senior Women Platform,false,false,,,,criteria-simulator/data.js
12067,2025 Winter Nationals Qualifier,Senior Women Platform (Final),Final,37366,Kaitlin,Simons,16,157.05,7215,Purdue Diving,,2025,Winter-Nationals-Qualifier,Senior,Senior,Female,Platform,Senior Women Platform,false,false,,,,criteria-simulator/data.js
12067,2025 Winter Nationals Qualifier,Senior Women Platform (Final),Final,85654,Katherine,Saenz,17,86.6,1018,Sun Devil Divers,,2025,Winter-Nationals-Qualifier,Senior,Senior,Female,Platform,Senior Women Platform,false,false,,,,criteria-simulator/data.js
12067,2025 Winter Nationals Qualifier,Senior Men 3m (Final),Final,46196,Talan,Blackmon,1,331.9,,Unattached,,2025,Winter-Nationals-Qualifier,Senior,Senior,Male,3M,Senior Men 3M,false,false,,,,criteria-simulator/data.js
12067,2025 Winter Nationals Qualifier,Senior Men 3m (Final),Final,80186,Andrew,Bell,2,329.35,5532,RipFest,,2025,Winter-Nationals-Qualifier,Senior,Senior,Male,3M,Senior Men 3M,false,false,,,,criteria-simulator/data.js
12067,2025 Winter Nationals Qualifier,Senior Men 3m (Final),Final,73432,Lucas,Gerten,3,325.95,,Unattached,,2025,Winter-Nationals-Qualifier,Senior,Senior,Male,3M,Senior Men 3M,false,false,,,,criteria-simulator/data.js
12067,2025 Winter Nationals Qualifier,Senior Men 3m (Final),Final,38657,Chase,Marafioto,4,310.75,1294,Pitt Aquatic Club,,2025,Winter-Nationals-Qualifier,Senior,Senior,Male,3M,Senior Men 3M,false,false,,,,criteria-simulator/data.js
12067,2025 Winter Nationals Qualifier,Senior Men 3m (Final),Final,46750,Grant,Schneider,5,309.25,1043,Mission Viejo Nadadores Dive,,2025,Winter-Nationals-Qualifier,Senior,Senior,Male,3M,Senior Men 3M,false,false,,,,criteria-simulator/data.js
12067,2025 Winter Nationals Qualifier,Senior Men 3m (Final),Final,53348,Chase,Sorosky,6,308.75,5366,East Valley Dive Club,,2025,Winter-Nationals-Qualifier,Senior,Senior,Male,3M,Senior Men 3M,false,false,,,,criteria-simulator/data.js
12067,2025 Winter Nationals Qualifier,Senior Men 3m (Final),Final,62728,Jacob,Schade,7,308.65,,Unattached,,2025,Winter-Nationals-Qualifier,Senior,Senior,Male,3M,Senior Men 3M,false,false,,,,criteria-simulator/data.js
12067,2025 Winter Nationals Qualifier,Senior Men 3m (Final),Final,55911,Ray,Preas,8,305.45,,Unattached,,2025,Winter-Nationals-Qualifier,Senior,Senior,Male,3M,Senior Men 3M,false,false,,,,criteria-simulator/data.js
12067,2025 Winter Nationals Qualifier,Senior Men 3m (Final),Final,67483,Noah,Stasik,9,298.05,7855,Orlando Dive Academy,,2025,Winter-Nationals-Qualifier,Senior,Senior,Male,3M,Senior Men 3M,false,false,,,,criteria-simulator/data.js
12067,2025 Winter Nationals Qualifier,Senior Men 3m (Final),Final,102148,Jack,Bessire,10,285.75,,Unattached,,2025,Winter-Nationals-Qualifier,Senior,Senior,Male,3M,Senior Men 3M,false,false,,,,criteria-simulator/data.js
12067,2025 Winter Nationals Qualifier,Senior Men 3m (Final),Final,43709,Colin,Agor,11,282.8,,Unattached,,2025,Winter-Nationals-Qualifier,Senior,Senior,Male,3M,Senior Men 3M,false,false,,,,criteria-simulator/data.js
12067,2025 Winter Nationals Qualifier,Senior Men 3m (Final),Final,54755,Edwin,Odom,12,281.5,9798,Tennesse Aquatics Diving,,2025,Winter-Nationals-Qualifier,Senior,Senior,Male,3M,Senior Men 3M,false,false,,,,criteria-simulator/data.js
12067,2025 Winter Nationals Qualifier,Senior Men 3m (Final),Final,46809,Lane,Stallworth,13,280.3,,Unattached,,2025,Winter-Nationals-Qualifier,Senior,Senior,Male,3M,Senior Men 3M,false,false,,,,criteria-simulator/data.js
12067,2025 Winter Nationals Qualifier,Senior Men 3m (Final),Final,39085,Mack,Molloy,14,279.1,,Unattached,,2025,Winter-Nationals-Qualifier,Senior,Senior,Male,3M,Senior Men 3M,false,false,,,,criteria-simulator/data.js
12067,2025 Winter Nationals Qualifier,Senior Men 3m (Final),Final,56936,George,Shannon,15,277.3,1171,Montgomery Dive Club,,2025,Winter-Nationals-Qualifier,Senior,Senior,Male,3M,Senior Men 3M,false,false,,,,criteria-simulator/data.js
12067,2025 Winter Nationals Qualifier,Senior Men 3m (Final),Final,77420,Zachary,Shaddy,16,273.2,,Unattached,,2025,Winter-Nationals-Qualifier,Senior,Senior,Male,3M,Senior Men 3M,false,false,,,,criteria-simulator/data.js
12067,2025 Winter Nationals Qualifier,Senior Men 3m (Final),Final,74309,Cullen,Kemp,17,260.25,8037,Dallas Metroplex Diving,,2025,Winter-Nationals-Qualifier,Senior,Senior,Male,3M,Senior Men 3M,false,false,,,,criteria-simulator/data.js
12067,2025 Winter Nationals Qualifier,Senior Men 3m (Final),Final,76230,Jack,Sparks,18,248.9,,Unattached,,2025,Winter-Nationals-Qualifier,Senior,Senior,Male,3M,Senior Men 3M,false,false,,,,criteria-simulator/data.js
12067,2025 Winter Nationals Qualifier,Senior Men 3m (Final),Final,68328,Landon,Isler,19,243.75,8432,Cincinnati Diving Academy,,2025,Winter-Nationals-Qualifier,Senior,Senior,Male,3M,Senior Men 3M,false,false,,,,criteria-simulator/data.js
12067,2025 Winter Nationals Qualifier,Senior Men 3m (Final),Final,50316,Rock,Sweet,20,243.3,,Unattached,,2025,Winter-Nationals-Qualifier,Senior,Senior,Male,3M,Senior Men 3M,false,false,,,,criteria-simulator/data.js
12067,2025 Winter Nationals Qualifier,Senior Men 3m (Final),Final,80196,Christopher,Buonocore,21,236.6,,Unattached,,2025,Winter-Nationals-Qualifier,Senior,Senior,Male,3M,Senior Men 3M,false,false,,,,criteria-simulator/data.js
12067,2025 Winter Nationals Qualifier,Senior Men 3m (Final),Final,74403,Bennett,Ward,22,231.5,1065,Mile High Dive Club,,2025,Winter-Nationals-Qualifier,Senior,Senior,Male,3M,Senior Men 3M,false,false,,,,criteria-simulator/data.js
12067,2025 Winter Nationals Qualifier,Senior Men 3m (Final),Final,55912,Oscar,Preas,23,230.5,1320,GC Diving,,2025,Winter-Nationals-Qualifier,Senior,Senior,Male,3M,Senior Men 3M,false,false,,,,criteria-simulator/data.js
12067,2025 Winter Nationals Qualifier,Senior Men 3m (Final),Final,169414,Dennis,Kolesnikov,24,226.4,1065,Mile High Dive Club,,2025,Winter-Nationals-Qualifier,Senior,Senior,Male,3M,Senior Men 3M,false,false,,,,criteria-simulator/data.js
12067,2025 Winter Nationals Qualifier,Senior Men 3m (Final),Final,67277,Carter,Bachman,25,224.4,1065,Mile High Dive Club,,2025,Winter-Nationals-Qualifier,Senior,Senior,Male,3M,Senior Men 3M,false,false,,,,criteria-simulator/data.js
12067,2025 Winter Nationals Qualifier,Senior Men 3m (Final),Final,63024,Henry,Palmquist,26,214.55,1065,Mile High Dive Club,,2025,Winter-Nationals-Qualifier,Senior,Senior,Male,3M,Senior Men 3M,false,false,,,,criteria-simulator/data.js
12067,2025 Winter Nationals Qualifier,Senior Men 3m (Final),Final,73217,Tyler,Bobadilla,27,214.45,1157,Kentucky Diving Club,,2025,Winter-Nationals-Qualifier,Senior,Senior,Male,3M,Senior Men 3M,false,false,,,,criteria-simulator/data.js
12067,2025 Winter Nationals Qualifier,Senior Men 3m (Final),Final,59137,Dylan,Zimsky,28,204.6,1171,Montgomery Dive Club,,2025,Winter-Nationals-Qualifier,Senior,Senior,Male,3M,Senior Men 3M,false,false,,,,criteria-simulator/data.js
12067,2025 Winter Nationals Qualifier,Senior Men 3m (Final),Final,73652,Evan,Stingley,29,195.6,,Unattached,,2025,Winter-Nationals-Qualifier,Senior,Senior,Male,3M,Senior Men 3M,false,false,,,,criteria-simulator/data.js
12067,2025 Winter Nationals Qualifier,Senior Men 3m (Final),Final,67342,Andrew,Garrison,30,193.9,1065,Mile High Dive Club,,2025,Winter-Nationals-Qualifier,Senior,Senior,Male,3M,Senior Men 3M,false,false,,,,criteria-simulator/data.js
12067,2025 Winter Nationals Qualifier,Senior Men 3m (Final),Final,73078,Garrett,Bailey,31,190.35,9798,Tennesse Aquatics Diving,,2025,Winter-Nationals-Qualifier,Senior,Senior,Male,3M,Senior Men 3M,false,false,,,,criteria-simulator/data.js
12067,2025 Winter Nationals Qualifier,Senior Men 3m (Final),Final,49533,Maxwell,Shaver,32,188.9,,Unattached,,2025,Winter-Nationals-Qualifier,Senior,Senior,Male,3M,Senior Men 3M,false,false,,,,criteria-simulator/data.js
12067,2025 Winter Nationals Qualifier,Senior Men 3m (Final),Final,75485,Andy,Williamson,33,186.3,8393,NC Diving Club,,2025,Winter-Nationals-Qualifier,Senior,Senior,Male,3M,Senior Men 3M,false,false,,,,criteria-simulator/data.js
12067,2025 Winter Nationals Qualifier,Senior Women 3m (Final),Final,51141,Marleigh,Dasilva,1,247.7,2423,Dominion Dive Club,,2025,Winter-Nationals-Qualifier,Senior,Senior,Female,3M,Senior Women 3M,false,false,,,,criteria-simulator/data.js
12067,2025 Winter Nationals Qualifier,Senior Women 3m (Final),Final,53351,Emilie,Moore,2,242.35,,Unattached,,2025,Winter-Nationals-Qualifier,Senior,Senior,Female,3M,Senior Women 3M,false,false,,,,criteria-simulator/data.js
12067,2025 Winter Nationals Qualifier,Senior Women 3m (Final),Final,45524,Rachel,Dickerson,3,240.95,1294,Pitt Aquatic Club,,2025,Winter-Nationals-Qualifier,Senior,Senior,Female,3M,Senior Women 3M,false,false,,,,criteria-simulator/data.js
12067,2025 Winter Nationals Qualifier,Senior Women 3m (Final),Final,67336,Mia,Henninger,4,233.8,,Unattached,,2025,Winter-Nationals-Qualifier,Senior,Senior,Female,3M,Senior Women 3M,false,false,,,,criteria-simulator/data.js
12067,2025 Winter Nationals Qualifier,Senior Women 3m (Final),Final,65046,Devynn,Bishop,5,222.4,,Unattached,,2025,Winter-Nationals-Qualifier,Senior,Senior,Female,3M,Senior Women 3M,false,false,,,,criteria-simulator/data.js
12067,2025 Winter Nationals Qualifier,Senior Women 3m (Final),Final,45556,Sammantha,Helmboldt,6,222.0,,Unattached,,2025,Winter-Nationals-Qualifier,Senior,Senior,Female,3M,Senior Women 3M,false,false,,,,criteria-simulator/data.js
12067,2025 Winter Nationals Qualifier,Senior Women 3m (Final),Final,65143,Reilly,Stebbins,7,218.1,7284,Los Angeles Dive Club,,2025,Winter-Nationals-Qualifier,Senior,Senior,Female,3M,Senior Women 3M,false,false,,,,criteria-simulator/data.js
12067,2025 Winter Nationals Qualifier,Senior Women 3m (Final),Final,56818,Kanah,Pumphrey,8,217.15,8654,Razorback Diving Academy,,2025,Winter-Nationals-Qualifier,Senior,Senior,Female,3M,Senior Women 3M,false,false,,,,criteria-simulator/data.js
12067,2025 Winter Nationals Qualifier,Senior Women 3m (Final),Final,51804,Mallory,Worobel,9,214.45,5345,The Indiana International School of Diving,,2025,Winter-Nationals-Qualifier,Senior,Senior,Female,3M,Senior Women 3M,false,false,,,,criteria-simulator/data.js
12067,2025 Winter Nationals Qualifier,Senior Women 3m (Final),Final,50925,Grace,Walker,10,213.65,5532,RipFest,,2025,Winter-Nationals-Qualifier,Senior,Senior,Female,3M,Senior Women 3M,false,false,,,,criteria-simulator/data.js
12067,2025 Winter Nationals Qualifier,Senior Women 3m (Final),Final,73549,Adeline,Albrecht,11,209.95,,Unattached,,2025,Winter-Nationals-Qualifier,Senior,Senior,Female,3M,Senior Women 3M,false,false,,,,criteria-simulator/data.js
12067,2025 Winter Nationals Qualifier,Senior Women 3m (Final),Final,65715,Mia,Delgado,12,208.5,8393,NC Diving Club,,2025,Winter-Nationals-Qualifier,Senior,Senior,Female,3M,Senior Women 3M,false,false,,,,criteria-simulator/data.js
12067,2025 Winter Nationals Qualifier,Senior Women 3m (Final),Final,75205,Addison,Farman,13,205.6,,Unattached,,2025,Winter-Nationals-Qualifier,Senior,Senior,Female,3M,Senior Women 3M,false,false,,,,criteria-simulator/data.js
12067,2025 Winter Nationals Qualifier,Senior Women 3m (Final),Final,74886,Elise,Koehler,14,204.35,1065,Mile High Dive Club,,2025,Winter-Nationals-Qualifier,Senior,Senior,Female,3M,Senior Women 3M,false,false,,,,criteria-simulator/data.js
12067,2025 Winter Nationals Qualifier,Senior Women 3m (Final),Final,53797,Emma,Rhines,15,204.0,,Unattached,,2025,Winter-Nationals-Qualifier,Senior,Senior,Female,3M,Senior Women 3M,false,false,,,,criteria-simulator/data.js
12067,2025 Winter Nationals Qualifier,Senior Women 3m (Final),Final,63424,Elle,Jolley,16,202.1,2502,Carolina Diving Academy,,2025,Winter-Nationals-Qualifier,Senior,Senior,Female,3M,Senior Women 3M,false,false,,,,criteria-simulator/data.js
12067,2025 Winter Nationals Qualifier,Senior Women 3m (Final),Final,30542,Julia,Herring,17,197.75,9954,Badger Diving Academy,,2025,Winter-Nationals-Qualifier,Senior,Senior,Female,3M,Senior Women 3M,false,false,,,,criteria-simulator/data.js
12067,2025 Winter Nationals Qualifier,Senior Women 3m (Final),Final,81074,Riley,Steinhilber,18,195.1,1018,Sun Devil Divers,,2025,Winter-Nationals-Qualifier,Senior,Senior,Female,3M,Senior Women 3M,false,false,,,,criteria-simulator/data.js
12067,2025 Winter Nationals Qualifier,Senior Women 3m (Final),Final,64652,Addyson,Thalinger,19,194.15,8393,NC Diving Club,,2025,Winter-Nationals-Qualifier,Senior,Senior,Female,3M,Senior Women 3M,false,false,,,,criteria-simulator/data.js
12067,2025 Winter Nationals Qualifier,Senior Women 3m (Final),Final,77069,Sydney,Guidara,20,192.15,,Unattached,,2025,Winter-Nationals-Qualifier,Senior,Senior,Female,3M,Senior Women 3M,false,false,,,,criteria-simulator/data.js
12067,2025 Winter Nationals Qualifier,Senior Women 3m (Final),Final,93617,Hadley,Laughlin,21,188.4,8404,Johansen Diving Academy,,2025,Winter-Nationals-Qualifier,Senior,Senior,Female,3M,Senior Women 3M,false,false,,,,criteria-simulator/data.js
12067,2025 Winter Nationals Qualifier,Senior Women 3m (Final),Final,77206,Adelyn,Flessner,22,187.2,5532,RipFest,,2025,Winter-Nationals-Qualifier,Senior,Senior,Female,3M,Senior Women 3M,false,false,,,,criteria-simulator/data.js
12067,2025 Winter Nationals Qualifier,Senior Women 3m (Final),Final,46014,Jocelyn,Brooks,23,179.7,1294,Pitt Aquatic Club,,2025,Winter-Nationals-Qualifier,Senior,Senior,Female,3M,Senior Women 3M,false,false,,,,criteria-simulator/data.js
12067,2025 Winter Nationals Qualifier,Senior Women 3m (Final),Final,60907,Kristy,Pfaff,24,176.55,,Unattached,,2025,Winter-Nationals-Qualifier,Senior,Senior,Female,3M,Senior Women 3M,false,false,,,,criteria-simulator/data.js
12067,2025 Winter Nationals Qualifier,Senior Women 3m (Final),Final,76836,Paulina,Nguyen,25,174.8,1054,Stanford Diving,,2025,Winter-Nationals-Qualifier,Senior,Senior,Female,3M,Senior Women 3M,false,false,,,,criteria-simulator/data.js
12067,2025 Winter Nationals Qualifier,Senior Women 3m (Final),Final,47525,Iris,Burns-Trahanovsky,26,171.75,1333,Longhorn Aquatics,,2025,Winter-Nationals-Qualifier,Senior,Senior,Female,3M,Senior Women 3M,false,false,,,,criteria-simulator/data.js
12067,2025 Winter Nationals Qualifier,Senior Women 3m (Final),Final,64747,Sarah,Griffith,27,171.0,9798,Tennesse Aquatics Diving,,2025,Winter-Nationals-Qualifier,Senior,Senior,Female,3M,Senior Women 3M,false,false,,,,criteria-simulator/data.js
12067,2025 Winter Nationals Qualifier,Senior Women 3m (Final),Final,170782,Audree,Brazeau-howes,28,168.25,,Unattached,,2025,Winter-Nationals-Qualifier,Senior,Senior,Female,3M,Senior Women 3M,false,false,,,,criteria-simulator/data.js
12067,2025 Winter Nationals Qualifier,Senior Women 3m (Final),Final,59765,Reagan,Leckner,29,167.25,2502,Carolina Diving Academy,,2025,Winter-Nationals-Qualifier,Senior,Senior,Female,3M,Senior Women 3M,false,false,,,,criteria-simulator/data.js
12067,2025 Winter Nationals Qualifier,Senior Women 3m (Final),Final,54075,Mary,Kate Cavanaugh,30,162.6,8404,Johansen Diving Academy,,2025,Winter-Nationals-Qualifier,Senior,Senior,Female,3M,Senior Women 3M,false,false,,,,criteria-simulator/data.js
12067,2025 Winter Nationals Qualifier,Senior Women 3m (Final),Final,80736,Lyra,Moran,31,159.4,1065,Mile High Dive Club,,2025,Winter-Nationals-Qualifier,Senior,Senior,Female,3M,Senior Women 3M,false,false,,,,criteria-simulator/data.js
12067,2025 Winter Nationals Qualifier,Senior Women 3m (Final),Final,102026,Victoria,Olmeda,32,157.85,8037,Dallas Metroplex Diving,,2025,Winter-Nationals-Qualifier,Senior,Senior,Female,3M,Senior Women 3M,false,false,,,,criteria-simulator/data.js
12067,2025 Winter Nationals Qualifier,Senior Women 3m (Final),Final,65138,James,Jones,33,155.75,8404,Johansen Diving Academy,,2025,Winter-Nationals-Qualifier,Senior,Senior,Female,3M,Senior Women 3M,false,false,,,,criteria-simulator/data.js
12067,2025 Winter Nationals Qualifier,Senior Women 3m (Final),Final,54785,Chloe,Perkins,34,152.45,,Unattached,,2025,Winter-Nationals-Qualifier,Senior,Senior,Female,3M,Senior Women 3M,false,false,,,,criteria-simulator/data.js
12067,2025 Winter Nationals Qualifier,Senior Women 3m (Final),Final,102831,Avalon,Johnson,35,151.2,1065,Mile High Dive Club,,2025,Winter-Nationals-Qualifier,Senior,Senior,Female,3M,Senior Women 3M,false,false,,,,criteria-simulator/data.js
12067,2025 Winter Nationals Qualifier,Senior Women 3m (Final),Final,102297,Mia,Williams,36,130.9,1065,Mile High Dive Club,,2025,Winter-Nationals-Qualifier,Senior,Senior,Female,3M,Senior Women 3M,false,false,,,,criteria-simulator/data.js
12067,2025 Winter Nationals Qualifier,Senior Women 3m (Final),Final,80292,Kelsey,Clairmont,,239.9,,Unattached,,2025,Winter-Nationals-Qualifier,Senior,Senior,Female,3M,Senior Women 3M,false,false,,,,criteria-simulator/data.js
12067,2025 Winter Nationals Qualifier,Senior Women 3m (Final),Final,173641,Zalika,Methula,,134.45,,Unattached,,2025,Winter-Nationals-Qualifier,Senior,Senior,Female,3M,Senior Women 3M,false,false,,,,criteria-simulator/data.js
12067,2025 Winter Nationals Qualifier,Senior Men 1m (Final),Final,80186,Andrew,Bell,1,336.45,5532,RipFest,,2025,Winter-Nationals-Qualifier,Senior,Senior,Male,1M,Senior Men 1M,false,false,,,,criteria-simulator/data.js
12067,2025 Winter Nationals Qualifier,Senior Men 1m (Final),Final,77420,Zachary,Shaddy,2,316.1,,Unattached,,2025,Winter-Nationals-Qualifier,Senior,Senior,Male,1M,Senior Men 1M,false,false,,,,criteria-simulator/data.js
12067,2025 Winter Nationals Qualifier,Senior Men 1m (Final),Final,73432,Lucas,Gerten,3,312.6,,Unattached,,2025,Winter-Nationals-Qualifier,Senior,Senior,Male,1M,Senior Men 1M,false,false,,,,criteria-simulator/data.js
12067,2025 Winter Nationals Qualifier,Senior Men 1m (Final),Final,43925,Bo,Bridges,4,311.35,,Unattached,,2025,Winter-Nationals-Qualifier,Senior,Senior,Male,1M,Senior Men 1M,false,false,,,,criteria-simulator/data.js
12067,2025 Winter Nationals Qualifier,Senior Men 1m (Final),Final,102148,Jack,Bessire,5,308.5,,Unattached,,2025,Winter-Nationals-Qualifier,Senior,Senior,Male,1M,Senior Men 1M,false,false,,,,criteria-simulator/data.js
12067,2025 Winter Nationals Qualifier,Senior Men 1m (Final),Final,39085,Mack,Molloy,6,299.15,,Unattached,,2025,Winter-Nationals-Qualifier,Senior,Senior,Male,1M,Senior Men 1M,false,false,,,,criteria-simulator/data.js
12067,2025 Winter Nationals Qualifier,Senior Men 1m (Final),Final,76230,Jack,Sparks,7,289.6,,Unattached,,2025,Winter-Nationals-Qualifier,Senior,Senior,Male,1M,Senior Men 1M,false,false,,,,criteria-simulator/data.js
12067,2025 Winter Nationals Qualifier,Senior Men 1m (Final),Final,46750,Grant,Schneider,8,279.5,1043,Mission Viejo Nadadores Dive,,2025,Winter-Nationals-Qualifier,Senior,Senior,Male,1M,Senior Men 1M,false,false,,,,criteria-simulator/data.js
12067,2025 Winter Nationals Qualifier,Senior Men 1m (Final),Final,49533,Maxwell,Shaver,9,277.4,,Unattached,,2025,Winter-Nationals-Qualifier,Senior,Senior,Male,1M,Senior Men 1M,false,false,,,,criteria-simulator/data.js
12067,2025 Winter Nationals Qualifier,Senior Men 1m (Final),Final,46809,Lane,Stallworth,10,272.45,,Unattached,,2025,Winter-Nationals-Qualifier,Senior,Senior,Male,1M,Senior Men 1M,false,false,,,,criteria-simulator/data.js
12067,2025 Winter Nationals Qualifier,Senior Men 1m (Final),Final,62728,Jacob,Schade,11,256.15,,Unattached,,2025,Winter-Nationals-Qualifier,Senior,Senior,Male,1M,Senior Men 1M,false,false,,,,criteria-simulator/data.js
12067,2025 Winter Nationals Qualifier,Senior Men 1m (Final),Final,68328,Landon,Isler,12,248.5,8432,Cincinnati Diving Academy,,2025,Winter-Nationals-Qualifier,Senior,Senior,Male,1M,Senior Men 1M,false,false,,,,criteria-simulator/data.js
12067,2025 Winter Nationals Qualifier,Senior Men 1m (Final),Final,73217,Tyler,Bobadilla,13,246.75,1157,Kentucky Diving Club,,2025,Winter-Nationals-Qualifier,Senior,Senior,Male,1M,Senior Men 1M,false,false,,,,criteria-simulator/data.js
12067,2025 Winter Nationals Qualifier,Senior Men 1m (Final),Final,55912,Oscar,Preas,14,240.0,1320,GC Diving,,2025,Winter-Nationals-Qualifier,Senior,Senior,Male,1M,Senior Men 1M,false,false,,,,criteria-simulator/data.js
12067,2025 Winter Nationals Qualifier,Senior Men 1m (Final),Final,50316,Rock,Sweet,14,240.0,,Unattached,,2025,Winter-Nationals-Qualifier,Senior,Senior,Male,1M,Senior Men 1M,false,false,,,,criteria-simulator/data.js
12067,2025 Winter Nationals Qualifier,Senior Men 1m (Final),Final,67342,Andrew,Garrison,16,234.65,1065,Mile High Dive Club,,2025,Winter-Nationals-Qualifier,Senior,Senior,Male,1M,Senior Men 1M,false,false,,,,criteria-simulator/data.js
12067,2025 Winter Nationals Qualifier,Senior Men 1m (Final),Final,54755,Edwin,Odom,17,233.15,9798,Tennesse Aquatics Diving,,2025,Winter-Nationals-Qualifier,Senior,Senior,Male,1M,Senior Men 1M,false,false,,,,criteria-simulator/data.js
12067,2025 Winter Nationals Qualifier,Senior Men 1m (Final),Final,74309,Cullen,Kemp,18,231.25,8037,Dallas Metroplex Diving,,2025,Winter-Nationals-Qualifier,Senior,Senior,Male,1M,Senior Men 1M,false,false,,,,criteria-simulator/data.js
12067,2025 Winter Nationals Qualifier,Senior Men 1m (Final),Final,80196,Christopher,Buonocore,19,215.95,,Unattached,,2025,Winter-Nationals-Qualifier,Senior,Senior,Male,1M,Senior Men 1M,false,false,,,,criteria-simulator/data.js
12067,2025 Winter Nationals Qualifier,Senior Men 1m (Final),Final,169414,Dennis,Kolesnikov,20,215.5,1065,Mile High Dive Club,,2025,Winter-Nationals-Qualifier,Senior,Senior,Male,1M,Senior Men 1M,false,false,,,,criteria-simulator/data.js
12067,2025 Winter Nationals Qualifier,Senior Men 1m (Final),Final,75485,Andy,Williamson,21,215.25,8393,NC Diving Club,,2025,Winter-Nationals-Qualifier,Senior,Senior,Male,1M,Senior Men 1M,false,false,,,,criteria-simulator/data.js
12067,2025 Winter Nationals Qualifier,Senior Men 1m (Final),Final,73078,Garrett,Bailey,22,209.9,9798,Tennesse Aquatics Diving,,2025,Winter-Nationals-Qualifier,Senior,Senior,Male,1M,Senior Men 1M,false,false,,,,criteria-simulator/data.js
12067,2025 Winter Nationals Qualifier,Senior Men 1m (Final),Final,67277,Carter,Bachman,23,206.3,1065,Mile High Dive Club,,2025,Winter-Nationals-Qualifier,Senior,Senior,Male,1M,Senior Men 1M,false,false,,,,criteria-simulator/data.js
12067,2025 Winter Nationals Qualifier,Senior Men Platform (Final),Final,75517,Jasper,Nemeth,1,312.45,7284,Los Angeles Dive Club,,2025,Winter-Nationals-Qualifier,Senior,Senior,Male,Platform,Senior Men Platform,false,false,,,,criteria-simulator/data.js
12067,2025 Winter Nationals Qualifier,Senior Men Platform (Final),Final,55911,Ray,Preas,2,304.75,,Unattached,,2025,Winter-Nationals-Qualifier,Senior,Senior,Male,Platform,Senior Men Platform,false,false,,,,criteria-simulator/data.js
12067,2025 Winter Nationals Qualifier,Senior Men Platform (Final),Final,50316,Rock,Sweet,3,264.8,,Unattached,,2025,Winter-Nationals-Qualifier,Senior,Senior,Male,Platform,Senior Men Platform,false,false,,,,criteria-simulator/data.js
12067,2025 Winter Nationals Qualifier,Senior Men Platform (Final),Final,74403,Bennett,Ward,4,262.45,1065,Mile High Dive Club,,2025,Winter-Nationals-Qualifier,Senior,Senior,Male,Platform,Senior Men Platform,false,false,,,,criteria-simulator/data.js
12067,2025 Winter Nationals Qualifier,Senior Men Platform (Final),Final,73652,Evan,Stingley,5,258.3,,Unattached,,2025,Winter-Nationals-Qualifier,Senior,Senior,Male,Platform,Senior Men Platform,false,false,,,,criteria-simulator/data.js
12067,2025 Winter Nationals Qualifier,Senior Men Platform (Final),Final,68328,Landon,Isler,6,237.0,8432,Cincinnati Diving Academy,,2025,Winter-Nationals-Qualifier,Senior,Senior,Male,Platform,Senior Men Platform,false,false,,,,criteria-simulator/data.js
12067,2025 Winter Nationals Qualifier,Senior Men Platform (Final),Final,74309,Cullen,Kemp,7,231.25,8037,Dallas Metroplex Diving,,2025,Winter-Nationals-Qualifier,Senior,Senior,Male,Platform,Senior Men Platform,false,false,,,,criteria-simulator/data.js
12067,2025 Winter Nationals Qualifier,Senior Men Platform (Final),Final,63024,Henry,Palmquist,8,208.5,1065,Mile High Dive Club,,2025,Winter-Nationals-Qualifier,Senior,Senior,Male,Platform,Senior Men Platform,false,false,,,,criteria-simulator/data.js
11523,2025 NCAA Div I Mens Swimming and Diving Championships,Senior Men 1m (Prelim),Prelim,44506,Quentin,Henninger,1,408.8,1136,"Indiana University, Bloomington",,2025,NCAA-Championships,Senior/Open,,Male,1M,Senior Men 1M,false,false,,,,criteria-simulator/data.js
11523,2025 NCAA Div I Mens Swimming and Diving Championships,Senior Men 1m (Prelim),Prelim,38444,Jack,Ryan,2,390.4,2305,Stanford University,,2025,NCAA-Championships,Senior/Open,,Male,1M,Senior Men 1M,false,false,,,,criteria-simulator/data.js
11523,2025 NCAA Div I Mens Swimming and Diving Championships,Senior Men 1m (Prelim),Prelim,171039,Moritz,Wesemann,3,376.0,2941,University of Southern California,,2025,NCAA-Championships,Senior/Open,,Male,1M,Senior Men 1M,false,false,,,,criteria-simulator/data.js
11523,2025 NCAA Div I Mens Swimming and Diving Championships,Senior Men 1m (Prelim),Prelim,38863,Max,Fowler,4,374.0,2861,Georgia Institute of Technology,,2025,NCAA-Championships,Senior/Open,,Male,1M,Senior Men 1M,false,false,,,,criteria-simulator/data.js
11523,2025 NCAA Div I Mens Swimming and Diving Championships,Senior Men 1m (Prelim),Prelim,59909,Luke,Sitz,5,372.3,2701,Southern Methodist University,,2025,NCAA-Championships,Senior/Open,,Male,1M,Senior Men 1M,false,false,,,,criteria-simulator/data.js
11523,2025 NCAA Div I Mens Swimming and Diving Championships,Senior Men 1m (Prelim),Prelim,23733,Maxwell,Flory,6,365.45,1102,University of Miami,,2025,NCAA-Championships,Senior/Open,,Male,1M,Senior Men 1M,false,false,,,,criteria-simulator/data.js
11523,2025 NCAA Div I Mens Swimming and Diving Championships,Senior Men 1m (Prelim),Prelim,40283,Jordan,Rzepka,7,358.7,2142,Purdue University,,2025,NCAA-Championships,Senior/Open,,Male,1M,Senior Men 1M,false,false,,,,criteria-simulator/data.js
11523,2025 NCAA Div I Mens Swimming and Diving Championships,Senior Men 1m (Prelim),Prelim,81968,Elias,Petersen,8,358.5,2282,University of Utah,,2025,NCAA-Championships,Senior/Open,,Male,1M,Senior Men 1M,false,false,,,,criteria-simulator/data.js
11523,2025 NCAA Div I Mens Swimming and Diving Championships,Senior Men 1m (Prelim),Prelim,36090,Maxwell,Miller,9,358.1,2142,Purdue University,,2025,NCAA-Championships,Senior/Open,,Male,1M,Senior Men 1M,false,false,,,,criteria-simulator/data.js
11523,2025 NCAA Div I Mens Swimming and Diving Championships,Senior Men 1m (Prelim),Prelim,38973,Carson,Tyler,10,353.0,1136,"Indiana University, Bloomington",,2025,NCAA-Championships,Senior/Open,,Male,1M,Senior Men 1M,false,false,,,,criteria-simulator/data.js
11523,2025 NCAA Div I Mens Swimming and Diving Championships,Senior Men 1m (Prelim),Prelim,36042,Bennett,Greene,11,349.25,2598,"University of Tennessee, Knoxville",,2025,NCAA-Championships,Senior/Open,,Male,1M,Senior Men 1M,false,false,,,,criteria-simulator/data.js
11523,2025 NCAA Div I Mens Swimming and Diving Championships,Senior Men 1m (Prelim),Prelim,37692,Nicholas,Harris,12,347.3,4141,The University of Texas,,2025,NCAA-Championships,Senior/Open,,Male,1M,Senior Men 1M,false,false,,,,criteria-simulator/data.js
11523,2025 NCAA Div I Mens Swimming and Diving Championships,Senior Men 1m (Prelim),Prelim,46723,Conor,Gesing,13,346.35,2575,University of Florida,,2025,NCAA-Championships,Senior/Open,,Male,1M,Senior Men 1M,false,false,,,,criteria-simulator/data.js
11523,2025 NCAA Div I Mens Swimming and Diving Championships,Senior Men 1m (Prelim),Prelim,65361,Collier,Dyer,14,344.85,2572,"University of Missouri, Columbia",,2025,NCAA-Championships,Senior/Open,,Male,1M,Senior Men 1M,false,false,,,,criteria-simulator/data.js
11523,2025 NCAA Div I Mens Swimming and Diving Championships,Senior Men 1m (Prelim),Prelim,42526,Gage,Dubois,15,341.85,2932,University of Arizona,,2025,NCAA-Championships,Senior/Open,,Male,1M,Senior Men 1M,false,false,,,,criteria-simulator/data.js
11523,2025 NCAA Div I Mens Swimming and Diving Championships,Senior Men 1m (Prelim),Prelim,74832,Shangfei,Wang,16,341.6,2941,University of Southern California,,2025,NCAA-Championships,Senior/Open,,Male,1M,Senior Men 1M,false,false,,,,criteria-simulator/data.js
11523,2025 NCAA Div I Mens Swimming and Diving Championships,Senior Men 1m (Prelim),Prelim,48515,Cameron,Cash,17,338.95,2303,University of Pittsburgh,,2025,NCAA-Championships,Senior/Open,,Male,1M,Senior Men 1M,false,false,,,,criteria-simulator/data.js
11523,2025 NCAA Div I Mens Swimming and Diving Championships,Senior Men 1m (Prelim),Prelim,46629,Zachary,Welsh,18,336.65,2142,Purdue University,,2025,NCAA-Championships,Senior/Open,,Male,1M,Senior Men 1M,false,false,,,,criteria-simulator/data.js
11523,2025 NCAA Div I Mens Swimming and Diving Championships,Senior Men 1m (Prelim),Prelim,51773,Rhett,Hensley,19,336.15,2693,"Texas AandM University, College Station",,2025,NCAA-Championships,Senior/Open,,Male,1M,Senior Men 1M,false,false,,,,criteria-simulator/data.js
11523,2025 NCAA Div I Mens Swimming and Diving Championships,Senior Men 1m (Prelim),Prelim,46805,Tyler,Read,20,333.9,2275,Ohio State University,,2025,NCAA-Championships,Senior/Open,,Male,1M,Senior Men 1M,false,false,,,,criteria-simulator/data.js
11523,2025 NCAA Div I Mens Swimming and Diving Championships,Senior Men 1m (Prelim),Prelim,74148,David,Ekdahl,21,331.5,2694,Texas Christian University,,2025,NCAA-Championships,Senior/Open,,Male,1M,Senior Men 1M,false,false,,,,criteria-simulator/data.js
11523,2025 NCAA Div I Mens Swimming and Diving Championships,Senior Men 1m (Prelim),Prelim,80186,Andrew,Bell,22,331.35,2738,University of MA Amherst,,2025,NCAA-Championships,Senior/Open,,Male,1M,Senior Men 1M,false,false,,,,criteria-simulator/data.js
11523,2025 NCAA Div I Mens Swimming and Diving Championships,Senior Men 1m (Prelim),Prelim,57151,Allen,Bottego III,23,327.2,2693,"Texas AandM University, College Station",,2025,NCAA-Championships,Senior/Open,,Male,1M,Senior Men 1M,false,false,,,,criteria-simulator/data.js
11523,2025 NCAA Div I Mens Swimming and Diving Championships,Senior Men 1m (Prelim),Prelim,63787,Cameron,Gammage,24,322.85,2358,University of Michigan,,2025,NCAA-Championships,Senior/Open,,Male,1M,Senior Men 1M,false,false,,,,criteria-simulator/data.js
11523,2025 NCAA Div I Mens Swimming and Diving Championships,Senior Men 1m (Prelim),Prelim,160461,Alejandro,Vazquez,25,322.4,2939,"University of Nevada, Las Vegas",,2025,NCAA-Championships,Senior/Open,,Male,1M,Senior Men 1M,false,false,,,,criteria-simulator/data.js
11523,2025 NCAA Div I Mens Swimming and Diving Championships,Senior Men 1m (Prelim),Prelim,102351,Yutong,Wang,26,321.9,2151,"University of Minnesota, Twin Cities",,2025,NCAA-Championships,Senior/Open,,Male,1M,Senior Men 1M,false,false,,,,criteria-simulator/data.js
11523,2025 NCAA Div I Mens Swimming and Diving Championships,Senior Men 1m (Prelim),Prelim,171592,Jesus,Gonzalez,27,313.9,2575,University of Florida,,2025,NCAA-Championships,Senior/Open,,Male,1M,Senior Men 1M,false,false,,,,criteria-simulator/data.js
11523,2025 NCAA Div I Mens Swimming and Diving Championships,Senior Men 1m (Prelim),Prelim,46912,Sebastian,Otero,28,303.5,9801,"Indiana University, Indianapolis",,2025,NCAA-Championships,Senior/Open,,Male,1M,Senior Men 1M,false,false,,,,criteria-simulator/data.js
11523,2025 NCAA Div I Mens Swimming and Diving Championships,Senior Men 1m (Prelim),Prelim,46760,Jacob,Jones,29,301.95,4141,The University of Texas,,2025,NCAA-Championships,Senior/Open,,Male,1M,Senior Men 1M,false,false,,,,criteria-simulator/data.js
11523,2025 NCAA Div I Mens Swimming and Diving Championships,Senior Men 1m (Prelim),Prelim,102379,Mario,Del Valle Jr,30,301.65,5430,California Baptist University,,2025,NCAA-Championships,Senior/Open,,Male,1M,Senior Men 1M,false,false,,,,criteria-simulator/data.js
11523,2025 NCAA Div I Mens Swimming and Diving Championships,Senior Men 1m (Prelim),Prelim,42787,Nicholas,Stone,31,297.7,2598,"University of Tennessee, Knoxville",,2025,NCAA-Championships,Senior/Open,,Male,1M,Senior Men 1M,false,false,,,,criteria-simulator/data.js
11523,2025 NCAA Div I Mens Swimming and Diving Championships,Senior Men 1m (Prelim),Prelim,80320,Renato,Calderaro,32,295.35,2168,University of Georgia,,2025,NCAA-Championships,Senior/Open,,Male,1M,Senior Men 1M,false,false,,,,criteria-simulator/data.js
11523,2025 NCAA Div I Mens Swimming and Diving Championships,Senior Men 1m (Prelim),Prelim,73601,Nathan,Cox,33,294.75,2380,Virginia Polytechnic Institute and State University,,2025,NCAA-Championships,Senior/Open,,Male,1M,Senior Men 1M,false,false,,,,criteria-simulator/data.js
11523,2025 NCAA Div I Mens Swimming and Diving Championships,Senior Men 1m (Prelim),Prelim,40067,Maxwell,Weinrich,34,293.5,1136,"Indiana University, Bloomington",,2025,NCAA-Championships,Senior/Open,,Male,1M,Senior Men 1M,false,false,,,,criteria-simulator/data.js
11523,2025 NCAA Div I Mens Swimming and Diving Championships,Senior Men 1m (Prelim),Prelim,46196,Talan,Blackmon,35,293.4,2300,Auburn University,,2025,NCAA-Championships,Senior/Open,,Male,1M,Senior Men 1M,false,false,,,,criteria-simulator/data.js
11523,2025 NCAA Div I Mens Swimming and Diving Championships,Senior Men 1m (Prelim),Prelim,64745,Andrew,Bennett,36,292.5,2151,"University of Minnesota, Twin Cities",,2025,NCAA-Championships,Senior/Open,,Male,1M,Senior Men 1M,false,false,,,,criteria-simulator/data.js
11523,2025 NCAA Div I Mens Swimming and Diving Championships,Senior Men 1m (Prelim),Prelim,50623,Aidan,Wang,37,287.65,2491,Princeton University,,2025,NCAA-Championships,Senior/Open,,Male,1M,Senior Men 1M,false,false,,,,criteria-simulator/data.js
11523,2025 NCAA Div I Mens Swimming and Diving Championships,Senior Men 1m (Prelim),Prelim,43065,Rowland,Lawver,38,287.55,2714,Brown University,,2025,NCAA-Championships,Senior/Open,,Male,1M,Senior Men 1M,false,false,,,,criteria-simulator/data.js
11523,2025 NCAA Div I Mens Swimming and Diving Championships,Senior Men 1m (Prelim),Prelim,39273,Peyton,Donald,39,287.5,2575,University of Florida,,2025,NCAA-Championships,Senior/Open,,Male,1M,Senior Men 1M,false,false,,,,criteria-simulator/data.js
11523,2025 NCAA Div I Mens Swimming and Diving Championships,Senior Men 1m (Prelim),Prelim,38657,Chase,Marafioto,40,277.0,2303,University of Pittsburgh,,2025,NCAA-Championships,Senior/Open,,Male,1M,Senior Men 1M,false,false,,,,criteria-simulator/data.js
11523,2025 NCAA Div I Mens Swimming and Diving Championships,Senior Men 1m (Prelim),Prelim,40708,Misha,Andriyuk,41,275.6,2305,Stanford University,,2025,NCAA-Championships,Senior/Open,,Male,1M,Senior Men 1M,false,false,,,,criteria-simulator/data.js
11523,2025 NCAA Div I Mens Swimming and Diving Championships,Senior Men 1m (Prelim),Prelim,40135,Samuel,Duncan,42,273.9,2306,University of Kentucky,,2025,NCAA-Championships,Senior/Open,,Male,1M,Senior Men 1M,false,false,,,,criteria-simulator/data.js
11523,2025 NCAA Div I Mens Swimming and Diving Championships,Senior Men 1m (Prelim),Prelim,33642,Matthew,Bray,43,267.8,2168,University of Georgia,,2025,NCAA-Championships,Senior/Open,,Male,1M,Senior Men 1M,false,false,,,,criteria-simulator/data.js
11523,2025 NCAA Div I Mens Swimming and Diving Championships,Senior Men 1m (Prelim),Prelim,46626,Jacob,Welsh,44,263.2,4141,The University of Texas,,2025,NCAA-Championships,Senior/Open,,Male,1M,Senior Men 1M,false,false,,,,criteria-simulator/data.js
11523,2025 NCAA Div I Mens Swimming and Diving Championships,Senior Men 1m (Prelim),Prelim,170662,Jaxon,Bowshire,45,263.15,2693,"Texas AandM University, College Station",,2025,NCAA-Championships,Senior/Open,,Male,1M,Senior Men 1M,false,false,,,,criteria-simulator/data.js
11523,2025 NCAA Div I Mens Swimming and Diving Championships,Senior Men 1m (Prelim),Prelim,43091,Rocky,Ramsland,46,226.25,2380,Virginia Polytechnic Institute and State University,,2025,NCAA-Championships,Senior/Open,,Male,1M,Senior Men 1M,false,false,,,,criteria-simulator/data.js
11523,2025 NCAA Div I Mens Swimming and Diving Championships,Senior Men 1m (Prelim),Prelim,170750,Noah,Bernard,47,224.0,2303,University of Pittsburgh,,2025,NCAA-Championships,Senior/Open,,Male,1M,Senior Men 1M,false,false,,,,criteria-simulator/data.js
11523,2025 NCAA Div I Mens Swimming and Diving Championships,Senior Men 1m (Prelim),Prelim,40195,Dash,Glasberg,48,222.5,1136,"Indiana University, Bloomington",,2025,NCAA-Championships,Senior/Open,,Male,1M,Senior Men 1M,false,false,,,,criteria-simulator/data.js
11523,2025 NCAA Div I Mens Swimming and Diving Championships,Senior Men 1m (Final),Final,44506,Quentin,Henninger,1,434.65,1136,"Indiana University, Bloomington",,2025,NCAA-Championships,Senior/Open,,Male,1M,Senior Men 1M,false,false,,,,criteria-simulator/data.js
11523,2025 NCAA Div I Mens Swimming and Diving Championships,Senior Men 1m (Final),Final,38444,Jack,Ryan,2,417.45,2305,Stanford University,,2025,NCAA-Championships,Senior/Open,,Male,1M,Senior Men 1M,false,false,,,,criteria-simulator/data.js
11523,2025 NCAA Div I Mens Swimming and Diving Championships,Senior Men 1m (Final),Final,171039,Moritz,Wesemann,3,404.3,2941,University of Southern California,,2025,NCAA-Championships,Senior/Open,,Male,1M,Senior Men 1M,false,false,,,,criteria-simulator/data.js
11523,2025 NCAA Div I Mens Swimming and Diving Championships,Senior Men 1m (Final),Final,81968,Elias,Petersen,4,389.25,2282,University of Utah,,2025,NCAA-Championships,Senior/Open,,Male,1M,Senior Men 1M,false,false,,,,criteria-simulator/data.js
11523,2025 NCAA Div I Mens Swimming and Diving Championships,Senior Men 1m (Final),Final,40283,Jordan,Rzepka,5,388.6,2142,Purdue University,,2025,NCAA-Championships,Senior/Open,,Male,1M,Senior Men 1M,false,false,,,,criteria-simulator/data.js
11523,2025 NCAA Div I Mens Swimming and Diving Championships,Senior Men 1m (Final),Final,38863,Max,Fowler,6,380.2,2861,Georgia Institute of Technology,,2025,NCAA-Championships,Senior/Open,,Male,1M,Senior Men 1M,false,false,,,,criteria-simulator/data.js
11523,2025 NCAA Div I Mens Swimming and Diving Championships,Senior Men 1m (Final),Final,59909,Luke,Sitz,7,367.85,2701,Southern Methodist University,,2025,NCAA-Championships,Senior/Open,,Male,1M,Senior Men 1M,false,false,,,,criteria-simulator/data.js
11523,2025 NCAA Div I Mens Swimming and Diving Championships,Senior Men 1m (Final),Final,23733,Maxwell,Flory,8,357.8,1102,University of Miami,,2025,NCAA-Championships,Senior/Open,,Male,1M,Senior Men 1M,false,false,,,,criteria-simulator/data.js
11523,2025 NCAA Div I Mens Swimming and Diving Championships,Senior Men 1m (Final),Final,38973,Carson,Tyler,1,432.75,1136,"Indiana University, Bloomington",,2025,NCAA-Championships,Senior/Open,,Male,1M,Senior Men 1M,false,false,,,,criteria-simulator/data.js
11523,2025 NCAA Div I Mens Swimming and Diving Championships,Senior Men 1m (Final),Final,37692,Nicholas,Harris,2,368.6,4141,The University of Texas,,2025,NCAA-Championships,Senior/Open,,Male,1M,Senior Men 1M,false,false,,,,criteria-simulator/data.js
11523,2025 NCAA Div I Mens Swimming and Diving Championships,Senior Men 1m (Final),Final,65361,Collier,Dyer,3,368.25,2572,"University of Missouri, Columbia",,2025,NCAA-Championships,Senior/Open,,Male,1M,Senior Men 1M,false,false,,,,criteria-simulator/data.js
11523,2025 NCAA Div I Mens Swimming and Diving Championships,Senior Men 1m (Final),Final,36090,Maxwell,Miller,4,359.4,2142,Purdue University,,2025,NCAA-Championships,Senior/Open,,Male,1M,Senior Men 1M,false,false,,,,criteria-simulator/data.js
11523,2025 NCAA Div I Mens Swimming and Diving Championships,Senior Men 1m (Final),Final,36042,Bennett,Greene,5,350.75,2598,"University of Tennessee, Knoxville",,2025,NCAA-Championships,Senior/Open,,Male,1M,Senior Men 1M,false,false,,,,criteria-simulator/data.js
11523,2025 NCAA Div I Mens Swimming and Diving Championships,Senior Men 1m (Final),Final,46723,Conor,Gesing,6,340.3,2575,University of Florida,,2025,NCAA-Championships,Senior/Open,,Male,1M,Senior Men 1M,false,false,,,,criteria-simulator/data.js
11523,2025 NCAA Div I Mens Swimming and Diving Championships,Senior Men 1m (Final),Final,74832,Shangfei,Wang,7,318.5,2941,University of Southern California,,2025,NCAA-Championships,Senior/Open,,Male,1M,Senior Men 1M,false,false,,,,criteria-simulator/data.js
11523,2025 NCAA Div I Mens Swimming and Diving Championships,Senior Men 1m (Final),Final,42526,Gage,Dubois,8,303.6,2932,University of Arizona,,2025,NCAA-Championships,Senior/Open,,Male,1M,Senior Men 1M,false,false,,,,criteria-simulator/data.js
11523,2025 NCAA Div I Mens Swimming and Diving Championships,Senior Men 3m (Prelim),Prelim,38973,Carson,Tyler,1,443.2,1136,"Indiana University, Bloomington",,2025,NCAA-Championships,Senior/Open,,Male,3M,Senior Men 3M,false,false,,,,criteria-simulator/data.js
11523,2025 NCAA Div I Mens Swimming and Diving Championships,Senior Men 3m (Prelim),Prelim,44506,Quentin,Henninger,2,420.9,1136,"Indiana University, Bloomington",,2025,NCAA-Championships,Senior/Open,,Male,3M,Senior Men 3M,false,false,,,,criteria-simulator/data.js
11523,2025 NCAA Div I Mens Swimming and Diving Championships,Senior Men 3m (Prelim),Prelim,38444,Jack,Ryan,3,411.0,2305,Stanford University,,2025,NCAA-Championships,Senior/Open,,Male,3M,Senior Men 3M,false,false,,,,criteria-simulator/data.js
11523,2025 NCAA Div I Mens Swimming and Diving Championships,Senior Men 3m (Prelim),Prelim,40067,Maxwell,Weinrich,4,396.05,1136,"Indiana University, Bloomington",,2025,NCAA-Championships,Senior/Open,,Male,3M,Senior Men 3M,false,false,,,,criteria-simulator/data.js
11523,2025 NCAA Div I Mens Swimming and Diving Championships,Senior Men 3m (Prelim),Prelim,74832,Shangfei,Wang,5,390.4,2941,University of Southern California,,2025,NCAA-Championships,Senior/Open,,Male,3M,Senior Men 3M,false,false,,,,criteria-simulator/data.js
11523,2025 NCAA Div I Mens Swimming and Diving Championships,Senior Men 3m (Prelim),Prelim,46626,Jacob,Welsh,6,375.5,4141,The University of Texas,,2025,NCAA-Championships,Senior/Open,,Male,3M,Senior Men 3M,false,false,,,,criteria-simulator/data.js
11523,2025 NCAA Div I Mens Swimming and Diving Championships,Senior Men 3m (Prelim),Prelim,41395,Clayton,Chaplin,7,369.55,2275,Ohio State University,,2025,NCAA-Championships,Senior/Open,,Male,3M,Senior Men 3M,false,false,,,,criteria-simulator/data.js
11523,2025 NCAA Div I Mens Swimming and Diving Championships,Senior Men 3m (Prelim),Prelim,48515,Cameron,Cash,8,369.5,2303,University of Pittsburgh,,2025,NCAA-Championships,Senior/Open,,Male,3M,Senior Men 3M,false,false,,,,criteria-simulator/data.js
11523,2025 NCAA Div I Mens Swimming and Diving Championships,Senior Men 3m (Prelim),Prelim,80272,Carson,Paul,9,369.35,2862,Louisiana State University,,2025,NCAA-Championships,Senior/Open,,Male,3M,Senior Men 3M,false,false,,,,criteria-simulator/data.js
11523,2025 NCAA Div I Mens Swimming and Diving Championships,Senior Men 3m (Prelim),Prelim,57151,Allen,Bottego III,10,366.4,2693,"Texas AandM University, College Station",,2025,NCAA-Championships,Senior/Open,,Male,3M,Senior Men 3M,false,false,,,,criteria-simulator/data.js
11523,2025 NCAA Div I Mens Swimming and Diving Championships,Senior Men 3m (Prelim),Prelim,36090,Maxwell,Miller,11,364.75,2142,Purdue University,,2025,NCAA-Championships,Senior/Open,,Male,3M,Senior Men 3M,false,false,,,,criteria-simulator/data.js
11523,2025 NCAA Div I Mens Swimming and Diving Championships,Senior Men 3m (Prelim),Prelim,171039,Moritz,Wesemann,12,363.5,2941,University of Southern California,,2025,NCAA-Championships,Senior/Open,,Male,3M,Senior Men 3M,false,false,,,,criteria-simulator/data.js
11523,2025 NCAA Div I Mens Swimming and Diving Championships,Senior Men 3m (Prelim),Prelim,38863,Max,Fowler,13,357.8,2861,Georgia Institute of Technology,,2025,NCAA-Championships,Senior/Open,,Male,3M,Senior Men 3M,false,false,,,,criteria-simulator/data.js
11523,2025 NCAA Div I Mens Swimming and Diving Championships,Senior Men 3m (Prelim),Prelim,40283,Jordan,Rzepka,14,357.45,2142,Purdue University,,2025,NCAA-Championships,Senior/Open,,Male,3M,Senior Men 3M,false,false,,,,criteria-simulator/data.js
11523,2025 NCAA Div I Mens Swimming and Diving Championships,Senior Men 3m (Prelim),Prelim,36042,Bennett,Greene,15,356.65,2598,"University of Tennessee, Knoxville",,2025,NCAA-Championships,Senior/Open,,Male,3M,Senior Men 3M,false,false,,,,criteria-simulator/data.js
11523,2025 NCAA Div I Mens Swimming and Diving Championships,Senior Men 3m (Prelim),Prelim,34255,Joshua,Thai,16,356.55,2568,"University of California, Berkeley",,2025,NCAA-Championships,Senior/Open,,Male,3M,Senior Men 3M,false,false,,,,criteria-simulator/data.js
11523,2025 NCAA Div I Mens Swimming and Diving Championships,Senior Men 3m (Prelim),Prelim,59909,Luke,Sitz,17,355.85,2701,Southern Methodist University,,2025,NCAA-Championships,Senior/Open,,Male,3M,Senior Men 3M,false,false,,,,criteria-simulator/data.js
11523,2025 NCAA Div I Mens Swimming and Diving Championships,Senior Men 3m (Prelim),Prelim,65226,Laurent,Gosselin-paradis,18,347.1,2941,University of Southern California,,2025,NCAA-Championships,Senior/Open,,Male,3M,Senior Men 3M,false,false,,,,criteria-simulator/data.js
11523,2025 NCAA Div I Mens Swimming and Diving Championships,Senior Men 3m (Prelim),Prelim,23733,Maxwell,Flory,19,347.0,1102,University of Miami,,2025,NCAA-Championships,Senior/Open,,Male,3M,Senior Men 3M,false,false,,,,criteria-simulator/data.js
11523,2025 NCAA Div I Mens Swimming and Diving Championships,Senior Men 3m (Prelim),Prelim,74148,David,Ekdahl,20,341.9,2694,Texas Christian University,,2025,NCAA-Championships,Senior/Open,,Male,3M,Senior Men 3M,false,false,,,,criteria-simulator/data.js
11523,2025 NCAA Div I Mens Swimming and Diving Championships,Senior Men 3m (Prelim),Prelim,37692,Nicholas,Harris,21,341.0,4141,The University of Texas,,2025,NCAA-Championships,Senior/Open,,Male,3M,Senior Men 3M,false,false,,,,criteria-simulator/data.js
11523,2025 NCAA Div I Mens Swimming and Diving Championships,Senior Men 3m (Prelim),Prelim,39273,Peyton,Donald,22,340.1,2575,University of Florida,,2025,NCAA-Championships,Senior/Open,,Male,3M,Senior Men 3M,false,false,,,,criteria-simulator/data.js
11523,2025 NCAA Div I Mens Swimming and Diving Championships,Senior Men 3m (Prelim),Prelim,50623,Aidan,Wang,23,334.8,2491,Princeton University,,2025,NCAA-Championships,Senior/Open,,Male,3M,Senior Men 3M,false,false,,,,criteria-simulator/data.js
11523,2025 NCAA Div I Mens Swimming and Diving Championships,Senior Men 3m (Prelim),Prelim,102294,Geoffrey,Vavitsas,24,331.95,2568,"University of California, Berkeley",,2025,NCAA-Championships,Senior/Open,,Male,3M,Senior Men 3M,false,false,,,,criteria-simulator/data.js
11523,2025 NCAA Div I Mens Swimming and Diving Championships,Senior Men 3m (Prelim),Prelim,81968,Elias,Petersen,25,331.0,2282,University of Utah,,2025,NCAA-Championships,Senior/Open,,Male,3M,Senior Men 3M,false,false,,,,criteria-simulator/data.js
11523,2025 NCAA Div I Mens Swimming and Diving Championships,Senior Men 3m (Prelim),Prelim,33642,Matthew,Bray,26,330.9,2168,University of Georgia,,2025,NCAA-Championships,Senior/Open,,Male,3M,Senior Men 3M,false,false,,,,criteria-simulator/data.js
11523,2025 NCAA Div I Mens Swimming and Diving Championships,Senior Men 3m (Prelim),Prelim,46760,Jacob,Jones,27,327.05,4141,The University of Texas,,2025,NCAA-Championships,Senior/Open,,Male,3M,Senior Men 3M,false,false,,,,criteria-simulator/data.js
11523,2025 NCAA Div I Mens Swimming and Diving Championships,Senior Men 3m (Prelim),Prelim,102351,Yutong,Wang,28,324.1,2151,"University of Minnesota, Twin Cities",,2025,NCAA-Championships,Senior/Open,,Male,3M,Senior Men 3M,false,false,,,,criteria-simulator/data.js
11523,2025 NCAA Div I Mens Swimming and Diving Championships,Senior Men 3m (Prelim),Prelim,59887,Kaden,Springfield,29,323.45,2142,Purdue University,,2025,NCAA-Championships,Senior/Open,,Male,3M,Senior Men 3M,false,false,,,,criteria-simulator/data.js
11523,2025 NCAA Div I Mens Swimming and Diving Championships,Senior Men 3m (Prelim),Prelim,51233,Tyler,Wills,30,319.85,2142,Purdue University,,2025,NCAA-Championships,Senior/Open,,Male,3M,Senior Men 3M,false,false,,,,criteria-simulator/data.js
11523,2025 NCAA Div I Mens Swimming and Diving Championships,Senior Men 3m (Prelim),Prelim,46629,Zachary,Welsh,31,318.45,2142,Purdue University,,2025,NCAA-Championships,Senior/Open,,Male,3M,Senior Men 3M,false,false,,,,criteria-simulator/data.js
11523,2025 NCAA Div I Mens Swimming and Diving Championships,Senior Men 3m (Prelim),Prelim,46723,Conor,Gesing,32,309.75,2575,University of Florida,,2025,NCAA-Championships,Senior/Open,,Male,3M,Senior Men 3M,false,false,,,,criteria-simulator/data.js
11523,2025 NCAA Div I Mens Swimming and Diving Championships,Senior Men 3m (Prelim),Prelim,42787,Nicholas,Stone,33,307.45,2598,"University of Tennessee, Knoxville",,2025,NCAA-Championships,Senior/Open,,Male,3M,Senior Men 3M,false,false,,,,criteria-simulator/data.js
11523,2025 NCAA Div I Mens Swimming and Diving Championships,Senior Men 3m (Prelim),Prelim,60110,Whit,Andrus,34,306.3,2300,Auburn University,,2025,NCAA-Championships,Senior/Open,,Male,3M,Senior Men 3M,false,false,,,,criteria-simulator/data.js
11523,2025 NCAA Div I Mens Swimming and Diving Championships,Senior Men 3m (Prelim),Prelim,80186,Andrew,Bell,35,304.9,2738,University of MA Amherst,,2025,NCAA-Championships,Senior/Open,,Male,3M,Senior Men 3M,false,false,,,,criteria-simulator/data.js
11523,2025 NCAA Div I Mens Swimming and Diving Championships,Senior Men 3m (Prelim),Prelim,52560,Hunter,Hollenbeck,36,303.65,2305,Stanford University,,2025,NCAA-Championships,Senior/Open,,Male,3M,Senior Men 3M,false,false,,,,criteria-simulator/data.js
11523,2025 NCAA Div I Mens Swimming and Diving Championships,Senior Men 3m (Prelim),Prelim,42526,Gage,Dubois,37,300.45,2932,University of Arizona,,2025,NCAA-Championships,Senior/Open,,Male,3M,Senior Men 3M,false,false,,,,criteria-simulator/data.js
11523,2025 NCAA Div I Mens Swimming and Diving Championships,Senior Men 3m (Prelim),Prelim,26212,Zayne,Danielewicz,38,298.35,2862,Louisiana State University,,2025,NCAA-Championships,Senior/Open,,Male,3M,Senior Men 3M,false,false,,,,criteria-simulator/data.js
11523,2025 NCAA Div I Mens Swimming and Diving Championships,Senior Men 3m (Prelim),Prelim,46912,Sebastian,Otero,39,297.75,9801,"Indiana University, Indianapolis",,2025,NCAA-Championships,Senior/Open,,Male,3M,Senior Men 3M,false,false,,,,criteria-simulator/data.js
11523,2025 NCAA Div I Mens Swimming and Diving Championships,Senior Men 3m (Prelim),Prelim,43065,Rowland,Lawver,40,292.85,2714,Brown University,,2025,NCAA-Championships,Senior/Open,,Male,3M,Senior Men 3M,false,false,,,,criteria-simulator/data.js
11523,2025 NCAA Div I Mens Swimming and Diving Championships,Senior Men 3m (Prelim),Prelim,46805,Tyler,Read,41,292.8,2275,Ohio State University,,2025,NCAA-Championships,Senior/Open,,Male,3M,Senior Men 3M,false,false,,,,criteria-simulator/data.js
11523,2025 NCAA Div I Mens Swimming and Diving Championships,Senior Men 3m (Prelim),Prelim,171592,Jesus,Gonzalez,42,289.85,2575,University of Florida,,2025,NCAA-Championships,Senior/Open,,Male,3M,Senior Men 3M,false,false,,,,criteria-simulator/data.js
11523,2025 NCAA Div I Mens Swimming and Diving Championships,Senior Men 3m (Prelim),Prelim,41769,Manuel,Borowski,43,289.15,4141,The University of Texas,,2025,NCAA-Championships,Senior/Open,,Male,3M,Senior Men 3M,false,false,,,,criteria-simulator/data.js
11523,2025 NCAA Div I Mens Swimming and Diving Championships,Senior Men 3m (Prelim),Prelim,65361,Collier,Dyer,44,280.95,2572,"University of Missouri, Columbia",,2025,NCAA-Championships,Senior/Open,,Male,3M,Senior Men 3M,false,false,,,,criteria-simulator/data.js
11523,2025 NCAA Div I Mens Swimming and Diving Championships,Senior Men 3m (Prelim),Prelim,55909,Robert,Gref,45,276.9,2941,University of Southern California,,2025,NCAA-Championships,Senior/Open,,Male,3M,Senior Men 3M,false,false,,,,criteria-simulator/data.js
11523,2025 NCAA Div I Mens Swimming and Diving Championships,Senior Men 3m (Prelim),Prelim,80320,Renato,Calderaro,46,269.2,2168,University of Georgia,,2025,NCAA-Championships,Senior/Open,,Male,3M,Senior Men 3M,false,false,,,,criteria-simulator/data.js
11523,2025 NCAA Div I Mens Swimming and Diving Championships,Senior Men 3m (Prelim),Prelim,43091,Rocky,Ramsland,47,264.05,2380,Virginia Polytechnic Institute and State University,,2025,NCAA-Championships,Senior/Open,,Male,3M,Senior Men 3M,false,false,,,,criteria-simulator/data.js
11523,2025 NCAA Div I Mens Swimming and Diving Championships,Senior Men 3m (Prelim),Prelim,63787,Cameron,Gammage,48,256.35,2358,University of Michigan,,2025,NCAA-Championships,Senior/Open,,Male,3M,Senior Men 3M,false,false,,,,criteria-simulator/data.js
11523,2025 NCAA Div I Mens Swimming and Diving Championships,Senior Men 3m (Prelim),Prelim,73601,Nathan,Cox,49,249.6,2380,Virginia Polytechnic Institute and State University,,2025,NCAA-Championships,Senior/Open,,Male,3M,Senior Men 3M,false,false,,,,criteria-simulator/data.js
11523,2025 NCAA Div I Mens Swimming and Diving Championships,Senior Men 3m (Prelim),Prelim,102379,Mario,Del Valle Jr,50,247.85,5430,California Baptist University,,2025,NCAA-Championships,Senior/Open,,Male,3M,Senior Men 3M,false,false,,,,criteria-simulator/data.js
11523,2025 NCAA Div I Mens Swimming and Diving Championships,Senior Men 3m (Prelim),Prelim,102260,Owen,Recker,51,214.5,2750,West Virginia University,,2025,NCAA-Championships,Senior/Open,,Male,3M,Senior Men 3M,false,false,,,,criteria-simulator/data.js
11523,2025 NCAA Div I Mens Swimming and Diving Championships,Senior Men 3m (Final),Final,38973,Carson,Tyler,1,467.45,1136,"Indiana University, Bloomington",,2025,NCAA-Championships,Senior/Open,,Male,3M,Senior Men 3M,false,false,,,,criteria-simulator/data.js
11523,2025 NCAA Div I Mens Swimming and Diving Championships,Senior Men 3m (Final),Final,44506,Quentin,Henninger,2,466.15,1136,"Indiana University, Bloomington",,2025,NCAA-Championships,Senior/Open,,Male,3M,Senior Men 3M,false,false,,,,criteria-simulator/data.js
11523,2025 NCAA Div I Mens Swimming and Diving Championships,Senior Men 3m (Final),Final,38444,Jack,Ryan,3,457.9,2305,Stanford University,,2025,NCAA-Championships,Senior/Open,,Male,3M,Senior Men 3M,false,false,,,,criteria-simulator/data.js
11523,2025 NCAA Div I Mens Swimming and Diving Championships,Senior Men 3m (Final),Final,46626,Jacob,Welsh,4,395.95,4141,The University of Texas,,2025,NCAA-Championships,Senior/Open,,Male,3M,Senior Men 3M,false,false,,,,criteria-simulator/data.js
11523,2025 NCAA Div I Mens Swimming and Diving Championships,Senior Men 3m (Final),Final,74832,Shangfei,Wang,5,393.1,2941,University of Southern California,,2025,NCAA-Championships,Senior/Open,,Male,3M,Senior Men 3M,false,false,,,,criteria-simulator/data.js
11523,2025 NCAA Div I Mens Swimming and Diving Championships,Senior Men 3m (Final),Final,48515,Cameron,Cash,6,391.2,2303,University of Pittsburgh,,2025,NCAA-Championships,Senior/Open,,Male,3M,Senior Men 3M,false,false,,,,criteria-simulator/data.js
11523,2025 NCAA Div I Mens Swimming and Diving Championships,Senior Men 3m (Final),Final,40067,Maxwell,Weinrich,7,389.2,1136,"Indiana University, Bloomington",,2025,NCAA-Championships,Senior/Open,,Male,3M,Senior Men 3M,false,false,,,,criteria-simulator/data.js
11523,2025 NCAA Div I Mens Swimming and Diving Championships,Senior Men 3m (Final),Final,41395,Clayton,Chaplin,8,383.6,2275,Ohio State University,,2025,NCAA-Championships,Senior/Open,,Male,3M,Senior Men 3M,false,false,,,,criteria-simulator/data.js
11523,2025 NCAA Div I Mens Swimming and Diving Championships,Senior Men 3m (Final),Final,40283,Jordan,Rzepka,1,432.15,2142,Purdue University,,2025,NCAA-Championships,Senior/Open,,Male,3M,Senior Men 3M,false,false,,,,criteria-simulator/data.js
11523,2025 NCAA Div I Mens Swimming and Diving Championships,Senior Men 3m (Final),Final,171039,Moritz,Wesemann,2,430.0,2941,University of Southern California,,2025,NCAA-Championships,Senior/Open,,Male,3M,Senior Men 3M,false,false,,,,criteria-simulator/data.js
11523,2025 NCAA Div I Mens Swimming and Diving Championships,Senior Men 3m (Final),Final,57151,Allen,Bottego III,3,410.8,2693,"Texas AandM University, College Station",,2025,NCAA-Championships,Senior/Open,,Male,3M,Senior Men 3M,false,false,,,,criteria-simulator/data.js
11523,2025 NCAA Div I Mens Swimming and Diving Championships,Senior Men 3m (Final),Final,38863,Max,Fowler,4,386.4,2861,Georgia Institute of Technology,,2025,NCAA-Championships,Senior/Open,,Male,3M,Senior Men 3M,false,false,,,,criteria-simulator/data.js
11523,2025 NCAA Div I Mens Swimming and Diving Championships,Senior Men 3m (Final),Final,36042,Bennett,Greene,5,385.45,2598,"University of Tennessee, Knoxville",,2025,NCAA-Championships,Senior/Open,,Male,3M,Senior Men 3M,false,false,,,,criteria-simulator/data.js
11523,2025 NCAA Div I Mens Swimming and Diving Championships,Senior Men 3m (Final),Final,36090,Maxwell,Miller,6,353.75,2142,Purdue University,,2025,NCAA-Championships,Senior/Open,,Male,3M,Senior Men 3M,false,false,,,,criteria-simulator/data.js
11523,2025 NCAA Div I Mens Swimming and Diving Championships,Senior Men 3m (Final),Final,80272,Carson,Paul,7,315.1,2862,Louisiana State University,,2025,NCAA-Championships,Senior/Open,,Male,3M,Senior Men 3M,false,false,,,,criteria-simulator/data.js
11523,2025 NCAA Div I Mens Swimming and Diving Championships,Senior Men 3m (Final),Final,34255,Joshua,Thai,8,307.65,2568,"University of California, Berkeley",,2025,NCAA-Championships,Senior/Open,,Male,3M,Senior Men 3M,false,false,,,,criteria-simulator/data.js
11523,2025 NCAA Div I Mens Swimming and Diving Championships,Senior Men Platform (Prelim),Prelim,170662,Jaxon,Bowshire,1,426.15,2693,"Texas AandM University, College Station",,2025,NCAA-Championships,Senior/Open,,Male,Platform,Senior Men Platform,false,false,,,,criteria-simulator/data.js
11523,2025 NCAA Div I Mens Swimming and Diving Championships,Senior Men Platform (Prelim),Prelim,40283,Jordan,Rzepka,2,415.9,2142,Purdue University,,2025,NCAA-Championships,Senior/Open,,Male,Platform,Senior Men Platform,false,false,,,,criteria-simulator/data.js
11523,2025 NCAA Div I Mens Swimming and Diving Championships,Senior Men Platform (Prelim),Prelim,38973,Carson,Tyler,3,410.4,1136,"Indiana University, Bloomington",,2025,NCAA-Championships,Senior/Open,,Male,Platform,Senior Men Platform,false,false,,,,criteria-simulator/data.js
11523,2025 NCAA Div I Mens Swimming and Diving Championships,Senior Men Platform (Prelim),Prelim,40708,Misha,Andriyuk,4,409.0,2305,Stanford University,,2025,NCAA-Championships,Senior/Open,,Male,Platform,Senior Men Platform,false,false,,,,criteria-simulator/data.js
11523,2025 NCAA Div I Mens Swimming and Diving Championships,Senior Men Platform (Prelim),Prelim,44506,Quentin,Henninger,5,388.4,1136,"Indiana University, Bloomington",,2025,NCAA-Championships,Senior/Open,,Male,Platform,Senior Men Platform,false,false,,,,criteria-simulator/data.js
11523,2025 NCAA Div I Mens Swimming and Diving Championships,Senior Men Platform (Prelim),Prelim,23733,Maxwell,Flory,6,385.65,1102,University of Miami,,2025,NCAA-Championships,Senior/Open,,Male,Platform,Senior Men Platform,false,false,,,,criteria-simulator/data.js
11523,2025 NCAA Div I Mens Swimming and Diving Championships,Senior Men Platform (Prelim),Prelim,51773,Rhett,Hensley,7,381.2,2693,"Texas AandM University, College Station",,2025,NCAA-Championships,Senior/Open,,Male,Platform,Senior Men Platform,false,false,,,,criteria-simulator/data.js
11523,2025 NCAA Div I Mens Swimming and Diving Championships,Senior Men Platform (Prelim),Prelim,59887,Kaden,Springfield,8,375.95,2142,Purdue University,,2025,NCAA-Championships,Senior/Open,,Male,Platform,Senior Men Platform,false,false,,,,criteria-simulator/data.js
11523,2025 NCAA Div I Mens Swimming and Diving Championships,Senior Men Platform (Prelim),Prelim,80272,Carson,Paul,9,367.45,2862,Louisiana State University,,2025,NCAA-Championships,Senior/Open,,Male,Platform,Senior Men Platform,false,false,,,,criteria-simulator/data.js
11523,2025 NCAA Div I Mens Swimming and Diving Championships,Senior Men Platform (Prelim),Prelim,64745,Andrew,Bennett,10,364.3,2151,"University of Minnesota, Twin Cities",,2025,NCAA-Championships,Senior/Open,,Male,Platform,Senior Men Platform,false,false,,,,criteria-simulator/data.js
11523,2025 NCAA Div I Mens Swimming and Diving Championships,Senior Men Platform (Prelim),Prelim,40067,Maxwell,Weinrich,11,355.95,1136,"Indiana University, Bloomington",,2025,NCAA-Championships,Senior/Open,,Male,Platform,Senior Men Platform,false,false,,,,criteria-simulator/data.js
11523,2025 NCAA Div I Mens Swimming and Diving Championships,Senior Men Platform (Prelim),Prelim,102083,Maxwell,Spencer,12,355.25,2280,"University of South Carolina, Columbia",,2025,NCAA-Championships,Senior/Open,,Male,Platform,Senior Men Platform,false,false,,,,criteria-simulator/data.js
11523,2025 NCAA Div I Mens Swimming and Diving Championships,Senior Men Platform (Prelim),Prelim,65226,Laurent,Gosselin-paradis,13,353.7,2941,University of Southern California,,2025,NCAA-Championships,Senior/Open,,Male,Platform,Senior Men Platform,false,false,,,,criteria-simulator/data.js
11523,2025 NCAA Div I Mens Swimming and Diving Championships,Senior Men Platform (Prelim),Prelim,75437,Tommaso,Zannella,14,351.5,2572,"University of Missouri, Columbia",,2025,NCAA-Championships,Senior/Open,,Male,Platform,Senior Men Platform,false,false,,,,criteria-simulator/data.js
11523,2025 NCAA Div I Mens Swimming and Diving Championships,Senior Men Platform (Prelim),Prelim,46626,Jacob,Welsh,15,349.2,4141,The University of Texas,,2025,NCAA-Championships,Senior/Open,,Male,Platform,Senior Men Platform,false,false,,,,criteria-simulator/data.js
11523,2025 NCAA Div I Mens Swimming and Diving Championships,Senior Men Platform (Prelim),Prelim,169722,Nigel,Chambers,16,341.35,2278,University of Alabama,,2025,NCAA-Championships,Senior/Open,,Male,Platform,Senior Men Platform,false,false,,,,criteria-simulator/data.js
11523,2025 NCAA Div I Mens Swimming and Diving Championships,Senior Men Platform (Prelim),Prelim,51233,Tyler,Wills,17,339.2,2142,Purdue University,,2025,NCAA-Championships,Senior/Open,,Male,Platform,Senior Men Platform,false,false,,,,criteria-simulator/data.js
11523,2025 NCAA Div I Mens Swimming and Diving Championships,Senior Men Platform (Prelim),Prelim,102294,Geoffrey,Vavitsas,18,338.95,2568,"University of California, Berkeley",,2025,NCAA-Championships,Senior/Open,,Male,Platform,Senior Men Platform,false,false,,,,criteria-simulator/data.js
11523,2025 NCAA Div I Mens Swimming and Diving Championships,Senior Men Platform (Prelim),Prelim,171592,Jesus,Gonzalez,19,334.7,2575,University of Florida,,2025,NCAA-Championships,Senior/Open,,Male,Platform,Senior Men Platform,false,false,,,,criteria-simulator/data.js
11523,2025 NCAA Div I Mens Swimming and Diving Championships,Senior Men Platform (Prelim),Prelim,36042,Bennett,Greene,20,333.1,2598,"University of Tennessee, Knoxville",,2025,NCAA-Championships,Senior/Open,,Male,Platform,Senior Men Platform,false,false,,,,criteria-simulator/data.js
11523,2025 NCAA Div I Mens Swimming and Diving Championships,Senior Men Platform (Prelim),Prelim,73354,Deacon,Colbert,21,321.5,2572,"University of Missouri, Columbia",,2025,NCAA-Championships,Senior/Open,,Male,Platform,Senior Men Platform,false,false,,,,criteria-simulator/data.js
11523,2025 NCAA Div I Mens Swimming and Diving Championships,Senior Men Platform (Prelim),Prelim,42526,Gage,Dubois,22,321.0,2932,University of Arizona,,2025,NCAA-Championships,Senior/Open,,Male,Platform,Senior Men Platform,false,false,,,,criteria-simulator/data.js
11523,2025 NCAA Div I Mens Swimming and Diving Championships,Senior Men Platform (Prelim),Prelim,73355,Derek,Colbert,23,317.9,2572,"University of Missouri, Columbia",,2025,NCAA-Championships,Senior/Open,,Male,Platform,Senior Men Platform,false,false,,,,criteria-simulator/data.js
11523,2025 NCAA Div I Mens Swimming and Diving Championships,Senior Men Platform (Prelim),Prelim,55909,Robert,Gref,24,314.85,2941,University of Southern California,,2025,NCAA-Championships,Senior/Open,,Male,Platform,Senior Men Platform,false,false,,,,criteria-simulator/data.js
11523,2025 NCAA Div I Mens Swimming and Diving Championships,Senior Men Platform (Prelim),Prelim,102379,Mario,Del Valle Jr,25,310.0,5430,California Baptist University,,2025,NCAA-Championships,Senior/Open,,Male,Platform,Senior Men Platform,false,false,,,,criteria-simulator/data.js
11523,2025 NCAA Div I Mens Swimming and Diving Championships,Senior Men Platform (Prelim),Prelim,51930,Kyle,Ly,26,306.8,2287,Northwestern University,,2025,NCAA-Championships,Senior/Open,,Male,Platform,Senior Men Platform,false,false,,,,criteria-simulator/data.js
11523,2025 NCAA Div I Mens Swimming and Diving Championships,Senior Men Platform (Prelim),Prelim,46760,Jacob,Jones,27,298.55,4141,The University of Texas,,2025,NCAA-Championships,Senior/Open,,Male,Platform,Senior Men Platform,false,false,,,,criteria-simulator/data.js
11523,2025 NCAA Div I Mens Swimming and Diving Championships,Senior Men Platform (Prelim),Prelim,50623,Aidan,Wang,28,295.35,2491,Princeton University,,2025,NCAA-Championships,Senior/Open,,Male,Platform,Senior Men Platform,false,false,,,,criteria-simulator/data.js
11523,2025 NCAA Div I Mens Swimming and Diving Championships,Senior Men Platform (Prelim),Prelim,33268,Benedict,Nguyen,29,294.6,2277,University of Notre Dame,,2025,NCAA-Championships,Senior/Open,,Male,Platform,Senior Men Platform,false,false,,,,criteria-simulator/data.js
11523,2025 NCAA Div I Mens Swimming and Diving Championships,Senior Men Platform (Prelim),Prelim,47245,Jackson,Salisbury,30,291.05,2303,University of Pittsburgh,,2025,NCAA-Championships,Senior/Open,,Male,Platform,Senior Men Platform,false,false,,,,criteria-simulator/data.js
11523,2025 NCAA Div I Mens Swimming and Diving Championships,Senior Men Platform (Prelim),Prelim,60110,Whit,Andrus,31,290.45,2300,Auburn University,,2025,NCAA-Championships,Senior/Open,,Male,Platform,Senior Men Platform,false,false,,,,criteria-simulator/data.js
11523,2025 NCAA Div I Mens Swimming and Diving Championships,Senior Men Platform (Prelim),Prelim,48515,Cameron,Cash,32,289.1,2303,University of Pittsburgh,,2025,NCAA-Championships,Senior/Open,,Male,Platform,Senior Men Platform,false,false,,,,criteria-simulator/data.js
11523,2025 NCAA Div I Mens Swimming and Diving Championships,Senior Men Platform (Prelim),Prelim,48232,Carlos,Vargas,33,280.95,2289,Florida State University,,2025,NCAA-Championships,Senior/Open,,Male,Platform,Senior Men Platform,false,false,,,,criteria-simulator/data.js
11523,2025 NCAA Div I Mens Swimming and Diving Championships,Senior Men Platform (Prelim),Prelim,40195,Dash,Glasberg,34,278.65,1136,"Indiana University, Bloomington",,2025,NCAA-Championships,Senior/Open,,Male,Platform,Senior Men Platform,false,false,,,,criteria-simulator/data.js
11523,2025 NCAA Div I Mens Swimming and Diving Championships,Senior Men Platform (Prelim),Prelim,42787,Nicholas,Stone,35,278.2,2598,"University of Tennessee, Knoxville",,2025,NCAA-Championships,Senior/Open,,Male,Platform,Senior Men Platform,false,false,,,,criteria-simulator/data.js
11523,2025 NCAA Div I Mens Swimming and Diving Championships,Senior Men Platform (Prelim),Prelim,63552,George,Callanan,36,277.2,2491,Princeton University,,2025,NCAA-Championships,Senior/Open,,Male,Platform,Senior Men Platform,false,false,,,,criteria-simulator/data.js
11523,2025 NCAA Div I Mens Swimming and Diving Championships,Senior Men Platform (Prelim),Prelim,102260,Owen,Recker,37,274.7,2750,West Virginia University,,2025,NCAA-Championships,Senior/Open,,Male,Platform,Senior Men Platform,false,false,,,,criteria-simulator/data.js
11523,2025 NCAA Div I Mens Swimming and Diving Championships,Senior Men Platform (Prelim),Prelim,38657,Chase,Marafioto,38,271.5,2303,University of Pittsburgh,,2025,NCAA-Championships,Senior/Open,,Male,Platform,Senior Men Platform,false,false,,,,criteria-simulator/data.js
11523,2025 NCAA Div I Mens Swimming and Diving Championships,Senior Men Platform (Prelim),Prelim,73601,Nathan,Cox,39,271.0,2380,Virginia Polytechnic Institute and State University,,2025,NCAA-Championships,Senior/Open,,Male,Platform,Senior Men Platform,false,false,,,,criteria-simulator/data.js
11523,2025 NCAA Div I Mens Swimming and Diving Championships,Senior Men Platform (Prelim),Prelim,34255,Joshua,Thai,40,261.4,2568,"University of California, Berkeley",,2025,NCAA-Championships,Senior/Open,,Male,Platform,Senior Men Platform,false,false,,,,criteria-simulator/data.js
11523,2025 NCAA Div I Mens Swimming and Diving Championships,Senior Men Platform (Prelim),Prelim,43091,Rocky,Ramsland,41,254.65,2380,Virginia Polytechnic Institute and State University,,2025,NCAA-Championships,Senior/Open,,Male,Platform,Senior Men Platform,false,false,,,,criteria-simulator/data.js
11523,2025 NCAA Div I Mens Swimming and Diving Championships,Senior Men Platform (Prelim),Prelim,41395,Clayton,Chaplin,42,245.6,2275,Ohio State University,,2025,NCAA-Championships,Senior/Open,,Male,Platform,Senior Men Platform,false,false,,,,criteria-simulator/data.js
11523,2025 NCAA Div I Mens Swimming and Diving Championships,Senior Men Platform (Prelim),Prelim,56339,William,Cooley,43,223.75,2353,Columbia University-Barnard College,,2025,NCAA-Championships,Senior/Open,,Male,Platform,Senior Men Platform,false,false,,,,criteria-simulator/data.js
11523,2025 NCAA Div I Mens Swimming and Diving Championships,Senior Men Platform (Final),Final,38973,Carson,Tyler,1,480.45,1136,"Indiana University, Bloomington",,2025,NCAA-Championships,Senior/Open,,Male,Platform,Senior Men Platform,false,false,,,,criteria-simulator/data.js
11523,2025 NCAA Div I Mens Swimming and Diving Championships,Senior Men Platform (Final),Final,170662,Jaxon,Bowshire,2,450.8,2693,"Texas AandM University, College Station",,2025,NCAA-Championships,Senior/Open,,Male,Platform,Senior Men Platform,false,false,,,,criteria-simulator/data.js
11523,2025 NCAA Div I Mens Swimming and Diving Championships,Senior Men Platform (Final),Final,59887,Kaden,Springfield,3,408.5,2142,Purdue University,,2025,NCAA-Championships,Senior/Open,,Male,Platform,Senior Men Platform,false,false,,,,criteria-simulator/data.js
11523,2025 NCAA Div I Mens Swimming and Diving Championships,Senior Men Platform (Final),Final,51773,Rhett,Hensley,4,394.7,2693,"Texas AandM University, College Station",,2025,NCAA-Championships,Senior/Open,,Male,Platform,Senior Men Platform,false,false,,,,criteria-simulator/data.js
11523,2025 NCAA Div I Mens Swimming and Diving Championships,Senior Men Platform (Final),Final,23733,Maxwell,Flory,5,394.45,1102,University of Miami,,2025,NCAA-Championships,Senior/Open,,Male,Platform,Senior Men Platform,false,false,,,,criteria-simulator/data.js
11523,2025 NCAA Div I Mens Swimming and Diving Championships,Senior Men Platform (Final),Final,40283,Jordan,Rzepka,6,393.2,2142,Purdue University,,2025,NCAA-Championships,Senior/Open,,Male,Platform,Senior Men Platform,false,false,,,,criteria-simulator/data.js
11523,2025 NCAA Div I Mens Swimming and Diving Championships,Senior Men Platform (Final),Final,44506,Quentin,Henninger,7,390.5,1136,"Indiana University, Bloomington",,2025,NCAA-Championships,Senior/Open,,Male,Platform,Senior Men Platform,false,false,,,,criteria-simulator/data.js
11523,2025 NCAA Div I Mens Swimming and Diving Championships,Senior Men Platform (Final),Final,40708,Misha,Andriyuk,8,333.25,2305,Stanford University,,2025,NCAA-Championships,Senior/Open,,Male,Platform,Senior Men Platform,false,false,,,,criteria-simulator/data.js
11523,2025 NCAA Div I Mens Swimming and Diving Championships,Senior Men Platform (Final),Final,80272,Carson,Paul,1,399.1,2862,Louisiana State University,,2025,NCAA-Championships,Senior/Open,,Male,Platform,Senior Men Platform,false,false,,,,criteria-simulator/data.js
11523,2025 NCAA Div I Mens Swimming and Diving Championships,Senior Men Platform (Final),Final,40067,Maxwell,Weinrich,2,387.4,1136,"Indiana University, Bloomington",,2025,NCAA-Championships,Senior/Open,,Male,Platform,Senior Men Platform,false,false,,,,criteria-simulator/data.js
11523,2025 NCAA Div I Mens Swimming and Diving Championships,Senior Men Platform (Final),Final,65226,Laurent,Gosselin-paradis,3,375.85,2941,University of Southern California,,2025,NCAA-Championships,Senior/Open,,Male,Platform,Senior Men Platform,false,false,,,,criteria-simulator/data.js
11523,2025 NCAA Div I Mens Swimming and Diving Championships,Senior Men Platform (Final),Final,46626,Jacob,Welsh,4,367.3,4141,The University of Texas,,2025,NCAA-Championships,Senior/Open,,Male,Platform,Senior Men Platform,false,false,,,,criteria-simulator/data.js
11523,2025 NCAA Div I Mens Swimming and Diving Championships,Senior Men Platform (Final),Final,75437,Tommaso,Zannella,5,348.4,2572,"University of Missouri, Columbia",,2025,NCAA-Championships,Senior/Open,,Male,Platform,Senior Men Platform,false,false,,,,criteria-simulator/data.js
11523,2025 NCAA Div I Mens Swimming and Diving Championships,Senior Men Platform (Final),Final,64745,Andrew,Bennett,6,343.4,2151,"University of Minnesota, Twin Cities",,2025,NCAA-Championships,Senior/Open,,Male,Platform,Senior Men Platform,false,false,,,,criteria-simulator/data.js
11523,2025 NCAA Div I Mens Swimming and Diving Championships,Senior Men Platform (Final),Final,169722,Nigel,Chambers,7,330.6,2278,University of Alabama,,2025,NCAA-Championships,Senior/Open,,Male,Platform,Senior Men Platform,false,false,,,,criteria-simulator/data.js
11523,2025 NCAA Div I Mens Swimming and Diving Championships,Senior Men Platform (Final),Final,102083,Maxwell,Spencer,8,305.15,2280,"University of South Carolina, Columbia",,2025,NCAA-Championships,Senior/Open,,Male,Platform,Senior Men Platform,false,false,,,,criteria-simulator/data.js
11522,2025 NCAA Div I Womens Swimming and Diving Championships,Senior Women 1m (Prelim),Prelim,65234,Chiara,Pellacani,1,338.8,1102,University of Miami,,2025,NCAA-Championships,Senior/Open,,Female,1M,Senior Women 1M,false,false,,,,criteria-simulator/data.js
11522,2025 NCAA Div I Womens Swimming and Diving Championships,Senior Women 1m (Prelim),Prelim,66429,Mia,Vallee,2,323.4,1102,University of Miami,,2025,NCAA-Championships,Senior/Open,,Female,1M,Senior Women 1M,false,false,,,,criteria-simulator/data.js
11522,2025 NCAA Div I Womens Swimming and Diving Championships,Senior Women 1m (Prelim),Prelim,69061,Montserrat,Lavenant,3,317.35,2862,Louisiana State University,,2025,NCAA-Championships,Senior/Open,,Female,1M,Senior Women 1M,false,false,,,,criteria-simulator/data.js
11522,2025 NCAA Div I Womens Swimming and Diving Championships,Senior Women 1m (Prelim),Prelim,45635,Lanie,Gutch,4,315.3,2865,"University of North Carolina, Chapel Hill",,2025,NCAA-Championships,Senior/Open,,Female,1M,Senior Women 1M,false,false,,,,criteria-simulator/data.js
11522,2025 NCAA Div I Womens Swimming and Diving Championships,Senior Women 1m (Prelim),Prelim,26451,Aranza,Vazquez Montano,5,314.95,2865,"University of North Carolina, Chapel Hill",,2025,NCAA-Championships,Senior/Open,,Female,1M,Senior Women 1M,false,false,,,,criteria-simulator/data.js
11522,2025 NCAA Div I Womens Swimming and Diving Championships,Senior Women 1m (Prelim),Prelim,43990,Alejandra,Estudillo,6,305.3,4141,The University of Texas,,2025,NCAA-Championships,Senior/Open,,Female,1M,Senior Women 1M,false,false,,,,criteria-simulator/data.js
11522,2025 NCAA Div I Womens Swimming and Diving Championships,Senior Women 1m (Prelim),Prelim,34180,Hailey,Hernandez,7,305.2,4141,The University of Texas,,2025,NCAA-Championships,Senior/Open,,Female,1M,Senior Women 1M,false,false,,,,criteria-simulator/data.js
11522,2025 NCAA Div I Womens Swimming and Diving Championships,Senior Women 1m (Prelim),Prelim,102222,Shiyun,Lai,8,301.85,2697,University of Kansas,,2025,NCAA-Championships,Senior/Open,,Female,1M,Senior Women 1M,false,false,,,,criteria-simulator/data.js
11522,2025 NCAA Div I Womens Swimming and Diving Championships,Senior Women 1m (Prelim),Prelim,32619,Brooke,Earley,9,299.5,2932,University of Arizona,,2025,NCAA-Championships,Senior/Open,,Female,1M,Senior Women 1M,false,false,,,,criteria-simulator/data.js
11522,2025 NCAA Div I Womens Swimming and Diving Championships,Senior Women 1m (Prelim),Prelim,38142,Avery,Worobel,10,295.6,2142,Purdue University,,2025,NCAA-Championships,Senior/Open,,Female,1M,Senior Women 1M,false,false,,,,criteria-simulator/data.js
11522,2025 NCAA Div I Womens Swimming and Diving Championships,Senior Women 1m (Prelim),Prelim,43980,Sophie,Verzyl,11,295.3,2280,"University of South Carolina, Columbia",,2025,NCAA-Championships,Senior/Open,,Female,1M,Senior Women 1M,false,false,,,,criteria-simulator/data.js
11522,2025 NCAA Div I Womens Swimming and Diving Championships,Senior Women 1m (Prelim),Prelim,48805,Elizabeth,Kaye,12,291.05,2868,University of Virginia,,2025,NCAA-Championships,Senior/Open,,Female,1M,Senior Women 1M,false,false,,,,criteria-simulator/data.js
11522,2025 NCAA Div I Womens Swimming and Diving Championships,Senior Women 1m (Prelim),Prelim,27296,Margo,OMeara,13,286.4,2858,Duke University,,2025,NCAA-Championships,Senior/Open,,Female,1M,Senior Women 1M,false,false,,,,criteria-simulator/data.js
11522,2025 NCAA Div I Womens Swimming and Diving Championships,Senior Women 1m (Prelim),Prelim,40301,Viviana,Del Angel,14,283.3,2151,"University of Minnesota, Twin Cities",,2025,NCAA-Championships,Senior/Open,,Female,1M,Senior Women 1M,false,false,,,,criteria-simulator/data.js
11522,2025 NCAA Div I Womens Swimming and Diving Championships,Senior Women 1m (Prelim),Prelim,67814,Bayleigh,Cranford,15,282.5,4141,The University of Texas,,2025,NCAA-Championships,Senior/Open,,Female,1M,Senior Women 1M,false,false,,,,criteria-simulator/data.js
11522,2025 NCAA Div I Womens Swimming and Diving Championships,Senior Women 1m (Prelim),Prelim,64569,Ella,Roselli,16,282.05,1136,"Indiana University, Bloomington",,2025,NCAA-Championships,Senior/Open,,Female,1M,Senior Women 1M,false,false,,,,criteria-simulator/data.js
11522,2025 NCAA Div I Womens Swimming and Diving Championships,Senior Women 1m (Prelim),Prelim,65393,Anna,Kwong,17,278.3,2694,Texas Christian University,,2025,NCAA-Championships,Senior/Open,,Female,1M,Senior Women 1M,false,false,,,,criteria-simulator/data.js
11522,2025 NCAA Div I Womens Swimming and Diving Championships,Senior Women 1m (Prelim),Prelim,53351,Emilie,Moore,18,277.4,2305,Stanford University,,2025,NCAA-Championships,Senior/Open,,Female,1M,Senior Women 1M,false,false,,,,criteria-simulator/data.js
11522,2025 NCAA Div I Womens Swimming and Diving Championships,Senior Women 1m (Prelim),Prelim,102140,Camyla,Monroy,19,277.1,2575,University of Florida,,2025,NCAA-Championships,Senior/Open,,Female,1M,Senior Women 1M,false,false,,,,criteria-simulator/data.js
11522,2025 NCAA Div I Womens Swimming and Diving Championships,Senior Women 1m (Prelim),Prelim,162208,Maria,Sanchez - Moreno,20,275.2,2695,"University of Arkansas, Fayetteville",,2025,NCAA-Championships,Senior/Open,,Female,1M,Senior Women 1M,false,false,,,,criteria-simulator/data.js
11522,2025 NCAA Div I Womens Swimming and Diving Championships,Senior Women 1m (Prelim),Prelim,74457,Holly,Prasanto,21,274.45,2757,Rutgers State University NJ NBrunswick,,2025,NCAA-Championships,Senior/Open,,Female,1M,Senior Women 1M,false,false,,,,criteria-simulator/data.js
11522,2025 NCAA Div I Womens Swimming and Diving Championships,Senior Women 1m (Prelim),Prelim,56312,Kathryn,Grant,22,273.6,2282,University of Utah,,2025,NCAA-Championships,Senior/Open,,Female,1M,Senior Women 1M,false,false,,,,criteria-simulator/data.js
11522,2025 NCAA Div I Womens Swimming and Diving Championships,Senior Women 1m (Prelim),Prelim,21842,Jenna,Sonnenberg,23,270.95,2142,Purdue University,,2025,NCAA-Championships,Senior/Open,,Female,1M,Senior Women 1M,false,false,,,,criteria-simulator/data.js
11522,2025 NCAA Div I Womens Swimming and Diving Championships,Senior Women 1m (Prelim),Prelim,80250,Kiarra,Milligan,24,270.7,2358,University of Michigan,,2025,NCAA-Championships,Senior/Open,,Female,1M,Senior Women 1M,false,false,,,,criteria-simulator/data.js
11522,2025 NCAA Div I Womens Swimming and Diving Championships,Senior Women 1m (Prelim),Prelim,74661,Holly,Waxman,25,269.7,2282,University of Utah,,2025,NCAA-Championships,Senior/Open,,Female,1M,Senior Women 1M,false,false,,,,criteria-simulator/data.js
11522,2025 NCAA Div I Womens Swimming and Diving Championships,Senior Women 1m (Prelim),Prelim,40343,Paola,Pineda,26,267.15,2275,Ohio State University,,2025,NCAA-Championships,Senior/Open,,Female,1M,Senior Women 1M,false,false,,,,criteria-simulator/data.js
11522,2025 NCAA Div I Womens Swimming and Diving Championships,Senior Women 1m (Prelim),Prelim,41444,Lily,Witte,27,263.6,1136,"Indiana University, Bloomington",,2025,NCAA-Championships,Senior/Open,,Female,1M,Senior Women 1M,false,false,,,,criteria-simulator/data.js
11522,2025 NCAA Div I Womens Swimming and Diving Championships,Senior Women 1m (Prelim),Prelim,42388,Lauren,Burch,28,261.7,2305,Stanford University,,2025,NCAA-Championships,Senior/Open,,Female,1M,Senior Women 1M,false,false,,,,criteria-simulator/data.js
11522,2025 NCAA Div I Womens Swimming and Diving Championships,Senior Women 1m (Prelim),Prelim,73549,Adeline,Albrecht,29,259.0,2151,"University of Minnesota, Twin Cities",,2025,NCAA-Championships,Senior/Open,,Female,1M,Senior Women 1M,false,false,,,,criteria-simulator/data.js
11522,2025 NCAA Div I Womens Swimming and Diving Championships,Senior Women 1m (Prelim),Prelim,21918,Jaclynn,Fowler,30,258.05,2701,Southern Methodist University,,2025,NCAA-Championships,Senior/Open,,Female,1M,Senior Women 1M,false,false,,,,criteria-simulator/data.js
11522,2025 NCAA Div I Womens Swimming and Diving Championships,Senior Women 1m (Prelim),Prelim,42317,Victoria,Knapp,31,252.85,2949,Northern Arizona University,,2025,NCAA-Championships,Senior/Open,,Female,1M,Senior Women 1M,false,false,,,,criteria-simulator/data.js
11522,2025 NCAA Div I Womens Swimming and Diving Championships,Senior Women 1m (Prelim),Prelim,102317,Elna,Widerstrom,32,252.8,2151,"University of Minnesota, Twin Cities",,2025,NCAA-Championships,Senior/Open,,Female,1M,Senior Women 1M,false,false,,,,criteria-simulator/data.js
11522,2025 NCAA Div I Womens Swimming and Diving Championships,Senior Women 1m (Prelim),Prelim,65344,Charlotte,Martinkus,33,252.35,2491,Princeton University,,2025,NCAA-Championships,Senior/Open,,Female,1M,Senior Women 1M,false,false,,,,criteria-simulator/data.js
11522,2025 NCAA Div I Womens Swimming and Diving Championships,Senior Women 1m (Prelim),Prelim,35202,Frida,Zuniga Guzman,34,251.25,2859,East Carolina University,,2025,NCAA-Championships,Senior/Open,,Female,1M,Senior Women 1M,false,false,,,,criteria-simulator/data.js
11522,2025 NCAA Div I Womens Swimming and Diving Championships,Senior Women 1m (Prelim),Prelim,42211,Mayson,Richards,35,251.2,2693,"Texas AandM University, College Station",,2025,NCAA-Championships,Senior/Open,,Female,1M,Senior Women 1M,false,false,,,,criteria-simulator/data.js
11522,2025 NCAA Div I Womens Swimming and Diving Championships,Senior Women 1m (Prelim),Prelim,170739,Callie,Eaglestone,36,250.8,2282,University of Utah,,2025,NCAA-Championships,Senior/Open,,Female,1M,Senior Women 1M,false,false,,,,criteria-simulator/data.js
11522,2025 NCAA Div I Womens Swimming and Diving Championships,Senior Women 1m (Prelim),Prelim,48801,Bailee,Sturgill,37,249.65,2757,Rutgers State University NJ NBrunswick,,2025,NCAA-Championships,Senior/Open,,Female,1M,Senior Women 1M,false,false,,,,criteria-simulator/data.js
11522,2025 NCAA Div I Womens Swimming and Diving Championships,Senior Women 1m (Prelim),Prelim,56858,Nina,Janmyr,38,249.45,2727,Harvard University,,2025,NCAA-Championships,Senior/Open,,Female,1M,Senior Women 1M,false,false,,,,criteria-simulator/data.js
11522,2025 NCAA Div I Womens Swimming and Diving Championships,Senior Women 1m (Prelim),Prelim,34064,Katerina,Hoffman,39,249.35,2757,Rutgers State University NJ NBrunswick,,2025,NCAA-Championships,Senior/Open,,Female,1M,Senior Women 1M,false,false,,,,criteria-simulator/data.js
11522,2025 NCAA Div I Womens Swimming and Diving Championships,Senior Women 1m (Prelim),Prelim,35987,Zara,Joy Ayazi,40,247.25,2932,University of Arizona,,2025,NCAA-Championships,Senior/Open,,Female,1M,Senior Women 1M,false,false,,,,criteria-simulator/data.js
11522,2025 NCAA Div I Womens Swimming and Diving Championships,Senior Women 1m (Prelim),Prelim,45556,Sammantha,Helmboldt,41,246.85,2304,University of Louisville,,2025,NCAA-Championships,Senior/Open,,Female,1M,Senior Women 1M,false,false,,,,criteria-simulator/data.js
11522,2025 NCAA Div I Womens Swimming and Diving Championships,Senior Women 1m (Prelim),Prelim,50083,Gloria,Lai,42,246.5,2752,Yale University,,2025,NCAA-Championships,Senior/Open,,Female,1M,Senior Women 1M,false,false,,,,criteria-simulator/data.js
11522,2025 NCAA Div I Womens Swimming and Diving Championships,Senior Women 1m (Prelim),Prelim,43143,Violet,Williamson,43,246.05,2568,"University of California, Berkeley",,2025,NCAA-Championships,Senior/Open,,Female,1M,Senior Women 1M,false,false,,,,criteria-simulator/data.js
11522,2025 NCAA Div I Womens Swimming and Diving Championships,Senior Women 1m (Prelim),Prelim,52569,Lindsay,Gizzi,44,244.55,2304,University of Louisville,,2025,NCAA-Championships,Senior/Open,,Female,1M,Senior Women 1M,false,false,,,,criteria-simulator/data.js
11522,2025 NCAA Div I Womens Swimming and Diving Championships,Senior Women 1m (Prelim),Prelim,56359,Lily,Horenkamp,45,240.9,2752,Yale University,,2025,NCAA-Championships,Senior/Open,,Female,1M,Senior Women 1M,false,false,,,,criteria-simulator/data.js
11522,2025 NCAA Div I Womens Swimming and Diving Championships,Senior Women 1m (Prelim),Prelim,40720,Samantha,Vear,46,239.25,2289,Florida State University,,2025,NCAA-Championships,Senior/Open,,Female,1M,Senior Women 1M,false,false,,,,criteria-simulator/data.js
11522,2025 NCAA Div I Womens Swimming and Diving Championships,Senior Women 1m (Prelim),Prelim,66316,Molly,Brascia,47,233.5,2574,"University of California, Los Angeles",,2025,NCAA-Championships,Senior/Open,,Female,1M,Senior Women 1M,false,false,,,,criteria-simulator/data.js
11522,2025 NCAA Div I Womens Swimming and Diving Championships,Senior Women 1m (Prelim),Prelim,54075,Mary,Kate Cavanaugh,48,200.1,1136,"Indiana University, Bloomington",,2025,NCAA-Championships,Senior/Open,,Female,1M,Senior Women 1M,false,false,,,,criteria-simulator/data.js
11522,2025 NCAA Div I Womens Swimming and Diving Championships,Senior Women 1m (Final),Final,65234,Chiara,Pellacani,1,354.65,1102,University of Miami,,2025,NCAA-Championships,Senior/Open,,Female,1M,Senior Women 1M,false,false,,,,criteria-simulator/data.js
11522,2025 NCAA Div I Womens Swimming and Diving Championships,Senior Women 1m (Final),Final,66429,Mia,Vallee,2,333.85,1102,University of Miami,,2025,NCAA-Championships,Senior/Open,,Female,1M,Senior Women 1M,false,false,,,,criteria-simulator/data.js
11522,2025 NCAA Div I Womens Swimming and Diving Championships,Senior Women 1m (Final),Final,45635,Lanie,Gutch,3,330.8,2865,"University of North Carolina, Chapel Hill",,2025,NCAA-Championships,Senior/Open,,Female,1M,Senior Women 1M,false,false,,,,criteria-simulator/data.js
11522,2025 NCAA Div I Womens Swimming and Diving Championships,Senior Women 1m (Final),Final,26451,Aranza,Vazquez Montano,4,322.0,2865,"University of North Carolina, Chapel Hill",,2025,NCAA-Championships,Senior/Open,,Female,1M,Senior Women 1M,false,false,,,,criteria-simulator/data.js
11522,2025 NCAA Div I Womens Swimming and Diving Championships,Senior Women 1m (Final),Final,34180,Hailey,Hernandez,5,320.95,4141,The University of Texas,,2025,NCAA-Championships,Senior/Open,,Female,1M,Senior Women 1M,false,false,,,,criteria-simulator/data.js
11522,2025 NCAA Div I Womens Swimming and Diving Championships,Senior Women 1m (Final),Final,43990,Alejandra,Estudillo,6,316.3,4141,The University of Texas,,2025,NCAA-Championships,Senior/Open,,Female,1M,Senior Women 1M,false,false,,,,criteria-simulator/data.js
11522,2025 NCAA Div I Womens Swimming and Diving Championships,Senior Women 1m (Final),Final,102222,Shiyun,Lai,7,309.1,2697,University of Kansas,,2025,NCAA-Championships,Senior/Open,,Female,1M,Senior Women 1M,false,false,,,,criteria-simulator/data.js
11522,2025 NCAA Div I Womens Swimming and Diving Championships,Senior Women 1m (Final),Final,69061,Montserrat,Lavenant,8,288.25,2862,Louisiana State University,,2025,NCAA-Championships,Senior/Open,,Female,1M,Senior Women 1M,false,false,,,,criteria-simulator/data.js
11522,2025 NCAA Div I Womens Swimming and Diving Championships,Senior Women 1m (Final),Final,43980,Sophie,Verzyl,1,343.65,2280,"University of South Carolina, Columbia",,2025,NCAA-Championships,Senior/Open,,Female,1M,Senior Women 1M,false,false,,,,criteria-simulator/data.js
11522,2025 NCAA Div I Womens Swimming and Diving Championships,Senior Women 1m (Final),Final,27296,Margo,OMeara,2,309.2,2858,Duke University,,2025,NCAA-Championships,Senior/Open,,Female,1M,Senior Women 1M,false,false,,,,criteria-simulator/data.js
11522,2025 NCAA Div I Womens Swimming and Diving Championships,Senior Women 1m (Final),Final,48805,Elizabeth,Kaye,3,306.85,2868,University of Virginia,,2025,NCAA-Championships,Senior/Open,,Female,1M,Senior Women 1M,false,false,,,,criteria-simulator/data.js
11522,2025 NCAA Div I Womens Swimming and Diving Championships,Senior Women 1m (Final),Final,38142,Avery,Worobel,4,301.15,2142,Purdue University,,2025,NCAA-Championships,Senior/Open,,Female,1M,Senior Women 1M,false,false,,,,criteria-simulator/data.js
11522,2025 NCAA Div I Womens Swimming and Diving Championships,Senior Women 1m (Final),Final,67814,Bayleigh,Cranford,5,298.3,4141,The University of Texas,,2025,NCAA-Championships,Senior/Open,,Female,1M,Senior Women 1M,false,false,,,,criteria-simulator/data.js
11522,2025 NCAA Div I Womens Swimming and Diving Championships,Senior Women 1m (Final),Final,64569,Ella,Roselli,6,291.85,1136,"Indiana University, Bloomington",,2025,NCAA-Championships,Senior/Open,,Female,1M,Senior Women 1M,false,false,,,,criteria-simulator/data.js
11522,2025 NCAA Div I Womens Swimming and Diving Championships,Senior Women 1m (Final),Final,40301,Viviana,Del Angel,7,289.3,2151,"University of Minnesota, Twin Cities",,2025,NCAA-Championships,Senior/Open,,Female,1M,Senior Women 1M,false,false,,,,criteria-simulator/data.js
11522,2025 NCAA Div I Womens Swimming and Diving Championships,Senior Women 1m (Final),Final,32619,Brooke,Earley,8,281.05,2932,University of Arizona,,2025,NCAA-Championships,Senior/Open,,Female,1M,Senior Women 1M,false,false,,,,criteria-simulator/data.js
11522,2025 NCAA Div I Womens Swimming and Diving Championships,Senior Women 3m (Prelim),Prelim,66429,Mia,Vallee,1,373.65,1102,University of Miami,,2025,NCAA-Championships,Senior/Open,,Female,3M,Senior Women 3M,false,false,,,,criteria-simulator/data.js
11522,2025 NCAA Div I Womens Swimming and Diving Championships,Senior Women 3m (Prelim),Prelim,65234,Chiara,Pellacani,2,372.9,1102,University of Miami,,2025,NCAA-Championships,Senior/Open,,Female,3M,Senior Women 3M,false,false,,,,criteria-simulator/data.js
11522,2025 NCAA Div I Womens Swimming and Diving Championships,Senior Women 3m (Prelim),Prelim,43990,Alejandra,Estudillo,3,360.95,4141,The University of Texas,,2025,NCAA-Championships,Senior/Open,,Female,3M,Senior Women 3M,false,false,,,,criteria-simulator/data.js
11522,2025 NCAA Div I Womens Swimming and Diving Championships,Senior Women 3m (Prelim),Prelim,41728,Daryn,Wright,4,344.6,2142,Purdue University,,2025,NCAA-Championships,Senior/Open,,Female,3M,Senior Women 3M,false,false,,,,criteria-simulator/data.js
11522,2025 NCAA Div I Womens Swimming and Diving Championships,Senior Women 3m (Prelim),Prelim,26451,Aranza,Vazquez Montano,5,339.1,2865,"University of North Carolina, Chapel Hill",,2025,NCAA-Championships,Senior/Open,,Female,3M,Senior Women 3M,false,false,,,,criteria-simulator/data.js
11522,2025 NCAA Div I Womens Swimming and Diving Championships,Senior Women 3m (Prelim),Prelim,102222,Shiyun,Lai,6,338.05,2697,University of Kansas,,2025,NCAA-Championships,Senior/Open,,Female,3M,Senior Women 3M,false,false,,,,criteria-simulator/data.js
11522,2025 NCAA Div I Womens Swimming and Diving Championships,Senior Women 3m (Prelim),Prelim,82821,Skyler,Liu,7,336.35,1136,"Indiana University, Bloomington",,2025,NCAA-Championships,Senior/Open,,Female,3M,Senior Women 3M,false,false,,,,criteria-simulator/data.js
11522,2025 NCAA Div I Womens Swimming and Diving Championships,Senior Women 3m (Prelim),Prelim,67814,Bayleigh,Cranford,8,331.95,4141,The University of Texas,,2025,NCAA-Championships,Senior/Open,,Female,3M,Senior Women 3M,false,false,,,,criteria-simulator/data.js
11522,2025 NCAA Div I Womens Swimming and Diving Championships,Senior Women 3m (Prelim),Prelim,43980,Sophie,Verzyl,9,328.75,2280,"University of South Carolina, Columbia",,2025,NCAA-Championships,Senior/Open,,Female,3M,Senior Women 3M,false,false,,,,criteria-simulator/data.js
11522,2025 NCAA Div I Womens Swimming and Diving Championships,Senior Women 3m (Prelim),Prelim,162208,Maria,Sanchez - Moreno,10,326.05,2695,"University of Arkansas, Fayetteville",,2025,NCAA-Championships,Senior/Open,,Female,3M,Senior Women 3M,false,false,,,,criteria-simulator/data.js
11522,2025 NCAA Div I Womens Swimming and Diving Championships,Senior Women 3m (Prelim),Prelim,32619,Brooke,Earley,11,322.0,2932,University of Arizona,,2025,NCAA-Championships,Senior/Open,,Female,3M,Senior Women 3M,false,false,,,,criteria-simulator/data.js
11522,2025 NCAA Div I Womens Swimming and Diving Championships,Senior Women 3m (Prelim),Prelim,26319,Sophia,McAfee,12,318.65,2142,Purdue University,,2025,NCAA-Championships,Senior/Open,,Female,3M,Senior Women 3M,false,false,,,,criteria-simulator/data.js
11522,2025 NCAA Div I Womens Swimming and Diving Championships,Senior Women 3m (Prelim),Prelim,80250,Kiarra,Milligan,13,316.25,2358,University of Michigan,,2025,NCAA-Championships,Senior/Open,,Female,3M,Senior Women 3M,false,false,,,,criteria-simulator/data.js
11522,2025 NCAA Div I Womens Swimming and Diving Championships,Senior Women 3m (Prelim),Prelim,34180,Hailey,Hernandez,14,315.6,4141,The University of Texas,,2025,NCAA-Championships,Senior/Open,,Female,3M,Senior Women 3M,false,false,,,,criteria-simulator/data.js
11522,2025 NCAA Div I Womens Swimming and Diving Championships,Senior Women 3m (Prelim),Prelim,41444,Lily,Witte,15,313.25,1136,"Indiana University, Bloomington",,2025,NCAA-Championships,Senior/Open,,Female,3M,Senior Women 3M,false,false,,,,criteria-simulator/data.js
11522,2025 NCAA Div I Womens Swimming and Diving Championships,Senior Women 3m (Prelim),Prelim,100780,Kate,Miller,16,311.4,2941,University of Southern California,,2025,NCAA-Championships,Senior/Open,,Female,3M,Senior Women 3M,false,false,,,,criteria-simulator/data.js
11522,2025 NCAA Div I Womens Swimming and Diving Championships,Senior Women 3m (Prelim),Prelim,21842,Jenna,Sonnenberg,17,304.15,2142,Purdue University,,2025,NCAA-Championships,Senior/Open,,Female,3M,Senior Women 3M,false,false,,,,criteria-simulator/data.js
11522,2025 NCAA Div I Womens Swimming and Diving Championships,Senior Women 3m (Prelim),Prelim,40343,Paola,Pineda,18,302.3,2275,Ohio State University,,2025,NCAA-Championships,Senior/Open,,Female,3M,Senior Women 3M,false,false,,,,criteria-simulator/data.js
11522,2025 NCAA Div I Womens Swimming and Diving Championships,Senior Women 3m (Prelim),Prelim,65393,Anna,Kwong,19,300.95,2694,Texas Christian University,,2025,NCAA-Championships,Senior/Open,,Female,3M,Senior Women 3M,false,false,,,,criteria-simulator/data.js
11522,2025 NCAA Div I Womens Swimming and Diving Championships,Senior Women 3m (Prelim),Prelim,74085,Abigail,Baxter,20,299.45,2698,"University of Nebraska, Lincoln",,2025,NCAA-Championships,Senior/Open,,Female,3M,Senior Women 3M,false,false,,,,criteria-simulator/data.js
11522,2025 NCAA Div I Womens Swimming and Diving Championships,Senior Women 3m (Prelim),Prelim,40720,Samantha,Vear,21,298.3,2289,Florida State University,,2025,NCAA-Championships,Senior/Open,,Female,3M,Senior Women 3M,false,false,,,,criteria-simulator/data.js
11522,2025 NCAA Div I Womens Swimming and Diving Championships,Senior Women 3m (Prelim),Prelim,40301,Viviana,Del Angel,22,297.6,2151,"University of Minnesota, Twin Cities",,2025,NCAA-Championships,Senior/Open,,Female,3M,Senior Women 3M,false,false,,,,criteria-simulator/data.js
11522,2025 NCAA Div I Womens Swimming and Diving Championships,Senior Women 3m (Prelim),Prelim,52300,Kayleigh,Clark,23,294.5,2289,Florida State University,,2025,NCAA-Championships,Senior/Open,,Female,3M,Senior Women 3M,false,false,,,,criteria-simulator/data.js
11522,2025 NCAA Div I Womens Swimming and Diving Championships,Senior Women 3m (Prelim),Prelim,64569,Ella,Roselli,24,292.5,1136,"Indiana University, Bloomington",,2025,NCAA-Championships,Senior/Open,,Female,3M,Senior Women 3M,false,false,,,,criteria-simulator/data.js
11522,2025 NCAA Div I Womens Swimming and Diving Championships,Senior Women 3m (Prelim),Prelim,74457,Holly,Prasanto,25,290.55,2757,Rutgers State University NJ NBrunswick,,2025,NCAA-Championships,Senior/Open,,Female,3M,Senior Women 3M,false,false,,,,criteria-simulator/data.js
11522,2025 NCAA Div I Womens Swimming and Diving Championships,Senior Women 3m (Prelim),Prelim,80206,Eden,Cheng,26,290.2,2574,"University of California, Los Angeles",,2025,NCAA-Championships,Senior/Open,,Female,3M,Senior Women 3M,false,false,,,,criteria-simulator/data.js
11522,2025 NCAA Div I Womens Swimming and Diving Championships,Senior Women 3m (Prelim),Prelim,45635,Lanie,Gutch,27,286.55,2865,"University of North Carolina, Chapel Hill",,2025,NCAA-Championships,Senior/Open,,Female,3M,Senior Women 3M,false,false,,,,criteria-simulator/data.js
11522,2025 NCAA Div I Womens Swimming and Diving Championships,Senior Women 3m (Prelim),Prelim,48801,Bailee,Sturgill,28,285.7,2757,Rutgers State University NJ NBrunswick,,2025,NCAA-Championships,Senior/Open,,Female,3M,Senior Women 3M,false,false,,,,criteria-simulator/data.js
11522,2025 NCAA Div I Womens Swimming and Diving Championships,Senior Women 3m (Prelim),Prelim,53351,Emilie,Moore,29,280.8,2305,Stanford University,,2025,NCAA-Championships,Senior/Open,,Female,3M,Senior Women 3M,false,false,,,,criteria-simulator/data.js
11522,2025 NCAA Div I Womens Swimming and Diving Championships,Senior Women 3m (Prelim),Prelim,170739,Callie,Eaglestone,30,277.8,2282,University of Utah,,2025,NCAA-Championships,Senior/Open,,Female,3M,Senior Women 3M,false,false,,,,criteria-simulator/data.js
11522,2025 NCAA Div I Womens Swimming and Diving Championships,Senior Women 3m (Prelim),Prelim,54651,Michelle,McLeod,31,274.2,2416,University of Houston,,2025,NCAA-Championships,Senior/Open,,Female,3M,Senior Women 3M,false,false,,,,criteria-simulator/data.js
11522,2025 NCAA Div I Womens Swimming and Diving Championships,Senior Women 3m (Prelim),Prelim,102140,Camyla,Monroy,32,270.75,2575,University of Florida,,2025,NCAA-Championships,Senior/Open,,Female,3M,Senior Women 3M,false,false,,,,criteria-simulator/data.js
11522,2025 NCAA Div I Womens Swimming and Diving Championships,Senior Women 3m (Prelim),Prelim,60723,Alexia,Jackson,33,270.65,2933,Brigham Young University,,2025,NCAA-Championships,Senior/Open,,Female,3M,Senior Women 3M,false,false,,,,criteria-simulator/data.js
11522,2025 NCAA Div I Womens Swimming and Diving Championships,Senior Women 3m (Prelim),Prelim,27296,Margo,OMeara,34,270.3,2858,Duke University,,2025,NCAA-Championships,Senior/Open,,Female,3M,Senior Women 3M,false,false,,,,criteria-simulator/data.js
11522,2025 NCAA Div I Womens Swimming and Diving Championships,Senior Women 3m (Prelim),Prelim,50083,Gloria,Lai,35,267.6,2752,Yale University,,2025,NCAA-Championships,Senior/Open,,Female,3M,Senior Women 3M,false,false,,,,criteria-simulator/data.js
11522,2025 NCAA Div I Womens Swimming and Diving Championships,Senior Women 3m (Prelim),Prelim,80178,Sephora,Ford,36,265.8,2757,Rutgers State University NJ NBrunswick,,2025,NCAA-Championships,Senior/Open,,Female,3M,Senior Women 3M,false,false,,,,criteria-simulator/data.js
11522,2025 NCAA Div I Womens Swimming and Diving Championships,Senior Women 3m (Prelim),Prelim,51656,Megan,Jolly,37,265.75,2572,"University of Missouri, Columbia",,2025,NCAA-Championships,Senior/Open,,Female,3M,Senior Women 3M,false,false,,,,criteria-simulator/data.js
11522,2025 NCAA Div I Womens Swimming and Diving Championships,Senior Women 3m (Prelim),Prelim,38142,Avery,Worobel,38,265.1,2142,Purdue University,,2025,NCAA-Championships,Senior/Open,,Female,3M,Senior Women 3M,false,false,,,,criteria-simulator/data.js
11522,2025 NCAA Div I Womens Swimming and Diving Championships,Senior Women 3m (Prelim),Prelim,65344,Charlotte,Martinkus,39,264.8,2491,Princeton University,,2025,NCAA-Championships,Senior/Open,,Female,3M,Senior Women 3M,false,false,,,,criteria-simulator/data.js
11522,2025 NCAA Div I Womens Swimming and Diving Championships,Senior Women 3m (Prelim),Prelim,30938,Valentina,Lopez Arevalo,40,261.95,2952,San Diego State University,,2025,NCAA-Championships,Senior/Open,,Female,3M,Senior Women 3M,false,false,,,,criteria-simulator/data.js
11522,2025 NCAA Div I Womens Swimming and Diving Championships,Senior Women 3m (Prelim),Prelim,42388,Lauren,Burch,41,255.95,2305,Stanford University,,2025,NCAA-Championships,Senior/Open,,Female,3M,Senior Women 3M,false,false,,,,criteria-simulator/data.js
11522,2025 NCAA Div I Womens Swimming and Diving Championships,Senior Women 3m (Prelim),Prelim,61099,Grace,Courtney,42,254.05,2277,University of Notre Dame,,2025,NCAA-Championships,Senior/Open,,Female,3M,Senior Women 3M,false,false,,,,criteria-simulator/data.js
11522,2025 NCAA Div I Womens Swimming and Diving Championships,Senior Women 3m (Prelim),Prelim,43143,Violet,Williamson,43,248.65,2568,"University of California, Berkeley",,2025,NCAA-Championships,Senior/Open,,Female,3M,Senior Women 3M,false,false,,,,criteria-simulator/data.js
11522,2025 NCAA Div I Womens Swimming and Diving Championships,Senior Women 3m (Prelim),Prelim,74661,Holly,Waxman,44,247.05,2282,University of Utah,,2025,NCAA-Championships,Senior/Open,,Female,3M,Senior Women 3M,false,false,,,,criteria-simulator/data.js
11522,2025 NCAA Div I Womens Swimming and Diving Championships,Senior Women 3m (Prelim),Prelim,34064,Katerina,Hoffman,45,245.15,2757,Rutgers State University NJ NBrunswick,,2025,NCAA-Championships,Senior/Open,,Female,3M,Senior Women 3M,false,false,,,,criteria-simulator/data.js
11522,2025 NCAA Div I Womens Swimming and Diving Championships,Senior Women 3m (Prelim),Prelim,52569,Lindsay,Gizzi,46,242.05,2304,University of Louisville,,2025,NCAA-Championships,Senior/Open,,Female,3M,Senior Women 3M,false,false,,,,criteria-simulator/data.js
11522,2025 NCAA Div I Womens Swimming and Diving Championships,Senior Women 3m (Prelim),Prelim,69231,Else,Praasterink,47,228.4,2693,"Texas AandM University, College Station",,2025,NCAA-Championships,Senior/Open,,Female,3M,Senior Women 3M,false,false,,,,criteria-simulator/data.js
11522,2025 NCAA Div I Womens Swimming and Diving Championships,Senior Women 3m (Prelim),Prelim,48805,Elizabeth,Kaye,48,201.0,2868,University of Virginia,,2025,NCAA-Championships,Senior/Open,,Female,3M,Senior Women 3M,false,false,,,,criteria-simulator/data.js
11522,2025 NCAA Div I Womens Swimming and Diving Championships,Senior Women 3m (Final),Final,43990,Alejandra,Estudillo,1,389.4,4141,The University of Texas,,2025,NCAA-Championships,Senior/Open,,Female,3M,Senior Women 3M,false,false,,,,criteria-simulator/data.js
11522,2025 NCAA Div I Womens Swimming and Diving Championships,Senior Women 3m (Final),Final,65234,Chiara,Pellacani,2,387.6,1102,University of Miami,,2025,NCAA-Championships,Senior/Open,,Female,3M,Senior Women 3M,false,false,,,,criteria-simulator/data.js
11522,2025 NCAA Div I Womens Swimming and Diving Championships,Senior Women 3m (Final),Final,82821,Skyler,Liu,3,382.35,1136,"Indiana University, Bloomington",,2025,NCAA-Championships,Senior/Open,,Female,3M,Senior Women 3M,false,false,,,,criteria-simulator/data.js
11522,2025 NCAA Div I Womens Swimming and Diving Championships,Senior Women 3m (Final),Final,66429,Mia,Vallee,4,371.95,1102,University of Miami,,2025,NCAA-Championships,Senior/Open,,Female,3M,Senior Women 3M,false,false,,,,criteria-simulator/data.js
11522,2025 NCAA Div I Womens Swimming and Diving Championships,Senior Women 3m (Final),Final,26451,Aranza,Vazquez Montano,5,361.15,2865,"University of North Carolina, Chapel Hill",,2025,NCAA-Championships,Senior/Open,,Female,3M,Senior Women 3M,false,false,,,,criteria-simulator/data.js
11522,2025 NCAA Div I Womens Swimming and Diving Championships,Senior Women 3m (Final),Final,102222,Shiyun,Lai,6,357.4,2697,University of Kansas,,2025,NCAA-Championships,Senior/Open,,Female,3M,Senior Women 3M,false,false,,,,criteria-simulator/data.js
11522,2025 NCAA Div I Womens Swimming and Diving Championships,Senior Women 3m (Final),Final,67814,Bayleigh,Cranford,7,337.65,4141,The University of Texas,,2025,NCAA-Championships,Senior/Open,,Female,3M,Senior Women 3M,false,false,,,,criteria-simulator/data.js
11522,2025 NCAA Div I Womens Swimming and Diving Championships,Senior Women 3m (Final),Final,41728,Daryn,Wright,8,329.75,2142,Purdue University,,2025,NCAA-Championships,Senior/Open,,Female,3M,Senior Women 3M,false,false,,,,criteria-simulator/data.js
11522,2025 NCAA Div I Womens Swimming and Diving Championships,Senior Women 3m (Final),Final,26319,Sophia,McAfee,1,350.9,2142,Purdue University,,2025,NCAA-Championships,Senior/Open,,Female,3M,Senior Women 3M,false,false,,,,criteria-simulator/data.js
11522,2025 NCAA Div I Womens Swimming and Diving Championships,Senior Women 3m (Final),Final,34180,Hailey,Hernandez,2,348.15,4141,The University of Texas,,2025,NCAA-Championships,Senior/Open,,Female,3M,Senior Women 3M,false,false,,,,criteria-simulator/data.js
11522,2025 NCAA Div I Womens Swimming and Diving Championships,Senior Women 3m (Final),Final,43980,Sophie,Verzyl,3,331.55,2280,"University of South Carolina, Columbia",,2025,NCAA-Championships,Senior/Open,,Female,3M,Senior Women 3M,false,false,,,,criteria-simulator/data.js
11522,2025 NCAA Div I Womens Swimming and Diving Championships,Senior Women 3m (Final),Final,32619,Brooke,Earley,4,327.45,2932,University of Arizona,,2025,NCAA-Championships,Senior/Open,,Female,3M,Senior Women 3M,false,false,,,,criteria-simulator/data.js
11522,2025 NCAA Div I Womens Swimming and Diving Championships,Senior Women 3m (Final),Final,162208,Maria,Sanchez - Moreno,5,326.7,2695,"University of Arkansas, Fayetteville",,2025,NCAA-Championships,Senior/Open,,Female,3M,Senior Women 3M,false,false,,,,criteria-simulator/data.js
11522,2025 NCAA Div I Womens Swimming and Diving Championships,Senior Women 3m (Final),Final,41444,Lily,Witte,6,324.45,1136,"Indiana University, Bloomington",,2025,NCAA-Championships,Senior/Open,,Female,3M,Senior Women 3M,false,false,,,,criteria-simulator/data.js
11522,2025 NCAA Div I Womens Swimming and Diving Championships,Senior Women 3m (Final),Final,100780,Kate,Miller,7,316.65,2941,University of Southern California,,2025,NCAA-Championships,Senior/Open,,Female,3M,Senior Women 3M,false,false,,,,criteria-simulator/data.js
11522,2025 NCAA Div I Womens Swimming and Diving Championships,Senior Women 3m (Final),Final,80250,Kiarra,Milligan,8,237.3,2358,University of Michigan,,2025,NCAA-Championships,Senior/Open,,Female,3M,Senior Women 3M,false,false,,,,criteria-simulator/data.js
11522,2025 NCAA Div I Womens Swimming and Diving Championships,Senior Women Platform (Final),Final,43990,Alejandra,Estudillo,1,321.4,4141,The University of Texas,,2025,NCAA-Championships,Senior/Open,,Female,Platform,Senior Women Platform,false,false,,,,criteria-simulator/data.js
11522,2025 NCAA Div I Womens Swimming and Diving Championships,Senior Women Platform (Final),Final,80206,Eden,Cheng,2,311.2,2574,"University of California, Los Angeles",,2025,NCAA-Championships,Senior/Open,,Female,Platform,Senior Women Platform,false,false,,,,criteria-simulator/data.js
11522,2025 NCAA Div I Womens Swimming and Diving Championships,Senior Women Platform (Final),Final,26451,Aranza,Vazquez Montano,3,304.95,2865,"University of North Carolina, Chapel Hill",,2025,NCAA-Championships,Senior/Open,,Female,Platform,Senior Women Platform,false,false,,,,criteria-simulator/data.js
11522,2025 NCAA Div I Womens Swimming and Diving Championships,Senior Women Platform (Final),Final,64569,Ella,Roselli,4,302.95,1136,"Indiana University, Bloomington",,2025,NCAA-Championships,Senior/Open,,Female,Platform,Senior Women Platform,false,false,,,,criteria-simulator/data.js
11522,2025 NCAA Div I Womens Swimming and Diving Championships,Senior Women Platform (Final),Final,169548,Emily,Hallifax,5,293.7,2300,Auburn University,,2025,NCAA-Championships,Senior/Open,,Female,Platform,Senior Women Platform,false,false,,,,criteria-simulator/data.js
11522,2025 NCAA Div I Womens Swimming and Diving Championships,Senior Women Platform (Final),Final,54651,Michelle,McLeod,6,276.2,2416,University of Houston,,2025,NCAA-Championships,Senior/Open,,Female,Platform,Senior Women Platform,false,false,,,,criteria-simulator/data.js
11522,2025 NCAA Div I Womens Swimming and Diving Championships,Senior Women Platform (Final),Final,80178,Sephora,Ford,7,270.0,2757,Rutgers State University NJ NBrunswick,,2025,NCAA-Championships,Senior/Open,,Female,Platform,Senior Women Platform,false,false,,,,criteria-simulator/data.js
11522,2025 NCAA Div I Womens Swimming and Diving Championships,Senior Women Platform (Final),Final,21842,Jenna,Sonnenberg,8,236.4,2142,Purdue University,,2025,NCAA-Championships,Senior/Open,,Female,Platform,Senior Women Platform,false,false,,,,criteria-simulator/data.js
11522,2025 NCAA Div I Womens Swimming and Diving Championships,Senior Women Platform (Prelim),Prelim,41728,Daryn,Wright,1,361.65,2142,Purdue University,,2025,NCAA-Championships,Senior/Open,,Female,Platform,Senior Women Platform,false,false,,,,criteria-simulator/data.js
11522,2025 NCAA Div I Womens Swimming and Diving Championships,Senior Women Platform (Prelim),Prelim,82821,Skyler,Liu,2,330.75,1136,"Indiana University, Bloomington",,2025,NCAA-Championships,Senior/Open,,Female,Platform,Senior Women Platform,false,false,,,,criteria-simulator/data.js
11522,2025 NCAA Div I Womens Swimming and Diving Championships,Senior Women Platform (Prelim),Prelim,67814,Bayleigh,Cranford,3,319.6,4141,The University of Texas,,2025,NCAA-Championships,Senior/Open,,Female,Platform,Senior Women Platform,false,false,,,,criteria-simulator/data.js
11522,2025 NCAA Div I Womens Swimming and Diving Championships,Senior Women Platform (Prelim),Prelim,40301,Viviana,Del Angel,4,310.1,2151,"University of Minnesota, Twin Cities",,2025,NCAA-Championships,Senior/Open,,Female,Platform,Senior Women Platform,false,false,,,,criteria-simulator/data.js
11522,2025 NCAA Div I Womens Swimming and Diving Championships,Senior Women Platform (Prelim),Prelim,69231,Else,Praasterink,5,306.35,2693,"Texas AandM University, College Station",,2025,NCAA-Championships,Senior/Open,,Female,Platform,Senior Women Platform,false,false,,,,criteria-simulator/data.js
11522,2025 NCAA Div I Womens Swimming and Diving Championships,Senior Women Platform (Prelim),Prelim,69061,Montserrat,Lavenant,6,304.8,2862,Louisiana State University,,2025,NCAA-Championships,Senior/Open,,Female,Platform,Senior Women Platform,false,false,,,,criteria-simulator/data.js
11522,2025 NCAA Div I Womens Swimming and Diving Championships,Senior Women Platform (Prelim),Prelim,58345,Anna,Lemkin,7,296.4,2305,Stanford University,,2025,NCAA-Championships,Senior/Open,,Female,Platform,Senior Women Platform,false,false,,,,criteria-simulator/data.js
11522,2025 NCAA Div I Womens Swimming and Diving Championships,Senior Women Platform (Prelim),Prelim,26319,Sophia,McAfee,8,289.0,2142,Purdue University,,2025,NCAA-Championships,Senior/Open,,Female,Platform,Senior Women Platform,false,false,,,,criteria-simulator/data.js
11522,2025 NCAA Div I Womens Swimming and Diving Championships,Senior Women Platform (Prelim),Prelim,43990,Alejandra,Estudillo,9,287.65,4141,The University of Texas,,2025,NCAA-Championships,Senior/Open,,Female,Platform,Senior Women Platform,false,false,,,,criteria-simulator/data.js
11522,2025 NCAA Div I Womens Swimming and Diving Championships,Senior Women Platform (Prelim),Prelim,80206,Eden,Cheng,10,282.05,2574,"University of California, Los Angeles",,2025,NCAA-Championships,Senior/Open,,Female,Platform,Senior Women Platform,false,false,,,,criteria-simulator/data.js
11522,2025 NCAA Div I Womens Swimming and Diving Championships,Senior Women Platform (Prelim),Prelim,54651,Michelle,McLeod,11,275.9,2416,University of Houston,,2025,NCAA-Championships,Senior/Open,,Female,Platform,Senior Women Platform,false,false,,,,criteria-simulator/data.js
11522,2025 NCAA Div I Womens Swimming and Diving Championships,Senior Women Platform (Prelim),Prelim,169548,Emily,Hallifax,12,275.3,2300,Auburn University,,2025,NCAA-Championships,Senior/Open,,Female,Platform,Senior Women Platform,false,false,,,,criteria-simulator/data.js
11522,2025 NCAA Div I Womens Swimming and Diving Championships,Senior Women Platform (Prelim),Prelim,64569,Ella,Roselli,13,271.8,1136,"Indiana University, Bloomington",,2025,NCAA-Championships,Senior/Open,,Female,Platform,Senior Women Platform,false,false,,,,criteria-simulator/data.js
11522,2025 NCAA Div I Womens Swimming and Diving Championships,Senior Women Platform (Prelim),Prelim,26451,Aranza,Vazquez Montano,14,270.75,2865,"University of North Carolina, Chapel Hill",,2025,NCAA-Championships,Senior/Open,,Female,Platform,Senior Women Platform,false,false,,,,criteria-simulator/data.js
11522,2025 NCAA Div I Womens Swimming and Diving Championships,Senior Women Platform (Prelim),Prelim,21842,Jenna,Sonnenberg,15,270.65,2142,Purdue University,,2025,NCAA-Championships,Senior/Open,,Female,Platform,Senior Women Platform,false,false,,,,criteria-simulator/data.js
11522,2025 NCAA Div I Womens Swimming and Diving Championships,Senior Women Platform (Prelim),Prelim,80178,Sephora,Ford,16,269.8,2757,Rutgers State University NJ NBrunswick,,2025,NCAA-Championships,Senior/Open,,Female,Platform,Senior Women Platform,false,false,,,,criteria-simulator/data.js
11522,2025 NCAA Div I Womens Swimming and Diving Championships,Senior Women Platform (Prelim),Prelim,102140,Camyla,Monroy,17,267.8,2575,University of Florida,,2025,NCAA-Championships,Senior/Open,,Female,Platform,Senior Women Platform,false,false,,,,criteria-simulator/data.js
11522,2025 NCAA Div I Womens Swimming and Diving Championships,Senior Women Platform (Prelim),Prelim,171577,Sofia,Knight,18,267.6,2865,"University of North Carolina, Chapel Hill",,2025,NCAA-Championships,Senior/Open,,Female,Platform,Senior Women Platform,false,false,,,,criteria-simulator/data.js
11522,2025 NCAA Div I Womens Swimming and Diving Championships,Senior Women Platform (Prelim),Prelim,52300,Kayleigh,Clark,19,262.6,2289,Florida State University,,2025,NCAA-Championships,Senior/Open,,Female,Platform,Senior Women Platform,false,false,,,,criteria-simulator/data.js
11522,2025 NCAA Div I Womens Swimming and Diving Championships,Senior Women Platform (Prelim),Prelim,45635,Lanie,Gutch,20,260.9,2865,"University of North Carolina, Chapel Hill",,2025,NCAA-Championships,Senior/Open,,Female,Platform,Senior Women Platform,false,false,,,,criteria-simulator/data.js
11522,2025 NCAA Div I Womens Swimming and Diving Championships,Senior Women Platform (Prelim),Prelim,40343,Paola,Pineda,21,256.8,2275,Ohio State University,,2025,NCAA-Championships,Senior/Open,,Female,Platform,Senior Women Platform,false,false,,,,criteria-simulator/data.js
11522,2025 NCAA Div I Womens Swimming and Diving Championships,Senior Women Platform (Prelim),Prelim,60826,Maggie,Buckley,22,256.15,2862,Louisiana State University,,2025,NCAA-Championships,Senior/Open,,Female,Platform,Senior Women Platform,false,false,,,,criteria-simulator/data.js
11522,2025 NCAA Div I Womens Swimming and Diving Championships,Senior Women Platform (Prelim),Prelim,45556,Sammantha,Helmboldt,23,251.5,2304,University of Louisville,,2025,NCAA-Championships,Senior/Open,,Female,Platform,Senior Women Platform,false,false,,,,criteria-simulator/data.js
11522,2025 NCAA Div I Womens Swimming and Diving Championships,Senior Women Platform (Prelim),Prelim,162208,Maria,Sanchez - Moreno,24,251.2,2695,"University of Arkansas, Fayetteville",,2025,NCAA-Championships,Senior/Open,,Female,Platform,Senior Women Platform,false,false,,,,criteria-simulator/data.js
11522,2025 NCAA Div I Womens Swimming and Diving Championships,Senior Women Platform (Prelim),Prelim,48801,Bailee,Sturgill,25,247.65,2757,Rutgers State University NJ NBrunswick,,2025,NCAA-Championships,Senior/Open,,Female,Platform,Senior Women Platform,false,false,,,,criteria-simulator/data.js
11522,2025 NCAA Div I Womens Swimming and Diving Championships,Senior Women Platform (Prelim),Prelim,35202,Frida,Zuniga Guzman,26,246.7,2859,East Carolina University,,2025,NCAA-Championships,Senior/Open,,Female,Platform,Senior Women Platform,false,false,,,,criteria-simulator/data.js
11522,2025 NCAA Div I Womens Swimming and Diving Championships,Senior Women Platform (Prelim),Prelim,69089,Anna,Bradescu,27,246.5,2861,Georgia Institute of Technology,,2025,NCAA-Championships,Senior/Open,,Female,Platform,Senior Women Platform,false,false,,,,criteria-simulator/data.js
11522,2025 NCAA Div I Womens Swimming and Diving Championships,Senior Women Platform (Prelim),Prelim,67336,Mia,Henninger,28,244.4,2572,"University of Missouri, Columbia",,2025,NCAA-Championships,Senior/Open,,Female,Platform,Senior Women Platform,false,false,,,,criteria-simulator/data.js
11522,2025 NCAA Div I Womens Swimming and Diving Championships,Senior Women Platform (Prelim),Prelim,35987,Zara,Joy Ayazi,29,244.0,2932,University of Arizona,,2025,NCAA-Championships,Senior/Open,,Female,Platform,Senior Women Platform,false,false,,,,criteria-simulator/data.js
11522,2025 NCAA Div I Womens Swimming and Diving Championships,Senior Women Platform (Prelim),Prelim,53351,Emilie,Moore,30,241.35,2305,Stanford University,,2025,NCAA-Championships,Senior/Open,,Female,Platform,Senior Women Platform,false,false,,,,criteria-simulator/data.js
11522,2025 NCAA Div I Womens Swimming and Diving Championships,Senior Women Platform (Prelim),Prelim,74661,Holly,Waxman,31,238.15,2282,University of Utah,,2025,NCAA-Championships,Senior/Open,,Female,Platform,Senior Women Platform,false,false,,,,criteria-simulator/data.js
11522,2025 NCAA Div I Womens Swimming and Diving Championships,Senior Women Platform (Prelim),Prelim,34064,Katerina,Hoffman,32,237.25,2757,Rutgers State University NJ NBrunswick,,2025,NCAA-Championships,Senior/Open,,Female,Platform,Senior Women Platform,false,false,,,,criteria-simulator/data.js
11522,2025 NCAA Div I Womens Swimming and Diving Championships,Senior Women Platform (Prelim),Prelim,56312,Kathryn,Grant,33,234.3,2282,University of Utah,,2025,NCAA-Championships,Senior/Open,,Female,Platform,Senior Women Platform,false,false,,,,criteria-simulator/data.js
11522,2025 NCAA Div I Womens Swimming and Diving Championships,Senior Women Platform (Prelim),Prelim,74365,Jessica,Vega,34,230.85,2303,University of Pittsburgh,,2025,NCAA-Championships,Senior/Open,,Female,Platform,Senior Women Platform,false,false,,,,criteria-simulator/data.js
11522,2025 NCAA Div I Womens Swimming and Diving Championships,Senior Women Platform (Prelim),Prelim,48805,Elizabeth,Kaye,35,230.1,2868,University of Virginia,,2025,NCAA-Championships,Senior/Open,,Female,Platform,Senior Women Platform,false,false,,,,criteria-simulator/data.js
11522,2025 NCAA Div I Womens Swimming and Diving Championships,Senior Women Platform (Prelim),Prelim,73332,Casey,Greenberg,36,229.85,2575,University of Florida,,2025,NCAA-Championships,Senior/Open,,Female,Platform,Senior Women Platform,false,false,,,,criteria-simulator/data.js
11522,2025 NCAA Div I Womens Swimming and Diving Championships,Senior Women Platform (Prelim),Prelim,54075,Mary,Kate Cavanaugh,37,229.4,1136,"Indiana University, Bloomington",,2025,NCAA-Championships,Senior/Open,,Female,Platform,Senior Women Platform,false,false,,,,criteria-simulator/data.js
11522,2025 NCAA Div I Womens Swimming and Diving Championships,Senior Women Platform (Prelim),Prelim,100780,Kate,Miller,38,228.85,2941,University of Southern California,,2025,NCAA-Championships,Senior/Open,,Female,Platform,Senior Women Platform,false,false,,,,criteria-simulator/data.js
11522,2025 NCAA Div I Womens Swimming and Diving Championships,Senior Women Platform (Prelim),Prelim,42388,Lauren,Burch,39,227.35,2305,Stanford University,,2025,NCAA-Championships,Senior/Open,,Female,Platform,Senior Women Platform,false,false,,,,criteria-simulator/data.js
11522,2025 NCAA Div I Womens Swimming and Diving Championships,Senior Women Platform (Prelim),Prelim,161601,Mariana,Osorio Mendoza,40,223.8,2303,University of Pittsburgh,,2025,NCAA-Championships,Senior/Open,,Female,Platform,Senior Women Platform,false,false,,,,criteria-simulator/data.js
11522,2025 NCAA Div I Womens Swimming and Diving Championships,Senior Women Platform (Prelim),Prelim,41444,Lily,Witte,41,220.05,1136,"Indiana University, Bloomington",,2025,NCAA-Championships,Senior/Open,,Female,Platform,Senior Women Platform,false,false,,,,criteria-simulator/data.js
11522,2025 NCAA Div I Womens Swimming and Diving Championships,Senior Women Platform (Prelim),Prelim,36886,Isabella,Chen,42,218.2,2287,Northwestern University,,2025,NCAA-Championships,Senior/Open,,Female,Platform,Senior Women Platform,false,false,,,,criteria-simulator/data.js
11522,2025 NCAA Div I Womens Swimming and Diving Championships,Senior Women Platform (Prelim),Prelim,60723,Alexia,Jackson,43,210.35,2933,Brigham Young University,,2025,NCAA-Championships,Senior/Open,,Female,Platform,Senior Women Platform,false,false,,,,criteria-simulator/data.js
11522,2025 NCAA Div I Womens Swimming and Diving Championships,Senior Women Platform (Prelim),Prelim,53953,Abby,Devereaux,44,208.9,2306,University of Kentucky,,2025,NCAA-Championships,Senior/Open,,Female,Platform,Senior Women Platform,false,false,,,,criteria-simulator/data.js
11522,2025 NCAA Div I Womens Swimming and Diving Championships,Senior Women Platform (Prelim),Prelim,170670,Meg,Lupa,45,208.35,2365,Eastern Michigan University,,2025,NCAA-Championships,Senior/Open,,Female,Platform,Senior Women Platform,false,false,,,,criteria-simulator/data.js
11522,2025 NCAA Div I Womens Swimming and Diving Championships,Senior Women Platform (Prelim),Prelim,80189,Grace,Ally,46,181.95,3561,"California State University, Fresno",,2025,NCAA-Championships,Senior/Open,,Female,Platform,Senior Women Platform,false,false,,,,criteria-simulator/data.js
11522,2025 NCAA Div I Womens Swimming and Diving Championships,Senior Women Platform (Prelim),Prelim,49312,Maya,Salvitti,47,170.6,2574,"University of California, Los Angeles",,2025,NCAA-Championships,Senior/Open,,Female,Platform,Senior Women Platform,false,false,,,,criteria-simulator/data.js
11522,2025 NCAA Div I Womens Swimming and Diving Championships,Senior Women Platform (Final),Final,82821,Skyler,Liu,1,382.15,1136,"Indiana University, Bloomington",,2025,NCAA-Championships,Senior/Open,,Female,Platform,Senior Women Platform,false,false,,,,criteria-simulator/data.js
11522,2025 NCAA Div I Womens Swimming and Diving Championships,Senior Women Platform (Final),Final,69061,Montserrat,Lavenant,2,375.4,2862,Louisiana State University,,2025,NCAA-Championships,Senior/Open,,Female,Platform,Senior Women Platform,false,false,,,,criteria-simulator/data.js
11522,2025 NCAA Div I Womens Swimming and Diving Championships,Senior Women Platform (Final),Final,40301,Viviana,Del Angel,3,371.5,2151,"University of Minnesota, Twin Cities",,2025,NCAA-Championships,Senior/Open,,Female,Platform,Senior Women Platform,false,false,,,,criteria-simulator/data.js
11522,2025 NCAA Div I Womens Swimming and Diving Championships,Senior Women Platform (Final),Final,41728,Daryn,Wright,4,358.7,2142,Purdue University,,2025,NCAA-Championships,Senior/Open,,Female,Platform,Senior Women Platform,false,false,,,,criteria-simulator/data.js
11522,2025 NCAA Div I Womens Swimming and Diving Championships,Senior Women Platform (Final),Final,58345,Anna,Lemkin,5,339.6,2305,Stanford University,,2025,NCAA-Championships,Senior/Open,,Female,Platform,Senior Women Platform,false,false,,,,criteria-simulator/data.js
11522,2025 NCAA Div I Womens Swimming and Diving Championships,Senior Women Platform (Final),Final,67814,Bayleigh,Cranford,6,328.5,4141,The University of Texas,,2025,NCAA-Championships,Senior/Open,,Female,Platform,Senior Women Platform,false,false,,,,criteria-simulator/data.js
11522,2025 NCAA Div I Womens Swimming and Diving Championships,Senior Women Platform (Final),Final,26319,Sophia,McAfee,7,317.1,2142,Purdue University,,2025,NCAA-Championships,Senior/Open,,Female,Platform,Senior Women Platform,false,false,,,,criteria-simulator/data.js
11522,2025 NCAA Div I Womens Swimming and Diving Championships,Senior Women Platform (Final),Final,69231,Else,Praasterink,8,278.0,2693,"Texas AandM University, College Station",,2025,NCAA-Championships,Senior/Open,,Female,Platform,Senior Women Platform,false,false,,,,criteria-simulator/data.js
12846,2026 NCAA Div I Mens Swimming and Diving Championships,Senior Men 1m (Prelim),Prelim,171039,Moritz,Wesemann,1,406.85,2941,University of Southern California,,2026,NCAA-Championships,Senior/Open,,Male,1M,Senior Men 1M,false,false,,,,criteria-simulator/data.js
12846,2026 NCAA Div I Mens Swimming and Diving Championships,Senior Men 1m (Prelim),Prelim,59909,Luke,Sitz,2,379.65,2701,Southern Methodist University,,2026,NCAA-Championships,Senior/Open,,Male,1M,Senior Men 1M,false,false,,,,criteria-simulator/data.js
12846,2026 NCAA Div I Mens Swimming and Diving Championships,Senior Men 1m (Prelim),Prelim,38863,Max,Fowler,3,370.4,2861,Georgia Institute of Technology,,2026,NCAA-Championships,Senior/Open,,Male,1M,Senior Men 1M,false,false,,,,criteria-simulator/data.js
12846,2026 NCAA Div I Mens Swimming and Diving Championships,Senior Men 1m (Prelim),Prelim,36042,Bennett,Greene,4,370.2,2598,"University of Tennessee, Knoxville",,2026,NCAA-Championships,Senior/Open,,Male,1M,Senior Men 1M,false,false,,,,criteria-simulator/data.js
12846,2026 NCAA Div I Mens Swimming and Diving Championships,Senior Men 1m (Prelim),Prelim,173602,Jesus,Agundez,5,358.95,2575,University of Florida,,2026,NCAA-Championships,Senior/Open,,Male,1M,Senior Men 1M,false,false,,,,criteria-simulator/data.js
12846,2026 NCAA Div I Mens Swimming and Diving Championships,Senior Men 1m (Prelim),Prelim,81968,Elias,Petersen,6,352.9,2282,University of Utah,,2026,NCAA-Championships,Senior/Open,,Male,1M,Senior Men 1M,false,false,,,,criteria-simulator/data.js
12846,2026 NCAA Div I Mens Swimming and Diving Championships,Senior Men 1m (Prelim),Prelim,46723,Conor,Gesing,7,348.25,2575,University of Florida,,2026,NCAA-Championships,Senior/Open,,Male,1M,Senior Men 1M,false,false,,,,criteria-simulator/data.js
12846,2026 NCAA Div I Mens Swimming and Diving Championships,Senior Men 1m (Prelim),Prelim,174093,Matteo,Santoro,8,344.7,1102,University of Miami,,2026,NCAA-Championships,Senior/Open,,Male,1M,Senior Men 1M,false,false,,,,criteria-simulator/data.js
12846,2026 NCAA Div I Mens Swimming and Diving Championships,Senior Men 1m (Prelim),Prelim,63011,Gunnar,Grubbs,9,343.0,2305,Stanford University,,2026,NCAA-Championships,Senior/Open,,Male,1M,Senior Men 1M,false,false,,,,criteria-simulator/data.js
12846,2026 NCAA Div I Mens Swimming and Diving Championships,Senior Men 1m (Prelim),Prelim,46629,Zachary,Welsh,10,342.2,2142,Purdue University,,2026,NCAA-Championships,Senior/Open,,Male,1M,Senior Men 1M,false,false,,,,criteria-simulator/data.js
12846,2026 NCAA Div I Mens Swimming and Diving Championships,Senior Men 1m (Prelim),Prelim,65220,Thomas,Ciprick,11,340.6,2598,"University of Tennessee, Knoxville",,2026,NCAA-Championships,Senior/Open,,Male,1M,Senior Men 1M,false,false,,,,criteria-simulator/data.js
12846,2026 NCAA Div I Mens Swimming and Diving Championships,Senior Men 1m (Prelim),Prelim,170659,Jake,Passmore,12,334.15,1102,University of Miami,,2026,NCAA-Championships,Senior/Open,,Male,1M,Senior Men 1M,false,false,,,,criteria-simulator/data.js
12846,2026 NCAA Div I Mens Swimming and Diving Championships,Senior Men 1m (Prelim),Prelim,42966,Raymond,Winn IV,13,328.55,2304,University of Louisville,,2026,NCAA-Championships,Senior/Open,,Male,1M,Senior Men 1M,false,false,,,,criteria-simulator/data.js
12846,2026 NCAA Div I Mens Swimming and Diving Championships,Senior Men 1m (Prelim),Prelim,77196,Ethan,Swart,14,328.3,2300,Auburn University,,2026,NCAA-Championships,Senior/Open,,Male,1M,Senior Men 1M,false,false,,,,criteria-simulator/data.js
12846,2026 NCAA Div I Mens Swimming and Diving Championships,Senior Men 1m (Prelim),Prelim,42526,Gage,Dubois,15,327.8,2932,University of Arizona,,2026,NCAA-Championships,Senior/Open,,Male,1M,Senior Men 1M,false,false,,,,criteria-simulator/data.js
12846,2026 NCAA Div I Mens Swimming and Diving Championships,Senior Men 1m (Prelim),Prelim,46760,Jacob,Jones,16,327.25,4141,The University of Texas,,2026,NCAA-Championships,Senior/Open,,Male,1M,Senior Men 1M,false,false,,,,criteria-simulator/data.js
12846,2026 NCAA Div I Mens Swimming and Diving Championships,Senior Men 1m (Prelim),Prelim,45619,Joshua,Sollenberger,17,319.45,1136,"Indiana University, Bloomington",,2026,NCAA-Championships,Senior/Open,,Male,1M,Senior Men 1M,false,false,,,,criteria-simulator/data.js
12846,2026 NCAA Div I Mens Swimming and Diving Championships,Senior Men 1m (Prelim),Prelim,65361,Collier,Dyer,18,317.6,2572,"University of Missouri, Columbia",,2026,NCAA-Championships,Senior/Open,,Male,1M,Senior Men 1M,false,false,,,,criteria-simulator/data.js
12846,2026 NCAA Div I Mens Swimming and Diving Championships,Senior Men 1m (Prelim),Prelim,56428,Luke,Hernandez,19,317.5,2932,University of Arizona,,2026,NCAA-Championships,Senior/Open,,Male,1M,Senior Men 1M,false,false,,,,criteria-simulator/data.js
12846,2026 NCAA Div I Mens Swimming and Diving Championships,Senior Men 1m (Prelim),Prelim,42581,Luke,Forester,20,315.25,4141,The University of Texas,,2026,NCAA-Championships,Senior/Open,,Male,1M,Senior Men 1M,false,false,,,,criteria-simulator/data.js
12846,2026 NCAA Div I Mens Swimming and Diving Championships,Senior Men 1m (Prelim),Prelim,36090,Maxwell,Miller,21,314.95,2142,Purdue University,,2026,NCAA-Championships,Senior/Open,,Male,1M,Senior Men 1M,false,false,,,,criteria-simulator/data.js
12846,2026 NCAA Div I Mens Swimming and Diving Championships,Senior Men 1m (Prelim),Prelim,40067,Maxwell,Weinrich,22,313.95,1136,"Indiana University, Bloomington",,2026,NCAA-Championships,Senior/Open,,Male,1M,Senior Men 1M,false,false,,,,criteria-simulator/data.js
12846,2026 NCAA Div I Mens Swimming and Diving Championships,Senior Men 1m (Prelim),Prelim,64745,Andrew,Bennett,23,313.2,2151,"University of Minnesota, Twin Cities",,2026,NCAA-Championships,Senior/Open,,Male,1M,Senior Men 1M,false,false,,,,criteria-simulator/data.js
12846,2026 NCAA Div I Mens Swimming and Diving Championships,Senior Men 1m (Prelim),Prelim,52787,Grant,Cates,24,312.5,2701,Southern Methodist University,,2026,NCAA-Championships,Senior/Open,,Male,1M,Senior Men 1M,false,false,,,,criteria-simulator/data.js
12846,2026 NCAA Div I Mens Swimming and Diving Championships,Senior Men 1m (Prelim),Prelim,102379,Mario,Del Valle Jr,25,304.8,5430,California Baptist University,,2026,NCAA-Championships,Senior/Open,,Male,1M,Senior Men 1M,false,false,,,,criteria-simulator/data.js
12846,2026 NCAA Div I Mens Swimming and Diving Championships,Senior Men 1m (Prelim),Prelim,50623,Aidan,Wang,26,300.65,2491,Princeton University,,2026,NCAA-Championships,Senior/Open,,Male,1M,Senior Men 1M,false,false,,,,criteria-simulator/data.js
12846,2026 NCAA Div I Mens Swimming and Diving Championships,Senior Men 1m (Prelim),Prelim,34255,Joshua,Thai,27,299.6,2568,"University of California, Berkeley",,2026,NCAA-Championships,Senior/Open,,Male,1M,Senior Men 1M,false,false,,,,criteria-simulator/data.js
12846,2026 NCAA Div I Mens Swimming and Diving Championships,Senior Men 1m (Prelim),Prelim,80272,Carson,Paul,28,297.95,2862,Louisiana State University,,2026,NCAA-Championships,Senior/Open,,Male,1M,Senior Men 1M,false,false,,,,criteria-simulator/data.js
12846,2026 NCAA Div I Mens Swimming and Diving Championships,Senior Men 1m (Prelim),Prelim,46912,Sebastian,Otero,29,296.15,9801,"Indiana University, Indianapolis",,2026,NCAA-Championships,Senior/Open,,Male,1M,Senior Men 1M,false,false,,,,criteria-simulator/data.js
12846,2026 NCAA Div I Mens Swimming and Diving Championships,Senior Men 1m (Prelim),Prelim,41791,Nathaniel,Grannis,30,293.55,2142,Purdue University,,2026,NCAA-Championships,Senior/Open,,Male,1M,Senior Men 1M,false,false,,,,criteria-simulator/data.js
12846,2026 NCAA Div I Mens Swimming and Diving Championships,Senior Men 1m (Prelim),Prelim,43091,Rocky,Ramsland,31,293.4,2380,Virginia Polytechnic Institute and State University,,2026,NCAA-Championships,Senior/Open,,Male,1M,Senior Men 1M,false,false,,,,criteria-simulator/data.js
12846,2026 NCAA Div I Mens Swimming and Diving Championships,Senior Men 1m (Prelim),Prelim,73601,Nathan,Cox,32,292.45,2380,Virginia Polytechnic Institute and State University,,2026,NCAA-Championships,Senior/Open,,Male,1M,Senior Men 1M,false,false,,,,criteria-simulator/data.js
12846,2026 NCAA Div I Mens Swimming and Diving Championships,Senior Men 1m (Prelim),Prelim,46805,Tyler,Read,33,286.4,2275,Ohio State University,,2026,NCAA-Championships,Senior/Open,,Male,1M,Senior Men 1M,false,false,,,,criteria-simulator/data.js
12846,2026 NCAA Div I Mens Swimming and Diving Championships,Senior Men 1m (Prelim),Prelim,36901,Ryan,Augustine,34,283.9,2287,Northwestern University,,2026,NCAA-Championships,Senior/Open,,Male,1M,Senior Men 1M,false,false,,,,criteria-simulator/data.js
12846,2026 NCAA Div I Mens Swimming and Diving Championships,Senior Men 1m (Prelim),Prelim,41469,McCoy,Lyman,35,275.95,2599,Dartmouth College,,2026,NCAA-Championships,Senior/Open,,Male,1M,Senior Men 1M,false,false,,,,criteria-simulator/data.js
12846,2026 NCAA Div I Mens Swimming and Diving Championships,Senior Men 1m (Prelim),Prelim,174131,Ernest,Braitenbach,36,275.3,2275,Ohio State University,,2026,NCAA-Championships,Senior/Open,,Male,1M,Senior Men 1M,false,false,,,,criteria-simulator/data.js
12846,2026 NCAA Div I Mens Swimming and Diving Championships,Senior Men 1m (Prelim),Prelim,171592,Jesus,Gonzalez,37,275.1,2575,University of Florida,,2026,NCAA-Championships,Senior/Open,,Male,1M,Senior Men 1M,false,false,,,,criteria-simulator/data.js
12846,2026 NCAA Div I Mens Swimming and Diving Championships,Senior Men 1m (Prelim),Prelim,68362,Gael,Jimenez,38,273.3,5430,California Baptist University,,2026,NCAA-Championships,Senior/Open,,Male,1M,Senior Men 1M,false,false,,,,criteria-simulator/data.js
12846,2026 NCAA Div I Mens Swimming and Diving Championships,Senior Men 1m (Prelim),Prelim,73009,Tanner,Braunton,39,271.6,2572,"University of Missouri, Columbia",,2026,NCAA-Championships,Senior/Open,,Male,1M,Senior Men 1M,false,false,,,,criteria-simulator/data.js
12846,2026 NCAA Div I Mens Swimming and Diving Championships,Senior Men 1m (Prelim),Prelim,51233,Tyler,Wills,40,268.35,2142,Purdue University,,2026,NCAA-Championships,Senior/Open,,Male,1M,Senior Men 1M,false,false,,,,criteria-simulator/data.js
12846,2026 NCAA Div I Mens Swimming and Diving Championships,Senior Men 1m (Prelim),Prelim,43925,Bo,Bridges,41,260.25,2932,University of Arizona,,2026,NCAA-Championships,Senior/Open,,Male,1M,Senior Men 1M,false,false,,,,criteria-simulator/data.js
12846,2026 NCAA Div I Mens Swimming and Diving Championships,Senior Men 1m (Prelim),Prelim,170253,Juan,Ramirez Tamayo,42,257.2,2143,University of Hawaii,,2026,NCAA-Championships,Senior/Open,,Male,1M,Senior Men 1M,false,false,,,,criteria-simulator/data.js
12846,2026 NCAA Div I Mens Swimming and Diving Championships,Senior Men 1m (Prelim),Prelim,53348,Chase,Sorosky,43,256.45,2491,Princeton University,,2026,NCAA-Championships,Senior/Open,,Male,1M,Senior Men 1M,false,false,,,,criteria-simulator/data.js
12846,2026 NCAA Div I Mens Swimming and Diving Championships,Senior Men 1m (Prelim),Prelim,38657,Chase,Marafioto,44,250.55,2303,University of Pittsburgh,,2026,NCAA-Championships,Senior/Open,,Male,1M,Senior Men 1M,false,false,,,,criteria-simulator/data.js
12846,2026 NCAA Div I Mens Swimming and Diving Championships,Senior Men 1m (Prelim),Prelim,30120,Jacob,Fisher,45,249.6,2380,Virginia Polytechnic Institute and State University,,2026,NCAA-Championships,Senior/Open,,Male,1M,Senior Men 1M,false,false,,,,criteria-simulator/data.js
12846,2026 NCAA Div I Mens Swimming and Diving Championships,Senior Men 1m (Prelim),Prelim,170750,Noah,Bernard,46,224.65,2303,University of Pittsburgh,,2026,NCAA-Championships,Senior/Open,,Male,1M,Senior Men 1M,false,false,,,,criteria-simulator/data.js
12846,2026 NCAA Div I Mens Swimming and Diving Championships,Senior Men 1m (Prelim),Prelim,37692,Nicholas,Harris,47,34.5,4141,The University of Texas,,2026,NCAA-Championships,Senior/Open,,Male,1M,Senior Men 1M,false,false,,,,criteria-simulator/data.js
12846,2026 NCAA Div I Mens Swimming and Diving Championships,Senior Men 1m (Final),Final,59909,Luke,Sitz,1,428.1,2701,Southern Methodist University,,2026,NCAA-Championships,Senior/Open,,Male,1M,Senior Men 1M,false,false,,,,criteria-simulator/data.js
12846,2026 NCAA Div I Mens Swimming and Diving Championships,Senior Men 1m (Final),Final,174093,Matteo,Santoro,2,412.5,1102,University of Miami,,2026,NCAA-Championships,Senior/Open,,Male,1M,Senior Men 1M,false,false,,,,criteria-simulator/data.js
12846,2026 NCAA Div I Mens Swimming and Diving Championships,Senior Men 1m (Final),Final,36042,Bennett,Greene,3,400.9,2598,"University of Tennessee, Knoxville",,2026,NCAA-Championships,Senior/Open,,Male,1M,Senior Men 1M,false,false,,,,criteria-simulator/data.js
12846,2026 NCAA Div I Mens Swimming and Diving Championships,Senior Men 1m (Final),Final,173602,Jesus,Agundez,4,395.3,2575,University of Florida,,2026,NCAA-Championships,Senior/Open,,Male,1M,Senior Men 1M,false,false,,,,criteria-simulator/data.js
12846,2026 NCAA Div I Mens Swimming and Diving Championships,Senior Men 1m (Final),Final,171039,Moritz,Wesemann,5,390.6,2941,University of Southern California,,2026,NCAA-Championships,Senior/Open,,Male,1M,Senior Men 1M,false,false,,,,criteria-simulator/data.js
12846,2026 NCAA Div I Mens Swimming and Diving Championships,Senior Men 1m (Final),Final,46723,Conor,Gesing,6,381.2,2575,University of Florida,,2026,NCAA-Championships,Senior/Open,,Male,1M,Senior Men 1M,false,false,,,,criteria-simulator/data.js
12846,2026 NCAA Div I Mens Swimming and Diving Championships,Senior Men 1m (Final),Final,81968,Elias,Petersen,7,354.8,2282,University of Utah,,2026,NCAA-Championships,Senior/Open,,Male,1M,Senior Men 1M,false,false,,,,criteria-simulator/data.js
12846,2026 NCAA Div I Mens Swimming and Diving Championships,Senior Men 1m (Final),Final,38863,Max,Fowler,8,350.2,2861,Georgia Institute of Technology,,2026,NCAA-Championships,Senior/Open,,Male,1M,Senior Men 1M,false,false,,,,criteria-simulator/data.js
12846,2026 NCAA Div I Mens Swimming and Diving Championships,Senior Men 3m (Prelim),Prelim,59909,Luke,Sitz,1,442.2,2701,Southern Methodist University,,2026,NCAA-Championships,Senior/Open,,Male,3M,Senior Men 3M,false,false,,,,criteria-simulator/data.js
12846,2026 NCAA Div I Mens Swimming and Diving Championships,Senior Men 3m (Prelim),Prelim,171039,Moritz,Wesemann,2,429.4,2941,University of Southern California,,2026,NCAA-Championships,Senior/Open,,Male,3M,Senior Men 3M,false,false,,,,criteria-simulator/data.js
12846,2026 NCAA Div I Mens Swimming and Diving Championships,Senior Men 3m (Prelim),Prelim,174093,Matteo,Santoro,3,417.35,1102,University of Miami,,2026,NCAA-Championships,Senior/Open,,Male,3M,Senior Men 3M,false,false,,,,criteria-simulator/data.js
12846,2026 NCAA Div I Mens Swimming and Diving Championships,Senior Men 3m (Prelim),Prelim,36042,Bennett,Greene,4,400.15,2598,"University of Tennessee, Knoxville",,2026,NCAA-Championships,Senior/Open,,Male,3M,Senior Men 3M,false,false,,,,criteria-simulator/data.js
12846,2026 NCAA Div I Mens Swimming and Diving Championships,Senior Men 3m (Prelim),Prelim,37692,Nicholas,Harris,5,394.6,4141,The University of Texas,,2026,NCAA-Championships,Senior/Open,,Male,3M,Senior Men 3M,false,false,,,,criteria-simulator/data.js
12846,2026 NCAA Div I Mens Swimming and Diving Championships,Senior Men 3m (Prelim),Prelim,65361,Collier,Dyer,6,387.55,2572,"University of Missouri, Columbia",,2026,NCAA-Championships,Senior/Open,,Male,3M,Senior Men 3M,false,false,,,,criteria-simulator/data.js
12846,2026 NCAA Div I Mens Swimming and Diving Championships,Senior Men 3m (Prelim),Prelim,42581,Luke,Forester,7,385.15,4141,The University of Texas,,2026,NCAA-Championships,Senior/Open,,Male,3M,Senior Men 3M,false,false,,,,criteria-simulator/data.js
12846,2026 NCAA Div I Mens Swimming and Diving Championships,Senior Men 3m (Prelim),Prelim,46723,Conor,Gesing,8,384.3,2575,University of Florida,,2026,NCAA-Championships,Senior/Open,,Male,3M,Senior Men 3M,false,false,,,,criteria-simulator/data.js
12846,2026 NCAA Div I Mens Swimming and Diving Championships,Senior Men 3m (Prelim),Prelim,65220,Thomas,Ciprick,9,382.6,2598,"University of Tennessee, Knoxville",,2026,NCAA-Championships,Senior/Open,,Male,3M,Senior Men 3M,false,false,,,,criteria-simulator/data.js
12846,2026 NCAA Div I Mens Swimming and Diving Championships,Senior Men 3m (Prelim),Prelim,65245,Mohamed,Farouk,10,380.75,1102,University of Miami,,2026,NCAA-Championships,Senior/Open,,Male,3M,Senior Men 3M,false,false,,,,criteria-simulator/data.js
12846,2026 NCAA Div I Mens Swimming and Diving Championships,Senior Men 3m (Prelim),Prelim,38863,Max,Fowler,11,379.3,2861,Georgia Institute of Technology,,2026,NCAA-Championships,Senior/Open,,Male,3M,Senior Men 3M,false,false,,,,criteria-simulator/data.js
12846,2026 NCAA Div I Mens Swimming and Diving Championships,Senior Men 3m (Prelim),Prelim,81968,Elias,Petersen,12,375.1,2282,University of Utah,,2026,NCAA-Championships,Senior/Open,,Male,3M,Senior Men 3M,false,false,,,,criteria-simulator/data.js
12846,2026 NCAA Div I Mens Swimming and Diving Championships,Senior Men 3m (Prelim),Prelim,42319,Daniel,Knapp,13,371.7,2277,University of Notre Dame,,2026,NCAA-Championships,Senior/Open,,Male,3M,Senior Men 3M,false,false,,,,criteria-simulator/data.js
12846,2026 NCAA Div I Mens Swimming and Diving Championships,Senior Men 3m (Prelim),Prelim,36090,Maxwell,Miller,14,371.3,2142,Purdue University,,2026,NCAA-Championships,Senior/Open,,Male,3M,Senior Men 3M,false,false,,,,criteria-simulator/data.js
12846,2026 NCAA Div I Mens Swimming and Diving Championships,Senior Men 3m (Prelim),Prelim,170659,Jake,Passmore,15,370.55,1102,University of Miami,,2026,NCAA-Championships,Senior/Open,,Male,3M,Senior Men 3M,false,false,,,,criteria-simulator/data.js
12846,2026 NCAA Div I Mens Swimming and Diving Championships,Senior Men 3m (Prelim),Prelim,65226,Laurent,Gosselin-paradis,16,369.8,2941,University of Southern California,,2026,NCAA-Championships,Senior/Open,,Male,3M,Senior Men 3M,false,false,,,,criteria-simulator/data.js
12846,2026 NCAA Div I Mens Swimming and Diving Championships,Senior Men 3m (Prelim),Prelim,51233,Tyler,Wills,17,369.4,2142,Purdue University,,2026,NCAA-Championships,Senior/Open,,Male,3M,Senior Men 3M,false,false,,,,criteria-simulator/data.js
12846,2026 NCAA Div I Mens Swimming and Diving Championships,Senior Men 3m (Prelim),Prelim,40067,Maxwell,Weinrich,18,368.55,1136,"Indiana University, Bloomington",,2026,NCAA-Championships,Senior/Open,,Male,3M,Senior Men 3M,false,false,,,,criteria-simulator/data.js
12846,2026 NCAA Div I Mens Swimming and Diving Championships,Senior Men 3m (Prelim),Prelim,173957,Frazer,Tavener,19,366.55,2598,"University of Tennessee, Knoxville",,2026,NCAA-Championships,Senior/Open,,Male,3M,Senior Men 3M,false,false,,,,criteria-simulator/data.js
12846,2026 NCAA Div I Mens Swimming and Diving Championships,Senior Men 3m (Prelim),Prelim,64745,Andrew,Bennett,20,361.05,2151,"University of Minnesota, Twin Cities",,2026,NCAA-Championships,Senior/Open,,Male,3M,Senior Men 3M,false,false,,,,criteria-simulator/data.js
12846,2026 NCAA Div I Mens Swimming and Diving Championships,Senior Men 3m (Prelim),Prelim,52787,Grant,Cates,21,355.5,2701,Southern Methodist University,,2026,NCAA-Championships,Senior/Open,,Male,3M,Senior Men 3M,false,false,,,,criteria-simulator/data.js
12846,2026 NCAA Div I Mens Swimming and Diving Championships,Senior Men 3m (Prelim),Prelim,40708,Misha,Andriyuk,22,354.8,2305,Stanford University,,2026,NCAA-Championships,Senior/Open,,Male,3M,Senior Men 3M,false,false,,,,criteria-simulator/data.js
12846,2026 NCAA Div I Mens Swimming and Diving Championships,Senior Men 3m (Prelim),Prelim,80272,Carson,Paul,23,339.9,2862,Louisiana State University,,2026,NCAA-Championships,Senior/Open,,Male,3M,Senior Men 3M,false,false,,,,criteria-simulator/data.js
12846,2026 NCAA Div I Mens Swimming and Diving Championships,Senior Men 3m (Prelim),Prelim,50623,Aidan,Wang,24,339.85,2491,Princeton University,,2026,NCAA-Championships,Senior/Open,,Male,3M,Senior Men 3M,false,false,,,,criteria-simulator/data.js
12846,2026 NCAA Div I Mens Swimming and Diving Championships,Senior Men 3m (Prelim),Prelim,171592,Jesus,Gonzalez,25,337.65,2575,University of Florida,,2026,NCAA-Championships,Senior/Open,,Male,3M,Senior Men 3M,false,false,,,,criteria-simulator/data.js
12846,2026 NCAA Div I Mens Swimming and Diving Championships,Senior Men 3m (Prelim),Prelim,73601,Nathan,Cox,26,336.45,2380,Virginia Polytechnic Institute and State University,,2026,NCAA-Championships,Senior/Open,,Male,3M,Senior Men 3M,false,false,,,,criteria-simulator/data.js
12846,2026 NCAA Div I Mens Swimming and Diving Championships,Senior Men 3m (Prelim),Prelim,34255,Joshua,Thai,27,334.6,2568,"University of California, Berkeley",,2026,NCAA-Championships,Senior/Open,,Male,3M,Senior Men 3M,false,false,,,,criteria-simulator/data.js
12846,2026 NCAA Div I Mens Swimming and Diving Championships,Senior Men 3m (Prelim),Prelim,46760,Jacob,Jones,28,334.4,4141,The University of Texas,,2026,NCAA-Championships,Senior/Open,,Male,3M,Senior Men 3M,false,false,,,,criteria-simulator/data.js
12846,2026 NCAA Div I Mens Swimming and Diving Championships,Senior Men 3m (Prelim),Prelim,46629,Zachary,Welsh,29,332.35,2142,Purdue University,,2026,NCAA-Championships,Senior/Open,,Male,3M,Senior Men 3M,false,false,,,,criteria-simulator/data.js
12846,2026 NCAA Div I Mens Swimming and Diving Championships,Senior Men 3m (Prelim),Prelim,43091,Rocky,Ramsland,30,326.75,2380,Virginia Polytechnic Institute and State University,,2026,NCAA-Championships,Senior/Open,,Male,3M,Senior Men 3M,false,false,,,,criteria-simulator/data.js
12846,2026 NCAA Div I Mens Swimming and Diving Championships,Senior Men 3m (Prelim),Prelim,41791,Nathaniel,Grannis,31,326.05,2142,Purdue University,,2026,NCAA-Championships,Senior/Open,,Male,3M,Senior Men 3M,false,false,,,,criteria-simulator/data.js
12846,2026 NCAA Div I Mens Swimming and Diving Championships,Senior Men 3m (Prelim),Prelim,173762,Emilio,Trevino,32,325.8,2693,"Texas AandM University, College Station",,2026,NCAA-Championships,Senior/Open,,Male,3M,Senior Men 3M,false,false,,,,criteria-simulator/data.js
12846,2026 NCAA Div I Mens Swimming and Diving Championships,Senior Men 3m (Prelim),Prelim,68362,Gael,Jimenez,33,324.15,5430,California Baptist University,,2026,NCAA-Championships,Senior/Open,,Male,3M,Senior Men 3M,false,false,,,,criteria-simulator/data.js
12846,2026 NCAA Div I Mens Swimming and Diving Championships,Senior Men 3m (Prelim),Prelim,49540,Luca,Fassi,34,323.05,2491,Princeton University,,2026,NCAA-Championships,Senior/Open,,Male,3M,Senior Men 3M,false,false,,,,criteria-simulator/data.js
12846,2026 NCAA Div I Mens Swimming and Diving Championships,Senior Men 3m (Prelim),Prelim,56428,Luke,Hernandez,35,320.1,2932,University of Arizona,,2026,NCAA-Championships,Senior/Open,,Male,3M,Senior Men 3M,false,false,,,,criteria-simulator/data.js
12846,2026 NCAA Div I Mens Swimming and Diving Championships,Senior Men 3m (Prelim),Prelim,173602,Jesus,Agundez,36,317.2,2575,University of Florida,,2026,NCAA-Championships,Senior/Open,,Male,3M,Senior Men 3M,false,false,,,,criteria-simulator/data.js
12846,2026 NCAA Div I Mens Swimming and Diving Championships,Senior Men 3m (Prelim),Prelim,174131,Ernest,Braitenbach,37,314.75,2275,Ohio State University,,2026,NCAA-Championships,Senior/Open,,Male,3M,Senior Men 3M,false,false,,,,criteria-simulator/data.js
12846,2026 NCAA Div I Mens Swimming and Diving Championships,Senior Men 3m (Prelim),Prelim,38250,Harrison,Nolan,38,314.4,2367,University of Illinois at Chicago,,2026,NCAA-Championships,Senior/Open,,Male,3M,Senior Men 3M,false,false,,,,criteria-simulator/data.js
12846,2026 NCAA Div I Mens Swimming and Diving Championships,Senior Men 3m (Prelim),Prelim,63011,Gunnar,Grubbs,39,312.7,2305,Stanford University,,2026,NCAA-Championships,Senior/Open,,Male,3M,Senior Men 3M,false,false,,,,criteria-simulator/data.js
12846,2026 NCAA Div I Mens Swimming and Diving Championships,Senior Men 3m (Prelim),Prelim,45619,Joshua,Sollenberger,40,306.65,1136,"Indiana University, Bloomington",,2026,NCAA-Championships,Senior/Open,,Male,3M,Senior Men 3M,false,false,,,,criteria-simulator/data.js
12846,2026 NCAA Div I Mens Swimming and Diving Championships,Senior Men 3m (Prelim),Prelim,102379,Mario,Del Valle Jr,41,306.35,5430,California Baptist University,,2026,NCAA-Championships,Senior/Open,,Male,3M,Senior Men 3M,false,false,,,,criteria-simulator/data.js
12846,2026 NCAA Div I Mens Swimming and Diving Championships,Senior Men 3m (Prelim),Prelim,30120,Jacob,Fisher,42,302.85,2380,Virginia Polytechnic Institute and State University,,2026,NCAA-Championships,Senior/Open,,Male,3M,Senior Men 3M,false,false,,,,criteria-simulator/data.js
12846,2026 NCAA Div I Mens Swimming and Diving Championships,Senior Men 3m (Prelim),Prelim,170253,Juan,Ramirez Tamayo,43,296.1,2143,University of Hawaii,,2026,NCAA-Championships,Senior/Open,,Male,3M,Senior Men 3M,false,false,,,,criteria-simulator/data.js
12846,2026 NCAA Div I Mens Swimming and Diving Championships,Senior Men 3m (Prelim),Prelim,43925,Bo,Bridges,44,295.9,2932,University of Arizona,,2026,NCAA-Championships,Senior/Open,,Male,3M,Senior Men 3M,false,false,,,,criteria-simulator/data.js
12846,2026 NCAA Div I Mens Swimming and Diving Championships,Senior Men 3m (Prelim),Prelim,43139,Aiden,Sadler,45,293.4,1136,"Indiana University, Bloomington",,2026,NCAA-Championships,Senior/Open,,Male,3M,Senior Men 3M,false,false,,,,criteria-simulator/data.js
12846,2026 NCAA Div I Mens Swimming and Diving Championships,Senior Men 3m (Prelim),Prelim,170750,Noah,Bernard,46,290.95,2303,University of Pittsburgh,,2026,NCAA-Championships,Senior/Open,,Male,3M,Senior Men 3M,false,false,,,,criteria-simulator/data.js
12846,2026 NCAA Div I Mens Swimming and Diving Championships,Senior Men 3m (Prelim),Prelim,73009,Tanner,Braunton,47,283.5,2572,"University of Missouri, Columbia",,2026,NCAA-Championships,Senior/Open,,Male,3M,Senior Men 3M,false,false,,,,criteria-simulator/data.js
12846,2026 NCAA Div I Mens Swimming and Diving Championships,Senior Men 3m (Prelim),Prelim,73872,Levi,Hellmann,48,280.2,2750,West Virginia University,,2026,NCAA-Championships,Senior/Open,,Male,3M,Senior Men 3M,false,false,,,,criteria-simulator/data.js
12846,2026 NCAA Div I Mens Swimming and Diving Championships,Senior Men 3m (Prelim),Prelim,43606,Holden,Higbie,49,277.85,2142,Purdue University,,2026,NCAA-Championships,Senior/Open,,Male,3M,Senior Men 3M,false,false,,,,criteria-simulator/data.js
12846,2026 NCAA Div I Mens Swimming and Diving Championships,Senior Men 3m (Prelim),Prelim,36901,Ryan,Augustine,50,244.8,2287,Northwestern University,,2026,NCAA-Championships,Senior/Open,,Male,3M,Senior Men 3M,false,false,,,,criteria-simulator/data.js
12846,2026 NCAA Div I Mens Swimming and Diving Championships,Senior Men 3m (Prelim),Prelim,41469,McCoy,Lyman,51,217.9,2599,Dartmouth College,,2026,NCAA-Championships,Senior/Open,,Male,3M,Senior Men 3M,false,false,,,,criteria-simulator/data.js
12846,2026 NCAA Div I Mens Swimming and Diving Championships,Senior Men 3m (Final),Final,65361,Collier,Dyer,1,497.75,2572,"University of Missouri, Columbia",,2026,NCAA-Championships,Senior/Open,,Male,3M,Senior Men 3M,false,false,,,,criteria-simulator/data.js
12846,2026 NCAA Div I Mens Swimming and Diving Championships,Senior Men 3m (Final),Final,59909,Luke,Sitz,2,495.3,2701,Southern Methodist University,,2026,NCAA-Championships,Senior/Open,,Male,3M,Senior Men 3M,false,false,,,,criteria-simulator/data.js
12846,2026 NCAA Div I Mens Swimming and Diving Championships,Senior Men 3m (Final),Final,171039,Moritz,Wesemann,3,485.85,2941,University of Southern California,,2026,NCAA-Championships,Senior/Open,,Male,3M,Senior Men 3M,false,false,,,,criteria-simulator/data.js
12846,2026 NCAA Div I Mens Swimming and Diving Championships,Senior Men 3m (Final),Final,174093,Matteo,Santoro,4,465.95,1102,University of Miami,,2026,NCAA-Championships,Senior/Open,,Male,3M,Senior Men 3M,false,false,,,,criteria-simulator/data.js
12846,2026 NCAA Div I Mens Swimming and Diving Championships,Senior Men 3m (Final),Final,46723,Conor,Gesing,5,425.05,2575,University of Florida,,2026,NCAA-Championships,Senior/Open,,Male,3M,Senior Men 3M,false,false,,,,criteria-simulator/data.js
12846,2026 NCAA Div I Mens Swimming and Diving Championships,Senior Men 3m (Final),Final,37692,Nicholas,Harris,6,415.0,4141,The University of Texas,,2026,NCAA-Championships,Senior/Open,,Male,3M,Senior Men 3M,false,false,,,,criteria-simulator/data.js
12846,2026 NCAA Div I Mens Swimming and Diving Championships,Senior Men 3m (Final),Final,42581,Luke,Forester,7,405.55,4141,The University of Texas,,2026,NCAA-Championships,Senior/Open,,Male,3M,Senior Men 3M,false,false,,,,criteria-simulator/data.js
12846,2026 NCAA Div I Mens Swimming and Diving Championships,Senior Men 3m (Final),Final,36042,Bennett,Greene,8,402.55,2598,"University of Tennessee, Knoxville",,2026,NCAA-Championships,Senior/Open,,Male,3M,Senior Men 3M,false,false,,,,criteria-simulator/data.js
12846,2026 NCAA Div I Mens Swimming and Diving Championships,Senior Men Platform (Prelim),Prelim,171592,Jesus,Gonzalez,1,435.05,2575,University of Florida,,2026,NCAA-Championships,Senior/Open,,Male,Platform,Senior Men Platform,false,false,,,,criteria-simulator/data.js
12846,2026 NCAA Div I Mens Swimming and Diving Championships,Senior Men Platform (Prelim),Prelim,40708,Misha,Andriyuk,2,421.3,2305,Stanford University,,2026,NCAA-Championships,Senior/Open,,Male,Platform,Senior Men Platform,false,false,,,,criteria-simulator/data.js
12846,2026 NCAA Div I Mens Swimming and Diving Championships,Senior Men Platform (Prelim),Prelim,36042,Bennett,Greene,3,419.2,2598,"University of Tennessee, Knoxville",,2026,NCAA-Championships,Senior/Open,,Male,Platform,Senior Men Platform,false,false,,,,criteria-simulator/data.js
12846,2026 NCAA Div I Mens Swimming and Diving Championships,Senior Men Platform (Prelim),Prelim,51233,Tyler,Wills,4,400.6,2142,Purdue University,,2026,NCAA-Championships,Senior/Open,,Male,Platform,Senior Men Platform,false,false,,,,criteria-simulator/data.js
12846,2026 NCAA Div I Mens Swimming and Diving Championships,Senior Men Platform (Prelim),Prelim,80272,Carson,Paul,5,391.5,2862,Louisiana State University,,2026,NCAA-Championships,Senior/Open,,Male,Platform,Senior Men Platform,false,false,,,,criteria-simulator/data.js
12846,2026 NCAA Div I Mens Swimming and Diving Championships,Senior Men Platform (Prelim),Prelim,34255,Joshua,Thai,6,386.3,2568,"University of California, Berkeley",,2026,NCAA-Championships,Senior/Open,,Male,Platform,Senior Men Platform,false,false,,,,criteria-simulator/data.js
12846,2026 NCAA Div I Mens Swimming and Diving Championships,Senior Men Platform (Prelim),Prelim,173762,Emilio,Trevino,7,386.2,2693,"Texas AandM University, College Station",,2026,NCAA-Championships,Senior/Open,,Male,Platform,Senior Men Platform,false,false,,,,criteria-simulator/data.js
12846,2026 NCAA Div I Mens Swimming and Diving Championships,Senior Men Platform (Prelim),Prelim,65226,Laurent,Gosselin-paradis,8,382.65,2941,University of Southern California,,2026,NCAA-Championships,Senior/Open,,Male,Platform,Senior Men Platform,false,false,,,,criteria-simulator/data.js
12846,2026 NCAA Div I Mens Swimming and Diving Championships,Senior Men Platform (Prelim),Prelim,169523,Ciro,Mejia,9,382.6,2865,"University of North Carolina, Chapel Hill",,2026,NCAA-Championships,Senior/Open,,Male,Platform,Senior Men Platform,false,false,,,,criteria-simulator/data.js
12846,2026 NCAA Div I Mens Swimming and Diving Championships,Senior Men Platform (Prelim),Prelim,64745,Andrew,Bennett,10,376.6,2151,"University of Minnesota, Twin Cities",,2026,NCAA-Championships,Senior/Open,,Male,Platform,Senior Men Platform,false,false,,,,criteria-simulator/data.js
12846,2026 NCAA Div I Mens Swimming and Diving Championships,Senior Men Platform (Prelim),Prelim,73009,Tanner,Braunton,11,372.3,2572,"University of Missouri, Columbia",,2026,NCAA-Championships,Senior/Open,,Male,Platform,Senior Men Platform,false,false,,,,criteria-simulator/data.js
12846,2026 NCAA Div I Mens Swimming and Diving Championships,Senior Men Platform (Prelim),Prelim,63011,Gunnar,Grubbs,12,371.1,2305,Stanford University,,2026,NCAA-Championships,Senior/Open,,Male,Platform,Senior Men Platform,false,false,,,,criteria-simulator/data.js
12846,2026 NCAA Div I Mens Swimming and Diving Championships,Senior Men Platform (Prelim),Prelim,40067,Maxwell,Weinrich,13,365.1,1136,"Indiana University, Bloomington",,2026,NCAA-Championships,Senior/Open,,Male,Platform,Senior Men Platform,false,false,,,,criteria-simulator/data.js
12846,2026 NCAA Div I Mens Swimming and Diving Championships,Senior Men Platform (Prelim),Prelim,41791,Nathaniel,Grannis,14,360.5,2142,Purdue University,,2026,NCAA-Championships,Senior/Open,,Male,Platform,Senior Men Platform,false,false,,,,criteria-simulator/data.js
12846,2026 NCAA Div I Mens Swimming and Diving Championships,Senior Men Platform (Prelim),Prelim,43606,Holden,Higbie,15,354.2,2142,Purdue University,,2026,NCAA-Championships,Senior/Open,,Male,Platform,Senior Men Platform,false,false,,,,criteria-simulator/data.js
12846,2026 NCAA Div I Mens Swimming and Diving Championships,Senior Men Platform (Prelim),Prelim,48232,Carlos,Vargas,16,349.9,2289,Florida State University,,2026,NCAA-Championships,Senior/Open,,Male,Platform,Senior Men Platform,false,false,,,,criteria-simulator/data.js
12846,2026 NCAA Div I Mens Swimming and Diving Championships,Senior Men Platform (Prelim),Prelim,78195,Adam,Cohen,17,348.3,2287,Northwestern University,,2026,NCAA-Championships,Senior/Open,,Male,Platform,Senior Men Platform,false,false,,,,criteria-simulator/data.js
12846,2026 NCAA Div I Mens Swimming and Diving Championships,Senior Men Platform (Prelim),Prelim,42526,Gage,Dubois,18,347.95,2932,University of Arizona,,2026,NCAA-Championships,Senior/Open,,Male,Platform,Senior Men Platform,false,false,,,,criteria-simulator/data.js
12846,2026 NCAA Div I Mens Swimming and Diving Championships,Senior Men Platform (Prelim),Prelim,59887,Kaden,Springfield,19,346.8,2142,Purdue University,,2026,NCAA-Championships,Senior/Open,,Male,Platform,Senior Men Platform,false,false,,,,criteria-simulator/data.js
12846,2026 NCAA Div I Mens Swimming and Diving Championships,Senior Men Platform (Prelim),Prelim,46760,Jacob,Jones,20,342.4,4141,The University of Texas,,2026,NCAA-Championships,Senior/Open,,Male,Platform,Senior Men Platform,false,false,,,,criteria-simulator/data.js
12846,2026 NCAA Div I Mens Swimming and Diving Championships,Senior Men Platform (Prelim),Prelim,51214,Owen,Redfearn,21,340.6,2598,"University of Tennessee, Knoxville",,2026,NCAA-Championships,Senior/Open,,Male,Platform,Senior Men Platform,false,false,,,,criteria-simulator/data.js
12846,2026 NCAA Div I Mens Swimming and Diving Championships,Senior Men Platform (Prelim),Prelim,102294,Geoffrey,Vavitsas,22,337.35,2568,"University of California, Berkeley",,2026,NCAA-Championships,Senior/Open,,Male,Platform,Senior Men Platform,false,false,,,,criteria-simulator/data.js
12846,2026 NCAA Div I Mens Swimming and Diving Championships,Senior Men Platform (Prelim),Prelim,51930,Kyle,Ly,23,329.7,2287,Northwestern University,,2026,NCAA-Championships,Senior/Open,,Male,Platform,Senior Men Platform,false,false,,,,criteria-simulator/data.js
12846,2026 NCAA Div I Mens Swimming and Diving Championships,Senior Men Platform (Prelim),Prelim,173602,Jesus,Agundez,24,329.0,2575,University of Florida,,2026,NCAA-Championships,Senior/Open,,Male,Platform,Senior Men Platform,false,false,,,,criteria-simulator/data.js
12846,2026 NCAA Div I Mens Swimming and Diving Championships,Senior Men Platform (Prelim),Prelim,65245,Mohamed,Farouk,25,326.85,1102,University of Miami,,2026,NCAA-Championships,Senior/Open,,Male,Platform,Senior Men Platform,false,false,,,,criteria-simulator/data.js
12846,2026 NCAA Div I Mens Swimming and Diving Championships,Senior Men Platform (Prelim),Prelim,174131,Ernest,Braitenbach,26,319.0,2275,Ohio State University,,2026,NCAA-Championships,Senior/Open,,Male,Platform,Senior Men Platform,false,false,,,,criteria-simulator/data.js
12846,2026 NCAA Div I Mens Swimming and Diving Championships,Senior Men Platform (Prelim),Prelim,52787,Grant,Cates,27,315.5,2701,Southern Methodist University,,2026,NCAA-Championships,Senior/Open,,Male,Platform,Senior Men Platform,false,false,,,,criteria-simulator/data.js
12846,2026 NCAA Div I Mens Swimming and Diving Championships,Senior Men Platform (Prelim),Prelim,73355,Derek,Colbert,28,308.75,2572,"University of Missouri, Columbia",,2026,NCAA-Championships,Senior/Open,,Male,Platform,Senior Men Platform,false,false,,,,criteria-simulator/data.js
12846,2026 NCAA Div I Mens Swimming and Diving Championships,Senior Men Platform (Prelim),Prelim,33268,Benedict,Nguyen,29,307.8,2277,University of Notre Dame,,2026,NCAA-Championships,Senior/Open,,Male,Platform,Senior Men Platform,false,false,,,,criteria-simulator/data.js
12846,2026 NCAA Div I Mens Swimming and Diving Championships,Senior Men Platform (Prelim),Prelim,43091,Rocky,Ramsland,30,307.05,2380,Virginia Polytechnic Institute and State University,,2026,NCAA-Championships,Senior/Open,,Male,Platform,Senior Men Platform,false,false,,,,criteria-simulator/data.js
12846,2026 NCAA Div I Mens Swimming and Diving Championships,Senior Men Platform (Prelim),Prelim,55909,Robert,Gref,31,306.7,2941,University of Southern California,,2026,NCAA-Championships,Senior/Open,,Male,Platform,Senior Men Platform,false,false,,,,criteria-simulator/data.js
12846,2026 NCAA Div I Mens Swimming and Diving Championships,Senior Men Platform (Prelim),Prelim,170750,Noah,Bernard,32,306.35,2303,University of Pittsburgh,,2026,NCAA-Championships,Senior/Open,,Male,Platform,Senior Men Platform,false,false,,,,criteria-simulator/data.js
12846,2026 NCAA Div I Mens Swimming and Diving Championships,Senior Men Platform (Prelim),Prelim,73601,Nathan,Cox,33,305.7,2380,Virginia Polytechnic Institute and State University,,2026,NCAA-Championships,Senior/Open,,Male,Platform,Senior Men Platform,false,false,,,,criteria-simulator/data.js
12846,2026 NCAA Div I Mens Swimming and Diving Championships,Senior Men Platform (Prelim),Prelim,75437,Tommaso,Zannella,34,305.1,2572,"University of Missouri, Columbia",,2026,NCAA-Championships,Senior/Open,,Male,Platform,Senior Men Platform,false,false,,,,criteria-simulator/data.js
12846,2026 NCAA Div I Mens Swimming and Diving Championships,Senior Men Platform (Prelim),Prelim,55911,Ray,Preas,35,303.05,2304,University of Louisville,,2026,NCAA-Championships,Senior/Open,,Male,Platform,Senior Men Platform,false,false,,,,criteria-simulator/data.js
12846,2026 NCAA Div I Mens Swimming and Diving Championships,Senior Men Platform (Prelim),Prelim,174695,Tsvetomir,Ereminov,36,300.7,2300,Auburn University,,2026,NCAA-Championships,Senior/Open,,Male,Platform,Senior Men Platform,false,false,,,,criteria-simulator/data.js
12846,2026 NCAA Div I Mens Swimming and Diving Championships,Senior Men Platform (Prelim),Prelim,53348,Chase,Sorosky,37,297.25,2491,Princeton University,,2026,NCAA-Championships,Senior/Open,,Male,Platform,Senior Men Platform,false,false,,,,criteria-simulator/data.js
12846,2026 NCAA Div I Mens Swimming and Diving Championships,Senior Men Platform (Prelim),Prelim,50623,Aidan,Wang,38,287.1,2491,Princeton University,,2026,NCAA-Championships,Senior/Open,,Male,Platform,Senior Men Platform,false,false,,,,criteria-simulator/data.js
12846,2026 NCAA Div I Mens Swimming and Diving Championships,Senior Men Platform (Prelim),Prelim,56428,Luke,Hernandez,39,286.35,2932,University of Arizona,,2026,NCAA-Championships,Senior/Open,,Male,Platform,Senior Men Platform,false,false,,,,criteria-simulator/data.js
12846,2026 NCAA Div I Mens Swimming and Diving Championships,Senior Men Platform (Prelim),Prelim,64836,Matthew,Aigner,40,280.75,2693,"Texas AandM University, College Station",,2026,NCAA-Championships,Senior/Open,,Male,Platform,Senior Men Platform,false,false,,,,criteria-simulator/data.js
12846,2026 NCAA Div I Mens Swimming and Diving Championships,Senior Men Platform (Prelim),Prelim,46805,Tyler,Read,41,273.2,2275,Ohio State University,,2026,NCAA-Championships,Senior/Open,,Male,Platform,Senior Men Platform,false,false,,,,criteria-simulator/data.js
12846,2026 NCAA Div I Mens Swimming and Diving Championships,Senior Men Platform (Prelim),Prelim,73872,Levi,Hellmann,42,269.1,2750,West Virginia University,,2026,NCAA-Championships,Senior/Open,,Male,Platform,Senior Men Platform,false,false,,,,criteria-simulator/data.js
12846,2026 NCAA Div I Mens Swimming and Diving Championships,Senior Men Platform (Prelim),Prelim,30120,Jacob,Fisher,43,267.85,2380,Virginia Polytechnic Institute and State University,,2026,NCAA-Championships,Senior/Open,,Male,Platform,Senior Men Platform,false,false,,,,criteria-simulator/data.js
12846,2026 NCAA Div I Mens Swimming and Diving Championships,Senior Men Platform (Prelim),Prelim,38657,Chase,Marafioto,44,264.6,2303,University of Pittsburgh,,2026,NCAA-Championships,Senior/Open,,Male,Platform,Senior Men Platform,false,false,,,,criteria-simulator/data.js
12846,2026 NCAA Div I Mens Swimming and Diving Championships,Senior Men Platform (Prelim),Prelim,102379,Mario,Del Valle Jr,45,219.55,5430,California Baptist University,,2026,NCAA-Championships,Senior/Open,,Male,Platform,Senior Men Platform,false,false,,,,criteria-simulator/data.js
12846,2026 NCAA Div I Mens Swimming and Diving Championships,Senior Men Platform (Final),Final,173762,Emilio,Trevino,1,465.3,2693,"Texas AandM University, College Station",,2026,NCAA-Championships,Senior/Open,,Male,Platform,Senior Men Platform,false,false,,,,criteria-simulator/data.js
12846,2026 NCAA Div I Mens Swimming and Diving Championships,Senior Men Platform (Final),Final,51233,Tyler,Wills,2,451.15,2142,Purdue University,,2026,NCAA-Championships,Senior/Open,,Male,Platform,Senior Men Platform,false,false,,,,criteria-simulator/data.js
12846,2026 NCAA Div I Mens Swimming and Diving Championships,Senior Men Platform (Final),Final,171592,Jesus,Gonzalez,3,427.25,2575,University of Florida,,2026,NCAA-Championships,Senior/Open,,Male,Platform,Senior Men Platform,false,false,,,,criteria-simulator/data.js
12846,2026 NCAA Div I Mens Swimming and Diving Championships,Senior Men Platform (Final),Final,80272,Carson,Paul,4,404.2,2862,Louisiana State University,,2026,NCAA-Championships,Senior/Open,,Male,Platform,Senior Men Platform,false,false,,,,criteria-simulator/data.js
12846,2026 NCAA Div I Mens Swimming and Diving Championships,Senior Men Platform (Final),Final,40708,Misha,Andriyuk,5,398.9,2305,Stanford University,,2026,NCAA-Championships,Senior/Open,,Male,Platform,Senior Men Platform,false,false,,,,criteria-simulator/data.js
12846,2026 NCAA Div I Mens Swimming and Diving Championships,Senior Men Platform (Final),Final,34255,Joshua,Thai,6,395.85,2568,"University of California, Berkeley",,2026,NCAA-Championships,Senior/Open,,Male,Platform,Senior Men Platform,false,false,,,,criteria-simulator/data.js
12846,2026 NCAA Div I Mens Swimming and Diving Championships,Senior Men Platform (Final),Final,65226,Laurent,Gosselin-paradis,7,386.4,2941,University of Southern California,,2026,NCAA-Championships,Senior/Open,,Male,Platform,Senior Men Platform,false,false,,,,criteria-simulator/data.js
12846,2026 NCAA Div I Mens Swimming and Diving Championships,Senior Men Platform (Final),Final,36042,Bennett,Greene,8,363.95,2598,"University of Tennessee, Knoxville",,2026,NCAA-Championships,Senior/Open,,Male,Platform,Senior Men Platform,false,false,,,,criteria-simulator/data.js
12844,2026 NCAA Div I Womens Swimming and Diving Champions,Senior Women 1m (Prelim),Prelim,43980,Sophie,Verzyl,1,329.9,2280,"University of South Carolina, Columbia",,2026,NCAA-Championships,Senior/Open,,Female,1M,Senior Women 1M,false,false,,,,criteria-simulator/data.js
12844,2026 NCAA Div I Womens Swimming and Diving Champions,Senior Women 1m (Prelim),Prelim,65234,Chiara,Pellacani,2,306.4,1102,University of Miami,,2026,NCAA-Championships,Senior/Open,,Female,1M,Senior Women 1M,false,false,,,,criteria-simulator/data.js
12844,2026 NCAA Div I Womens Swimming and Diving Champions,Senior Women 1m (Prelim),Prelim,67814,Bayleigh,Cranford,3,303.7,4141,The University of Texas,,2026,NCAA-Championships,Senior/Open,,Female,1M,Senior Women 1M,false,false,,,,criteria-simulator/data.js
12844,2026 NCAA Div I Womens Swimming and Diving Champions,Senior Women 1m (Prelim),Prelim,102140,Camyla,Monroy,4,296.7,2575,University of Florida,,2026,NCAA-Championships,Senior/Open,,Female,1M,Senior Women 1M,false,false,,,,criteria-simulator/data.js
12844,2026 NCAA Div I Womens Swimming and Diving Champions,Senior Women 1m (Prelim),Prelim,27296,Margo,OMeara,5,295.6,1102,University of Miami,,2026,NCAA-Championships,Senior/Open,,Female,1M,Senior Women 1M,false,false,,,,criteria-simulator/data.js
12844,2026 NCAA Div I Womens Swimming and Diving Champions,Senior Women 1m (Prelim),Prelim,102317,Elna,Widerstrom,6,295.55,2151,"University of Minnesota, Twin Cities",,2026,NCAA-Championships,Senior/Open,,Female,1M,Senior Women 1M,false,false,,,,criteria-simulator/data.js
12844,2026 NCAA Div I Womens Swimming and Diving Champions,Senior Women 1m (Prelim),Prelim,169542,Desharne,Bent-Ashmeil,7,289.8,2598,"University of Tennessee, Knoxville",,2026,NCAA-Championships,Senior/Open,,Female,1M,Senior Women 1M,false,false,,,,criteria-simulator/data.js
12844,2026 NCAA Div I Womens Swimming and Diving Champions,Senior Women 1m (Prelim),Prelim,102222,Shiyun,Lai,8,288.55,2697,University of Kansas,,2026,NCAA-Championships,Senior/Open,,Female,1M,Senior Women 1M,false,false,,,,criteria-simulator/data.js
12844,2026 NCAA Div I Womens Swimming and Diving Champions,Senior Women 1m (Prelim),Prelim,38142,Avery,Worobel,9,282.2,2142,Purdue University,,2026,NCAA-Championships,Senior/Open,,Female,1M,Senior Women 1M,false,false,,,,criteria-simulator/data.js
12844,2026 NCAA Div I Womens Swimming and Diving Champions,Senior Women 1m (Prelim),Prelim,170371,Lotti,Hubert,10,276.55,2695,"University of Arkansas, Fayetteville",,2026,NCAA-Championships,Senior/Open,,Female,1M,Senior Women 1M,false,false,,,,criteria-simulator/data.js
12844,2026 NCAA Div I Womens Swimming and Diving Champions,Senior Women 1m (Prelim),Prelim,80250,Kiarra,Milligan,11,276.4,2358,University of Michigan,,2026,NCAA-Championships,Senior/Open,,Female,1M,Senior Women 1M,false,false,,,,criteria-simulator/data.js
12844,2026 NCAA Div I Womens Swimming and Diving Champions,Senior Women 1m (Prelim),Prelim,64569,Ella,Roselli,12,275.7,1136,"Indiana University, Bloomington",,2026,NCAA-Championships,Senior/Open,,Female,1M,Senior Women 1M,false,false,,,,criteria-simulator/data.js
12844,2026 NCAA Div I Womens Swimming and Diving Champions,Senior Women 1m (Prelim),Prelim,40301,Viviana,Del Angel,13,275.55,2151,"University of Minnesota, Twin Cities",,2026,NCAA-Championships,Senior/Open,,Female,1M,Senior Women 1M,false,false,,,,criteria-simulator/data.js
12844,2026 NCAA Div I Womens Swimming and Diving Champions,Senior Women 1m (Prelim),Prelim,171577,Sofia,Knight,14,271.6,2865,"University of North Carolina, Chapel Hill",,2026,NCAA-Championships,Senior/Open,,Female,1M,Senior Women 1M,false,false,,,,criteria-simulator/data.js
12844,2026 NCAA Div I Womens Swimming and Diving Champions,Senior Women 1m (Prelim),Prelim,47676,Joslyn,Oakley,15,269.7,2693,"Texas AandM University, College Station",,2026,NCAA-Championships,Senior/Open,,Female,1M,Senior Women 1M,false,false,,,,criteria-simulator/data.js
12844,2026 NCAA Div I Womens Swimming and Diving Champions,Senior Women 1m (Prelim),Prelim,80892,Lena,Hentschel,16,267.5,2275,Ohio State University,,2026,NCAA-Championships,Senior/Open,,Female,1M,Senior Women 1M,false,false,,,,criteria-simulator/data.js
12844,2026 NCAA Div I Womens Swimming and Diving Champions,Senior Women 1m (Prelim),Prelim,52300,Kayleigh,Clark,17,266.8,2289,Florida State University,,2026,NCAA-Championships,Senior/Open,,Female,1M,Senior Women 1M,false,false,,,,criteria-simulator/data.js
12844,2026 NCAA Div I Womens Swimming and Diving Champions,Senior Women 1m (Prelim),Prelim,74085,Abigail,Baxter,18,263.75,2698,"University of Nebraska, Lincoln",,2026,NCAA-Championships,Senior/Open,,Female,1M,Senior Women 1M,false,false,,,,criteria-simulator/data.js
12844,2026 NCAA Div I Womens Swimming and Diving Champions,Senior Women 1m (Prelim),Prelim,100780,Kate,Miller,19,262.2,2941,University of Southern California,,2026,NCAA-Championships,Senior/Open,,Female,1M,Senior Women 1M,false,false,,,,criteria-simulator/data.js
12844,2026 NCAA Div I Womens Swimming and Diving Champions,Senior Women 1m (Prelim),Prelim,35987,Zara,Joy Ayazi,20,261.2,2932,University of Arizona,,2026,NCAA-Championships,Senior/Open,,Female,1M,Senior Women 1M,false,false,,,,criteria-simulator/data.js
12844,2026 NCAA Div I Womens Swimming and Diving Champions,Senior Women 1m (Prelim),Prelim,162208,Maria,Sanchez - Moreno,21,260.7,2695,"University of Arkansas, Fayetteville",,2026,NCAA-Championships,Senior/Open,,Female,1M,Senior Women 1M,false,false,,,,criteria-simulator/data.js
12844,2026 NCAA Div I Womens Swimming and Diving Champions,Senior Women 1m (Prelim),Prelim,48449,Molly,Gray,22,259.2,2305,Stanford University,,2026,NCAA-Championships,Senior/Open,,Female,1M,Senior Women 1M,false,false,,,,criteria-simulator/data.js
12844,2026 NCAA Div I Womens Swimming and Diving Champions,Senior Women 1m (Prelim),Prelim,74506,Alexa,Fung,23,256.1,2575,University of Florida,,2026,NCAA-Championships,Senior/Open,,Female,1M,Senior Women 1M,false,false,,,,criteria-simulator/data.js
12844,2026 NCAA Div I Womens Swimming and Diving Champions,Senior Women 1m (Prelim),Prelim,34064,Katerina,Hoffman,24,254.9,2757,Rutgers State University NJ NBrunswick,,2026,NCAA-Championships,Senior/Open,,Female,1M,Senior Women 1M,false,false,,,,criteria-simulator/data.js
12844,2026 NCAA Div I Womens Swimming and Diving Champions,Senior Women 1m (Prelim),Prelim,48801,Bailee,Sturgill,25,253.55,2757,Rutgers State University NJ NBrunswick,,2026,NCAA-Championships,Senior/Open,,Female,1M,Senior Women 1M,false,false,,,,criteria-simulator/data.js
12844,2026 NCAA Div I Womens Swimming and Diving Champions,Senior Women 1m (Prelim),Prelim,65344,Charlotte,Martinkus,26,253.5,2491,Princeton University,,2026,NCAA-Championships,Senior/Open,,Female,1M,Senior Women 1M,false,false,,,,criteria-simulator/data.js
12844,2026 NCAA Div I Womens Swimming and Diving Champions,Senior Women 1m (Prelim),Prelim,41444,Lily,Witte,27,253.25,1136,"Indiana University, Bloomington",,2026,NCAA-Championships,Senior/Open,,Female,1M,Senior Women 1M,false,false,,,,criteria-simulator/data.js
12844,2026 NCAA Div I Womens Swimming and Diving Champions,Senior Women 1m (Prelim),Prelim,80178,Sephora,Ford,28,253.1,2757,Rutgers State University NJ NBrunswick,,2026,NCAA-Championships,Senior/Open,,Female,1M,Senior Women 1M,false,false,,,,criteria-simulator/data.js
12844,2026 NCAA Div I Womens Swimming and Diving Champions,Senior Women 1m (Prelim),Prelim,60995,Mia,Prusiecki,29,251.15,2275,Ohio State University,,2026,NCAA-Championships,Senior/Open,,Female,1M,Senior Women 1M,false,false,,,,criteria-simulator/data.js
12844,2026 NCAA Div I Womens Swimming and Diving Champions,Senior Women 1m (Prelim),Prelim,37840,Kamryn,Wong,30,249.9,2376,University of North Texas,,2026,NCAA-Championships,Senior/Open,,Female,1M,Senior Women 1M,false,false,,,,criteria-simulator/data.js
12844,2026 NCAA Div I Womens Swimming and Diving Champions,Senior Women 1m (Prelim),Prelim,74503,Keira,Lu,31,249.5,2858,Duke University,,2026,NCAA-Championships,Senior/Open,,Female,1M,Senior Women 1M,false,false,,,,criteria-simulator/data.js
12844,2026 NCAA Div I Womens Swimming and Diving Champions,Senior Women 1m (Prelim),Prelim,56312,Kathryn,Grant,32,248.75,2282,University of Utah,,2026,NCAA-Championships,Senior/Open,,Female,1M,Senior Women 1M,false,false,,,,criteria-simulator/data.js
12844,2026 NCAA Div I Womens Swimming and Diving Champions,Senior Women 1m (Prelim),Prelim,45450,Charlotte,Norman,33,247.1,2491,Princeton University,,2026,NCAA-Championships,Senior/Open,,Female,1M,Senior Women 1M,false,false,,,,criteria-simulator/data.js
12844,2026 NCAA Div I Womens Swimming and Diving Champions,Senior Women 1m (Prelim),Prelim,47242,Michelle,Mazzara,34,245.65,2275,Ohio State University,,2026,NCAA-Championships,Senior/Open,,Female,1M,Senior Women 1M,false,false,,,,criteria-simulator/data.js
12844,2026 NCAA Div I Womens Swimming and Diving Champions,Senior Women 1m (Prelim),Prelim,60907,Kristy,Pfaff,35,245.55,2306,University of Kentucky,,2026,NCAA-Championships,Senior/Open,,Female,1M,Senior Women 1M,false,false,,,,criteria-simulator/data.js
12844,2026 NCAA Div I Womens Swimming and Diving Champions,Senior Women 1m (Prelim),Prelim,54651,Michelle,McLeod,36,244.95,2416,University of Houston,,2026,NCAA-Championships,Senior/Open,,Female,1M,Senior Women 1M,false,false,,,,criteria-simulator/data.js
12844,2026 NCAA Div I Womens Swimming and Diving Champions,Senior Women 1m (Prelim),Prelim,43898,Lynae,Shorter,37,244.8,2598,"University of Tennessee, Knoxville",,2026,NCAA-Championships,Senior/Open,,Female,1M,Senior Women 1M,false,false,,,,criteria-simulator/data.js
12844,2026 NCAA Div I Womens Swimming and Diving Champions,Senior Women 1m (Prelim),Prelim,53351,Emilie,Moore,38,243.0,2305,Stanford University,,2026,NCAA-Championships,Senior/Open,,Female,1M,Senior Women 1M,false,false,,,,criteria-simulator/data.js
12844,2026 NCAA Div I Womens Swimming and Diving Champions,Senior Women 1m (Prelim),Prelim,61099,Grace,Courtney,39,242.15,2277,University of Notre Dame,,2026,NCAA-Championships,Senior/Open,,Female,1M,Senior Women 1M,false,false,,,,criteria-simulator/data.js
12844,2026 NCAA Div I Womens Swimming and Diving Champions,Senior Women 1m (Prelim),Prelim,42625,Avery,Giese,40,241.1,2306,University of Kentucky,,2026,NCAA-Championships,Senior/Open,,Female,1M,Senior Women 1M,false,false,,,,criteria-simulator/data.js
12844,2026 NCAA Div I Womens Swimming and Diving Champions,Senior Women 1m (Prelim),Prelim,35202,Frida,Zuniga Guzman,41,240.2,2859,East Carolina University,,2026,NCAA-Championships,Senior/Open,,Female,1M,Senior Women 1M,false,false,,,,criteria-simulator/data.js
12844,2026 NCAA Div I Womens Swimming and Diving Champions,Senior Women 1m (Prelim),Prelim,67670,Grace,Wesche,42,239.45,2949,Northern Arizona University,,2026,NCAA-Championships,Senior/Open,,Female,1M,Senior Women 1M,false,false,,,,criteria-simulator/data.js
12844,2026 NCAA Div I Womens Swimming and Diving Champions,Senior Women 1m (Prelim),Prelim,56858,Nina,Janmyr,43,236.65,2727,Harvard University,,2026,NCAA-Championships,Senior/Open,,Female,1M,Senior Women 1M,false,false,,,,criteria-simulator/data.js
12844,2026 NCAA Div I Womens Swimming and Diving Champions,Senior Women 1m (Prelim),Prelim,102279,Caroline,Kupka,44,235.25,4141,The University of Texas,,2026,NCAA-Championships,Senior/Open,,Female,1M,Senior Women 1M,false,false,,,,criteria-simulator/data.js
12844,2026 NCAA Div I Womens Swimming and Diving Champions,Senior Women 1m (Prelim),Prelim,51090,Jenna,Jagielski,45,231.55,2941,University of Southern California,,2026,NCAA-Championships,Senior/Open,,Female,1M,Senior Women 1M,false,false,,,,criteria-simulator/data.js
12844,2026 NCAA Div I Womens Swimming and Diving Champions,Senior Women 1m (Prelim),Prelim,73549,Adeline,Albrecht,46,230.4,2151,"University of Minnesota, Twin Cities",,2026,NCAA-Championships,Senior/Open,,Female,1M,Senior Women 1M,false,false,,,,criteria-simulator/data.js
12844,2026 NCAA Div I Womens Swimming and Diving Champions,Senior Women 1m (Prelim),Prelim,66316,Molly,Brascia,47,220.45,2574,"University of California, Los Angeles",,2026,NCAA-Championships,Senior/Open,,Female,1M,Senior Women 1M,false,false,,,,criteria-simulator/data.js
12844,2026 NCAA Div I Womens Swimming and Diving Champions,Senior Women 1m (Prelim),Prelim,170739,Callie,Eaglestone,48,218.55,2282,University of Utah,,2026,NCAA-Championships,Senior/Open,,Female,1M,Senior Women 1M,false,false,,,,criteria-simulator/data.js
12844,2026 NCAA Div I Womens Swimming and Diving Champions,Senior Women 1m (Prelim),Prelim,80311,Alicia,Gonzalez Saenz De Jubera,49,215.25,2588,University of Wyoming,,2026,NCAA-Championships,Senior/Open,,Female,1M,Senior Women 1M,false,false,,,,criteria-simulator/data.js
12844,2026 NCAA Div I Womens Swimming and Diving Champions,Senior Women 1m (Prelim),Prelim,170454,Grace,Brammer,50,214.8,2359,Pennsylvania State University,,2026,NCAA-Championships,Senior/Open,,Female,1M,Senior Women 1M,false,false,,,,criteria-simulator/data.js
12844,2026 NCAA Div I Womens Swimming and Diving Champions,Senior Women 1m (Prelim),Prelim,173894,Adele,Melamud,51,207.65,2150,University at Buffalo,,2026,NCAA-Championships,Senior/Open,,Female,1M,Senior Women 1M,false,false,,,,criteria-simulator/data.js
12844,2026 NCAA Div I Womens Swimming and Diving Champions,Senior Women 1m (Final),Final,65234,Chiara,Pellacani,1,345.7,1102,University of Miami,,2026,NCAA-Championships,Senior/Open,,Female,1M,Senior Women 1M,false,false,,,,criteria-simulator/data.js
12844,2026 NCAA Div I Womens Swimming and Diving Champions,Senior Women 1m (Final),Final,43980,Sophie,Verzyl,2,345.45,2280,"University of South Carolina, Columbia",,2026,NCAA-Championships,Senior/Open,,Female,1M,Senior Women 1M,false,false,,,,criteria-simulator/data.js
12844,2026 NCAA Div I Womens Swimming and Diving Champions,Senior Women 1m (Final),Final,67814,Bayleigh,Cranford,3,320.65,4141,The University of Texas,,2026,NCAA-Championships,Senior/Open,,Female,1M,Senior Women 1M,false,false,,,,criteria-simulator/data.js
12844,2026 NCAA Div I Womens Swimming and Diving Champions,Senior Women 1m (Final),Final,102140,Camyla,Monroy,4,318.25,2575,University of Florida,,2026,NCAA-Championships,Senior/Open,,Female,1M,Senior Women 1M,false,false,,,,criteria-simulator/data.js
12844,2026 NCAA Div I Womens Swimming and Diving Champions,Senior Women 1m (Final),Final,169542,Desharne,Bent-Ashmeil,5,313.5,2598,"University of Tennessee, Knoxville",,2026,NCAA-Championships,Senior/Open,,Female,1M,Senior Women 1M,false,false,,,,criteria-simulator/data.js
12844,2026 NCAA Div I Womens Swimming and Diving Champions,Senior Women 1m (Final),Final,27296,Margo,OMeara,6,311.8,1102,University of Miami,,2026,NCAA-Championships,Senior/Open,,Female,1M,Senior Women 1M,false,false,,,,criteria-simulator/data.js
12844,2026 NCAA Div I Womens Swimming and Diving Champions,Senior Women 1m (Final),Final,102317,Elna,Widerstrom,7,303.95,2151,"University of Minnesota, Twin Cities",,2026,NCAA-Championships,Senior/Open,,Female,1M,Senior Women 1M,false,false,,,,criteria-simulator/data.js
12844,2026 NCAA Div I Womens Swimming and Diving Champions,Senior Women 1m (Final),Final,102222,Shiyun,Lai,8,299.05,2697,University of Kansas,,2026,NCAA-Championships,Senior/Open,,Female,1M,Senior Women 1M,false,false,,,,criteria-simulator/data.js
12844,2026 NCAA Div I Womens Swimming and Diving Champions,Senior Women 3m (Prelim),Prelim,65234,Chiara,Pellacani,1,371.1,1102,University of Miami,,2026,NCAA-Championships,Senior/Open,,Female,3M,Senior Women 3M,false,false,,,,criteria-simulator/data.js
12844,2026 NCAA Div I Womens Swimming and Diving Champions,Senior Women 3m (Prelim),Prelim,169542,Desharne,Bent-Ashmeil,2,368.4,2598,"University of Tennessee, Knoxville",,2026,NCAA-Championships,Senior/Open,,Female,3M,Senior Women 3M,false,false,,,,criteria-simulator/data.js
12844,2026 NCAA Div I Womens Swimming and Diving Champions,Senior Women 3m (Prelim),Prelim,43980,Sophie,Verzyl,3,356.25,2280,"University of South Carolina, Columbia",,2026,NCAA-Championships,Senior/Open,,Female,3M,Senior Women 3M,false,false,,,,criteria-simulator/data.js
12844,2026 NCAA Div I Womens Swimming and Diving Champions,Senior Women 3m (Prelim),Prelim,80892,Lena,Hentschel,4,334.65,2275,Ohio State University,,2026,NCAA-Championships,Senior/Open,,Female,3M,Senior Women 3M,false,false,,,,criteria-simulator/data.js
12844,2026 NCAA Div I Womens Swimming and Diving Champions,Senior Women 3m (Prelim),Prelim,102222,Shiyun,Lai,5,334.05,2697,University of Kansas,,2026,NCAA-Championships,Senior/Open,,Female,3M,Senior Women 3M,false,false,,,,criteria-simulator/data.js
12844,2026 NCAA Div I Womens Swimming and Diving Champions,Senior Women 3m (Prelim),Prelim,102317,Elna,Widerstrom,6,333.65,2151,"University of Minnesota, Twin Cities",,2026,NCAA-Championships,Senior/Open,,Female,3M,Senior Women 3M,false,false,,,,criteria-simulator/data.js
12844,2026 NCAA Div I Womens Swimming and Diving Champions,Senior Women 3m (Prelim),Prelim,67814,Bayleigh,Cranford,7,330.35,4141,The University of Texas,,2026,NCAA-Championships,Senior/Open,,Female,3M,Senior Women 3M,false,false,,,,criteria-simulator/data.js
12844,2026 NCAA Div I Womens Swimming and Diving Champions,Senior Women 3m (Prelim),Prelim,162208,Maria,Sanchez - Moreno,8,328.85,2695,"University of Arkansas, Fayetteville",,2026,NCAA-Championships,Senior/Open,,Female,3M,Senior Women 3M,false,false,,,,criteria-simulator/data.js
12844,2026 NCAA Div I Womens Swimming and Diving Champions,Senior Women 3m (Prelim),Prelim,41728,Daryn,Wright,9,323.65,2142,Purdue University,,2026,NCAA-Championships,Senior/Open,,Female,3M,Senior Women 3M,false,false,,,,criteria-simulator/data.js
12844,2026 NCAA Div I Womens Swimming and Diving Champions,Senior Women 3m (Prelim),Prelim,73015,Juliette,Landi,10,318.2,2300,Auburn University,,2026,NCAA-Championships,Senior/Open,,Female,3M,Senior Women 3M,false,false,,,,criteria-simulator/data.js
12844,2026 NCAA Div I Womens Swimming and Diving Champions,Senior Women 3m (Prelim),Prelim,74085,Abigail,Baxter,11,312.15,2698,"University of Nebraska, Lincoln",,2026,NCAA-Championships,Senior/Open,,Female,3M,Senior Women 3M,false,false,,,,criteria-simulator/data.js
12844,2026 NCAA Div I Womens Swimming and Diving Champions,Senior Women 3m (Prelim),Prelim,80250,Kiarra,Milligan,12,311.7,2358,University of Michigan,,2026,NCAA-Championships,Senior/Open,,Female,3M,Senior Women 3M,false,false,,,,criteria-simulator/data.js
12844,2026 NCAA Div I Womens Swimming and Diving Champions,Senior Women 3m (Prelim),Prelim,53351,Emilie,Moore,13,310.85,2305,Stanford University,,2026,NCAA-Championships,Senior/Open,,Female,3M,Senior Women 3M,false,false,,,,criteria-simulator/data.js
12844,2026 NCAA Div I Womens Swimming and Diving Champions,Senior Women 3m (Prelim),Prelim,34064,Katerina,Hoffman,14,309.9,2757,Rutgers State University NJ NBrunswick,,2026,NCAA-Championships,Senior/Open,,Female,3M,Senior Women 3M,false,false,,,,criteria-simulator/data.js
12844,2026 NCAA Div I Womens Swimming and Diving Champions,Senior Women 3m (Prelim),Prelim,40301,Viviana,Del Angel,15,307.2,2151,"University of Minnesota, Twin Cities",,2026,NCAA-Championships,Senior/Open,,Female,3M,Senior Women 3M,false,false,,,,criteria-simulator/data.js
12844,2026 NCAA Div I Womens Swimming and Diving Champions,Senior Women 3m (Prelim),Prelim,37840,Kamryn,Wong,16,306.9,2376,University of North Texas,,2026,NCAA-Championships,Senior/Open,,Female,3M,Senior Women 3M,false,false,,,,criteria-simulator/data.js
12844,2026 NCAA Div I Womens Swimming and Diving Champions,Senior Women 3m (Prelim),Prelim,27296,Margo,OMeara,17,304.5,1102,University of Miami,,2026,NCAA-Championships,Senior/Open,,Female,3M,Senior Women 3M,false,false,,,,criteria-simulator/data.js
12844,2026 NCAA Div I Womens Swimming and Diving Champions,Senior Women 3m (Prelim),Prelim,41444,Lily,Witte,18,303.65,1136,"Indiana University, Bloomington",,2026,NCAA-Championships,Senior/Open,,Female,3M,Senior Women 3M,false,false,,,,criteria-simulator/data.js
12844,2026 NCAA Div I Womens Swimming and Diving Champions,Senior Women 3m (Prelim),Prelim,43898,Lynae,Shorter,19,301.5,2598,"University of Tennessee, Knoxville",,2026,NCAA-Championships,Senior/Open,,Female,3M,Senior Women 3M,false,false,,,,criteria-simulator/data.js
12844,2026 NCAA Div I Womens Swimming and Diving Champions,Senior Women 3m (Prelim),Prelim,170371,Lotti,Hubert,20,296.85,2695,"University of Arkansas, Fayetteville",,2026,NCAA-Championships,Senior/Open,,Female,3M,Senior Women 3M,false,false,,,,criteria-simulator/data.js
12844,2026 NCAA Div I Womens Swimming and Diving Champions,Senior Women 3m (Prelim),Prelim,67670,Grace,Wesche,21,296.1,2949,Northern Arizona University,,2026,NCAA-Championships,Senior/Open,,Female,3M,Senior Women 3M,false,false,,,,criteria-simulator/data.js
12844,2026 NCAA Div I Womens Swimming and Diving Champions,Senior Women 3m (Prelim),Prelim,54651,Michelle,McLeod,22,293.35,2416,University of Houston,,2026,NCAA-Championships,Senior/Open,,Female,3M,Senior Women 3M,false,false,,,,criteria-simulator/data.js
12844,2026 NCAA Div I Womens Swimming and Diving Champions,Senior Women 3m (Prelim),Prelim,65344,Charlotte,Martinkus,23,292.95,2491,Princeton University,,2026,NCAA-Championships,Senior/Open,,Female,3M,Senior Women 3M,false,false,,,,criteria-simulator/data.js
12844,2026 NCAA Div I Womens Swimming and Diving Champions,Senior Women 3m (Prelim),Prelim,48449,Molly,Gray,24,291.8,2305,Stanford University,,2026,NCAA-Championships,Senior/Open,,Female,3M,Senior Women 3M,false,false,,,,criteria-simulator/data.js
12844,2026 NCAA Div I Womens Swimming and Diving Champions,Senior Women 3m (Prelim),Prelim,80178,Sephora,Ford,25,290.45,2757,Rutgers State University NJ NBrunswick,,2026,NCAA-Championships,Senior/Open,,Female,3M,Senior Women 3M,false,false,,,,criteria-simulator/data.js
12844,2026 NCAA Div I Womens Swimming and Diving Champions,Senior Women 3m (Prelim),Prelim,82532,Maisy,Woloszyn,26,290.4,2416,University of Houston,,2026,NCAA-Championships,Senior/Open,,Female,3M,Senior Women 3M,false,false,,,,criteria-simulator/data.js
12844,2026 NCAA Div I Womens Swimming and Diving Champions,Senior Women 3m (Prelim),Prelim,170489,Lovisa,Gustavsson,26,290.4,2143,University of Hawaii,,2026,NCAA-Championships,Senior/Open,,Female,3M,Senior Women 3M,false,false,,,,criteria-simulator/data.js
12844,2026 NCAA Div I Womens Swimming and Diving Champions,Senior Women 3m (Prelim),Prelim,171577,Sofia,Knight,28,289.4,2865,"University of North Carolina, Chapel Hill",,2026,NCAA-Championships,Senior/Open,,Female,3M,Senior Women 3M,false,false,,,,criteria-simulator/data.js
12844,2026 NCAA Div I Womens Swimming and Diving Champions,Senior Women 3m (Prelim),Prelim,48801,Bailee,Sturgill,29,283.55,2757,Rutgers State University NJ NBrunswick,,2026,NCAA-Championships,Senior/Open,,Female,3M,Senior Women 3M,false,false,,,,criteria-simulator/data.js
12844,2026 NCAA Div I Womens Swimming and Diving Champions,Senior Women 3m (Prelim),Prelim,60995,Mia,Prusiecki,30,281.85,2275,Ohio State University,,2026,NCAA-Championships,Senior/Open,,Female,3M,Senior Women 3M,false,false,,,,criteria-simulator/data.js
12844,2026 NCAA Div I Womens Swimming and Diving Champions,Senior Women 3m (Prelim),Prelim,52300,Kayleigh,Clark,31,279.95,2289,Florida State University,,2026,NCAA-Championships,Senior/Open,,Female,3M,Senior Women 3M,false,false,,,,criteria-simulator/data.js
12844,2026 NCAA Div I Womens Swimming and Diving Champions,Senior Women 3m (Prelim),Prelim,38142,Avery,Worobel,32,278.7,2142,Purdue University,,2026,NCAA-Championships,Senior/Open,,Female,3M,Senior Women 3M,false,false,,,,criteria-simulator/data.js
12844,2026 NCAA Div I Womens Swimming and Diving Champions,Senior Women 3m (Prelim),Prelim,51656,Megan,Jolly,33,278.0,2572,"University of Missouri, Columbia",,2026,NCAA-Championships,Senior/Open,,Female,3M,Senior Women 3M,false,false,,,,criteria-simulator/data.js
12844,2026 NCAA Div I Womens Swimming and Diving Champions,Senior Women 3m (Prelim),Prelim,64569,Ella,Roselli,34,277.15,1136,"Indiana University, Bloomington",,2026,NCAA-Championships,Senior/Open,,Female,3M,Senior Women 3M,false,false,,,,criteria-simulator/data.js
12844,2026 NCAA Div I Womens Swimming and Diving Champions,Senior Women 3m (Prelim),Prelim,102140,Camyla,Monroy,35,273.0,2575,University of Florida,,2026,NCAA-Championships,Senior/Open,,Female,3M,Senior Women 3M,false,false,,,,criteria-simulator/data.js
12844,2026 NCAA Div I Womens Swimming and Diving Champions,Senior Women 3m (Prelim),Prelim,170454,Grace,Brammer,36,272.85,2359,Pennsylvania State University,,2026,NCAA-Championships,Senior/Open,,Female,3M,Senior Women 3M,false,false,,,,criteria-simulator/data.js
12844,2026 NCAA Div I Womens Swimming and Diving Champions,Senior Women 3m (Prelim),Prelim,61099,Grace,Courtney,37,271.2,2277,University of Notre Dame,,2026,NCAA-Championships,Senior/Open,,Female,3M,Senior Women 3M,false,false,,,,criteria-simulator/data.js
12844,2026 NCAA Div I Womens Swimming and Diving Champions,Senior Women 3m (Prelim),Prelim,80206,Eden,Cheng,38,269.8,2574,"University of California, Los Angeles",,2026,NCAA-Championships,Senior/Open,,Female,3M,Senior Women 3M,false,false,,,,criteria-simulator/data.js
12844,2026 NCAA Div I Womens Swimming and Diving Champions,Senior Women 3m (Prelim),Prelim,60907,Kristy,Pfaff,39,267.3,2306,University of Kentucky,,2026,NCAA-Championships,Senior/Open,,Female,3M,Senior Women 3M,false,false,,,,criteria-simulator/data.js
12844,2026 NCAA Div I Womens Swimming and Diving Champions,Senior Women 3m (Prelim),Prelim,66316,Molly,Brascia,40,265.35,2574,"University of California, Los Angeles",,2026,NCAA-Championships,Senior/Open,,Female,3M,Senior Women 3M,false,false,,,,criteria-simulator/data.js
12844,2026 NCAA Div I Womens Swimming and Diving Champions,Senior Women 3m (Prelim),Prelim,47242,Michelle,Mazzara,41,245.6,2275,Ohio State University,,2026,NCAA-Championships,Senior/Open,,Female,3M,Senior Women 3M,false,false,,,,criteria-simulator/data.js
12844,2026 NCAA Div I Womens Swimming and Diving Champions,Senior Women 3m (Prelim),Prelim,45450,Charlotte,Norman,42,244.25,2491,Princeton University,,2026,NCAA-Championships,Senior/Open,,Female,3M,Senior Women 3M,false,false,,,,criteria-simulator/data.js
12844,2026 NCAA Div I Womens Swimming and Diving Champions,Senior Women 3m (Prelim),Prelim,33920,Olivia,Paquette,43,243.3,2725,George Washington University,,2026,NCAA-Championships,Senior/Open,,Female,3M,Senior Women 3M,false,false,,,,criteria-simulator/data.js
12844,2026 NCAA Div I Womens Swimming and Diving Champions,Senior Women 3m (Prelim),Prelim,173894,Adele,Melamud,44,241.85,2150,University at Buffalo,,2026,NCAA-Championships,Senior/Open,,Female,3M,Senior Women 3M,false,false,,,,criteria-simulator/data.js
12844,2026 NCAA Div I Womens Swimming and Diving Champions,Senior Women 3m (Prelim),Prelim,56312,Kathryn,Grant,45,238.65,2282,University of Utah,,2026,NCAA-Championships,Senior/Open,,Female,3M,Senior Women 3M,false,false,,,,criteria-simulator/data.js
12844,2026 NCAA Div I Womens Swimming and Diving Champions,Senior Women 3m (Prelim),Prelim,35202,Frida,Zuniga Guzman,46,226.0,2859,East Carolina University,,2026,NCAA-Championships,Senior/Open,,Female,3M,Senior Women 3M,false,false,,,,criteria-simulator/data.js
12844,2026 NCAA Div I Womens Swimming and Diving Champions,Senior Women 3m (Prelim),Prelim,80311,Alicia,Gonzalez Saenz De Jubera,47,220.35,2588,University of Wyoming,,2026,NCAA-Championships,Senior/Open,,Female,3M,Senior Women 3M,false,false,,,,criteria-simulator/data.js
12844,2026 NCAA Div I Womens Swimming and Diving Champions,Senior Women 3m (Prelim),Prelim,35987,Zara,Joy Ayazi,48,208.55,2932,University of Arizona,,2026,NCAA-Championships,Senior/Open,,Female,3M,Senior Women 3M,false,false,,,,criteria-simulator/data.js
12844,2026 NCAA Div I Womens Swimming and Diving Champions,Senior Women 3m (Final),Final,43980,Sophie,Verzyl,1,387.9,2280,"University of South Carolina, Columbia",,2026,NCAA-Championships,Senior/Open,,Female,3M,Senior Women 3M,false,false,,,,criteria-simulator/data.js
12844,2026 NCAA Div I Womens Swimming and Diving Champions,Senior Women 3m (Final),Final,169542,Desharne,Bent-Ashmeil,2,382.25,2598,"University of Tennessee, Knoxville",,2026,NCAA-Championships,Senior/Open,,Female,3M,Senior Women 3M,false,false,,,,criteria-simulator/data.js
12844,2026 NCAA Div I Womens Swimming and Diving Champions,Senior Women 3m (Final),Final,102317,Elna,Widerstrom,3,374.35,2151,"University of Minnesota, Twin Cities",,2026,NCAA-Championships,Senior/Open,,Female,3M,Senior Women 3M,false,false,,,,criteria-simulator/data.js
12844,2026 NCAA Div I Womens Swimming and Diving Champions,Senior Women 3m (Final),Final,65234,Chiara,Pellacani,4,372.9,1102,University of Miami,,2026,NCAA-Championships,Senior/Open,,Female,3M,Senior Women 3M,false,false,,,,criteria-simulator/data.js
12844,2026 NCAA Div I Womens Swimming and Diving Champions,Senior Women 3m (Final),Final,102222,Shiyun,Lai,5,342.35,2697,University of Kansas,,2026,NCAA-Championships,Senior/Open,,Female,3M,Senior Women 3M,false,false,,,,criteria-simulator/data.js
12844,2026 NCAA Div I Womens Swimming and Diving Champions,Senior Women 3m (Final),Final,67814,Bayleigh,Cranford,6,342.05,4141,The University of Texas,,2026,NCAA-Championships,Senior/Open,,Female,3M,Senior Women 3M,false,false,,,,criteria-simulator/data.js
12844,2026 NCAA Div I Womens Swimming and Diving Champions,Senior Women 3m (Final),Final,80892,Lena,Hentschel,7,337.3,2275,Ohio State University,,2026,NCAA-Championships,Senior/Open,,Female,3M,Senior Women 3M,false,false,,,,criteria-simulator/data.js
12844,2026 NCAA Div I Womens Swimming and Diving Champions,Senior Women 3m (Final),Final,162208,Maria,Sanchez - Moreno,8,320.85,2695,"University of Arkansas, Fayetteville",,2026,NCAA-Championships,Senior/Open,,Female,3M,Senior Women 3M,false,false,,,,criteria-simulator/data.js
12844,2026 NCAA Div I Womens Swimming and Diving Champions,Senior Women Platform (Prelim),Prelim,169536,Ellie,Cole,1,366.9,2305,Stanford University,,2026,NCAA-Championships,Senior/Open,,Female,Platform,Senior Women Platform,false,false,,,,criteria-simulator/data.js
12844,2026 NCAA Div I Womens Swimming and Diving Champions,Senior Women Platform (Prelim),Prelim,67814,Bayleigh,Cranford,2,341.5,4141,The University of Texas,,2026,NCAA-Championships,Senior/Open,,Female,Platform,Senior Women Platform,false,false,,,,criteria-simulator/data.js
12844,2026 NCAA Div I Womens Swimming and Diving Champions,Senior Women Platform (Prelim),Prelim,40301,Viviana,Del Angel,3,326.1,2151,"University of Minnesota, Twin Cities",,2026,NCAA-Championships,Senior/Open,,Female,Platform,Senior Women Platform,false,false,,,,criteria-simulator/data.js
12844,2026 NCAA Div I Womens Swimming and Diving Champions,Senior Women Platform (Prelim),Prelim,52300,Kayleigh,Clark,4,324.0,2289,Florida State University,,2026,NCAA-Championships,Senior/Open,,Female,Platform,Senior Women Platform,false,false,,,,criteria-simulator/data.js
12844,2026 NCAA Div I Womens Swimming and Diving Champions,Senior Women Platform (Prelim),Prelim,41728,Daryn,Wright,5,305.4,2142,Purdue University,,2026,NCAA-Championships,Senior/Open,,Female,Platform,Senior Women Platform,false,false,,,,criteria-simulator/data.js
12844,2026 NCAA Div I Womens Swimming and Diving Champions,Senior Women Platform (Prelim),Prelim,171577,Sofia,Knight,6,301.4,2865,"University of North Carolina, Chapel Hill",,2026,NCAA-Championships,Senior/Open,,Female,Platform,Senior Women Platform,false,false,,,,criteria-simulator/data.js
12844,2026 NCAA Div I Womens Swimming and Diving Champions,Senior Women Platform (Prelim),Prelim,102140,Camyla,Monroy,7,299.3,2575,University of Florida,,2026,NCAA-Championships,Senior/Open,,Female,Platform,Senior Women Platform,false,false,,,,criteria-simulator/data.js
12844,2026 NCAA Div I Womens Swimming and Diving Champions,Senior Women Platform (Prelim),Prelim,60995,Mia,Prusiecki,8,294.75,2275,Ohio State University,,2026,NCAA-Championships,Senior/Open,,Female,Platform,Senior Women Platform,false,false,,,,criteria-simulator/data.js
12844,2026 NCAA Div I Womens Swimming and Diving Champions,Senior Women Platform (Prelim),Prelim,64569,Ella,Roselli,9,291.7,1136,"Indiana University, Bloomington",,2026,NCAA-Championships,Senior/Open,,Female,Platform,Senior Women Platform,false,false,,,,criteria-simulator/data.js
12844,2026 NCAA Div I Womens Swimming and Diving Champions,Senior Women Platform (Prelim),Prelim,80206,Eden,Cheng,10,291.4,2574,"University of California, Los Angeles",,2026,NCAA-Championships,Senior/Open,,Female,Platform,Senior Women Platform,false,false,,,,criteria-simulator/data.js
12844,2026 NCAA Div I Womens Swimming and Diving Champions,Senior Women Platform (Prelim),Prelim,53351,Emilie,Moore,11,280.1,2305,Stanford University,,2026,NCAA-Championships,Senior/Open,,Female,Platform,Senior Women Platform,false,false,,,,criteria-simulator/data.js
12844,2026 NCAA Div I Womens Swimming and Diving Champions,Senior Women Platform (Prelim),Prelim,162208,Maria,Sanchez - Moreno,12,272.95,2695,"University of Arkansas, Fayetteville",,2026,NCAA-Championships,Senior/Open,,Female,Platform,Senior Women Platform,false,false,,,,criteria-simulator/data.js
12844,2026 NCAA Div I Womens Swimming and Diving Champions,Senior Women Platform (Prelim),Prelim,169548,Emily,Hallifax,13,267.8,2300,Auburn University,,2026,NCAA-Championships,Senior/Open,,Female,Platform,Senior Women Platform,false,false,,,,criteria-simulator/data.js
12844,2026 NCAA Div I Womens Swimming and Diving Champions,Senior Women Platform (Prelim),Prelim,59496,Gabrielle,Filzen,14,265.5,2693,"Texas AandM University, College Station",,2026,NCAA-Championships,Senior/Open,,Female,Platform,Senior Women Platform,false,false,,,,criteria-simulator/data.js
12844,2026 NCAA Div I Womens Swimming and Diving Champions,Senior Women Platform (Prelim),Prelim,35202,Frida,Zuniga Guzman,15,264.0,2859,East Carolina University,,2026,NCAA-Championships,Senior/Open,,Female,Platform,Senior Women Platform,false,false,,,,criteria-simulator/data.js
12844,2026 NCAA Div I Womens Swimming and Diving Champions,Senior Women Platform (Prelim),Prelim,80178,Sephora,Ford,16,260.5,2757,Rutgers State University NJ NBrunswick,,2026,NCAA-Championships,Senior/Open,,Female,Platform,Senior Women Platform,false,false,,,,criteria-simulator/data.js
12844,2026 NCAA Div I Womens Swimming and Diving Champions,Senior Women Platform (Prelim),Prelim,173913,Jazzelle,Eikermann Gregorchuk,17,256.8,2572,"University of Missouri, Columbia",,2026,NCAA-Championships,Senior/Open,,Female,Platform,Senior Women Platform,false,false,,,,criteria-simulator/data.js
12844,2026 NCAA Div I Womens Swimming and Diving Champions,Senior Women Platform (Prelim),Prelim,67336,Mia,Henninger,18,252.25,2572,"University of Missouri, Columbia",,2026,NCAA-Championships,Senior/Open,,Female,Platform,Senior Women Platform,false,false,,,,criteria-simulator/data.js
12844,2026 NCAA Div I Womens Swimming and Diving Champions,Senior Women Platform (Prelim),Prelim,100780,Kate,Miller,19,246.3,2941,University of Southern California,,2026,NCAA-Championships,Senior/Open,,Female,Platform,Senior Women Platform,false,false,,,,criteria-simulator/data.js
12844,2026 NCAA Div I Womens Swimming and Diving Champions,Senior Women Platform (Prelim),Prelim,73332,Casey,Greenberg,20,246.1,2575,University of Florida,,2026,NCAA-Championships,Senior/Open,,Female,Platform,Senior Women Platform,false,false,,,,criteria-simulator/data.js
12844,2026 NCAA Div I Womens Swimming and Diving Champions,Senior Women Platform (Prelim),Prelim,75160,Brooklyn,Petit,21,246.05,2275,Ohio State University,,2026,NCAA-Championships,Senior/Open,,Female,Platform,Senior Women Platform,false,false,,,,criteria-simulator/data.js
12844,2026 NCAA Div I Womens Swimming and Diving Champions,Senior Women Platform (Prelim),Prelim,36886,Isabella,Chen,22,245.4,2287,Northwestern University,,2026,NCAA-Championships,Senior/Open,,Female,Platform,Senior Women Platform,false,false,,,,criteria-simulator/data.js
12844,2026 NCAA Div I Womens Swimming and Diving Champions,Senior Women Platform (Prelim),Prelim,48801,Bailee,Sturgill,23,244.05,2757,Rutgers State University NJ NBrunswick,,2026,NCAA-Championships,Senior/Open,,Female,Platform,Senior Women Platform,false,false,,,,criteria-simulator/data.js
12844,2026 NCAA Div I Womens Swimming and Diving Champions,Senior Women Platform (Prelim),Prelim,74809,Chloe,Brothers,24,240.9,2300,Auburn University,,2026,NCAA-Championships,Senior/Open,,Female,Platform,Senior Women Platform,false,false,,,,criteria-simulator/data.js
12844,2026 NCAA Div I Womens Swimming and Diving Champions,Senior Women Platform (Prelim),Prelim,54651,Michelle,McLeod,25,240.8,2416,University of Houston,,2026,NCAA-Championships,Senior/Open,,Female,Platform,Senior Women Platform,false,false,,,,criteria-simulator/data.js
12844,2026 NCAA Div I Womens Swimming and Diving Champions,Senior Women Platform (Prelim),Prelim,54075,Mary,Kate Cavanaugh,25,240.8,1136,"Indiana University, Bloomington",,2026,NCAA-Championships,Senior/Open,,Female,Platform,Senior Women Platform,false,false,,,,criteria-simulator/data.js
12844,2026 NCAA Div I Womens Swimming and Diving Champions,Senior Women Platform (Prelim),Prelim,80292,Kelsey,Clairmont,27,240.75,2698,"University of Nebraska, Lincoln",,2026,NCAA-Championships,Senior/Open,,Female,Platform,Senior Women Platform,false,false,,,,criteria-simulator/data.js
12844,2026 NCAA Div I Womens Swimming and Diving Champions,Senior Women Platform (Prelim),Prelim,80189,Grace,Ally,28,239.8,3561,"California State University, Fresno",,2026,NCAA-Championships,Senior/Open,,Female,Platform,Senior Women Platform,false,false,,,,criteria-simulator/data.js
12844,2026 NCAA Div I Womens Swimming and Diving Champions,Senior Women Platform (Prelim),Prelim,43420,Kaylee,Bishop,29,239.35,1136,"Indiana University, Bloomington",,2026,NCAA-Championships,Senior/Open,,Female,Platform,Senior Women Platform,false,false,,,,criteria-simulator/data.js
12844,2026 NCAA Div I Womens Swimming and Diving Champions,Senior Women Platform (Prelim),Prelim,174119,Hannah,Newbrook,30,234.8,2275,Ohio State University,,2026,NCAA-Championships,Senior/Open,,Female,Platform,Senior Women Platform,false,false,,,,criteria-simulator/data.js
12844,2026 NCAA Div I Womens Swimming and Diving Champions,Senior Women Platform (Prelim),Prelim,80183,Sarah,Carruthers,31,228.05,4141,The University of Texas,,2026,NCAA-Championships,Senior/Open,,Female,Platform,Senior Women Platform,false,false,,,,criteria-simulator/data.js
12844,2026 NCAA Div I Womens Swimming and Diving Champions,Senior Women Platform (Prelim),Prelim,35987,Zara,Joy Ayazi,32,227.65,2932,University of Arizona,,2026,NCAA-Championships,Senior/Open,,Female,Platform,Senior Women Platform,false,false,,,,criteria-simulator/data.js
12844,2026 NCAA Div I Womens Swimming and Diving Champions,Senior Women Platform (Prelim),Prelim,74365,Jessica,Vega,33,220.9,2303,University of Pittsburgh,,2026,NCAA-Championships,Senior/Open,,Female,Platform,Senior Women Platform,false,false,,,,criteria-simulator/data.js
12844,2026 NCAA Div I Womens Swimming and Diving Champions,Senior Women Platform (Prelim),Prelim,61059,Shannon,Icard,34,219.15,5431,Liberty University,,2026,NCAA-Championships,Senior/Open,,Female,Platform,Senior Women Platform,false,false,,,,criteria-simulator/data.js
12844,2026 NCAA Div I Womens Swimming and Diving Champions,Senior Women Platform (Prelim),Prelim,45556,Sammantha,Helmboldt,35,215.25,2304,University of Louisville,,2026,NCAA-Championships,Senior/Open,,Female,Platform,Senior Women Platform,false,false,,,,criteria-simulator/data.js
12844,2026 NCAA Div I Womens Swimming and Diving Champions,Senior Women Platform (Prelim),Prelim,56312,Kathryn,Grant,35,215.25,2282,University of Utah,,2026,NCAA-Championships,Senior/Open,,Female,Platform,Senior Women Platform,false,false,,,,criteria-simulator/data.js
12844,2026 NCAA Div I Womens Swimming and Diving Champions,Senior Women Platform (Prelim),Prelim,49953,Annalei,Dow,37,205.95,2151,"University of Minnesota, Twin Cities",,2026,NCAA-Championships,Senior/Open,,Female,Platform,Senior Women Platform,false,false,,,,criteria-simulator/data.js
12844,2026 NCAA Div I Womens Swimming and Diving Champions,Senior Women Platform (Prelim),Prelim,80892,Lena,Hentschel,38,203.15,2275,Ohio State University,,2026,NCAA-Championships,Senior/Open,,Female,Platform,Senior Women Platform,false,false,,,,criteria-simulator/data.js
12844,2026 NCAA Div I Womens Swimming and Diving Champions,Senior Women Platform (Prelim),Prelim,63675,Olivia,Liddle,39,188.8,2572,"University of Missouri, Columbia",,2026,NCAA-Championships,Senior/Open,,Female,Platform,Senior Women Platform,false,false,,,,criteria-simulator/data.js
12844,2026 NCAA Div I Womens Swimming and Diving Champions,Senior Women Platform (Prelim),Prelim,82077,Cassandra,Guerrera,40,187.2,2303,University of Pittsburgh,,2026,NCAA-Championships,Senior/Open,,Female,Platform,Senior Women Platform,false,false,,,,criteria-simulator/data.js
12844,2026 NCAA Div I Womens Swimming and Diving Champions,Senior Women Platform (Prelim),Prelim,161601,Mariana,Osorio Mendoza,41,176.6,2303,University of Pittsburgh,,2026,NCAA-Championships,Senior/Open,,Female,Platform,Senior Women Platform,false,false,,,,criteria-simulator/data.js
12844,2026 NCAA Div I Womens Swimming and Diving Champions,Senior Women Platform (Prelim),Prelim,51090,Jenna,Jagielski,42,175.75,2941,University of Southern California,,2026,NCAA-Championships,Senior/Open,,Female,Platform,Senior Women Platform,false,false,,,,criteria-simulator/data.js
12844,2026 NCAA Div I Womens Swimming and Diving Champions,Senior Women Platform (Prelim),Prelim,56646,Samantha,Keith,43,172.9,2304,University of Louisville,,2026,NCAA-Championships,Senior/Open,,Female,Platform,Senior Women Platform,false,false,,,,criteria-simulator/data.js
12844,2026 NCAA Div I Womens Swimming and Diving Champions,Senior Women Platform (Final),Final,169536,Ellie,Cole,1,399.8,2305,Stanford University,,2026,NCAA-Championships,Senior/Open,,Female,Platform,Senior Women Platform,false,false,,,,criteria-simulator/data.js
12844,2026 NCAA Div I Womens Swimming and Diving Champions,Senior Women Platform (Final),Final,41728,Daryn,Wright,2,343.45,2142,Purdue University,,2026,NCAA-Championships,Senior/Open,,Female,Platform,Senior Women Platform,false,false,,,,criteria-simulator/data.js
12844,2026 NCAA Div I Womens Swimming and Diving Champions,Senior Women Platform (Final),Final,52300,Kayleigh,Clark,3,333.3,2289,Florida State University,,2026,NCAA-Championships,Senior/Open,,Female,Platform,Senior Women Platform,false,false,,,,criteria-simulator/data.js
12844,2026 NCAA Div I Womens Swimming and Diving Champions,Senior Women Platform (Final),Final,40301,Viviana,Del Angel,4,325.4,2151,"University of Minnesota, Twin Cities",,2026,NCAA-Championships,Senior/Open,,Female,Platform,Senior Women Platform,false,false,,,,criteria-simulator/data.js
12844,2026 NCAA Div I Womens Swimming and Diving Champions,Senior Women Platform (Final),Final,67814,Bayleigh,Cranford,5,312.75,4141,The University of Texas,,2026,NCAA-Championships,Senior/Open,,Female,Platform,Senior Women Platform,false,false,,,,criteria-simulator/data.js
12844,2026 NCAA Div I Womens Swimming and Diving Champions,Senior Women Platform (Final),Final,171577,Sofia,Knight,6,290.0,2865,"University of North Carolina, Chapel Hill",,2026,NCAA-Championships,Senior/Open,,Female,Platform,Senior Women Platform,false,false,,,,criteria-simulator/data.js
12844,2026 NCAA Div I Womens Swimming and Diving Champions,Senior Women Platform (Final),Final,60995,Mia,Prusiecki,7,286.95,2275,Ohio State University,,2026,NCAA-Championships,Senior/Open,,Female,Platform,Senior Women Platform,false,false,,,,criteria-simulator/data.js
12844,2026 NCAA Div I Womens Swimming and Diving Champions,Senior Women Platform (Final),Final,102140,Camyla,Monroy,8,223.9,2575,University of Florida,,2026,NCAA-Championships,Senior/Open,,Female,Platform,Senior Women Platform,false,false,,,,criteria-simulator/data.js
WA-4847,World Aquatics Diving World Cup 2025,Senior Women 3m (Final),Final,WA-29edadbb-b4d0-450d-924a-0fd71d0aa8b0,CHEN,Jia,1,380.55,CHN,CHN,CHN,2025,World-Cup,Senior/Open,Senior,Female,3M,Senior Women 3M,false,false,,,,criteria-simulator/data.js
WA-4847,World Aquatics Diving World Cup 2025,Senior Women 3m (Final),Final,WA-6dafbcbb-ef90-4cf4-b5f5-23134da47c96,CHEN,Yiwen,2,372.9,CHN,CHN,CHN,2025,World-Cup,Senior/Open,Senior,Female,3M,Senior Women 3M,false,false,,,,criteria-simulator/data.js
WA-4847,World Aquatics Diving World Cup 2025,Senior Women 3m (Final),Final,WA-368575e4-e59c-4391-8f3a-11a27ecd0886,KEENEY,Maddison,3,352.0,AUS,AUS,AUS,2025,World-Cup,Senior/Open,Senior,Female,3M,Senior Women 3M,false,false,,,,criteria-simulator/data.js
WA-4847,World Aquatics Diving World Cup 2025,Senior Women 3m (Final),Final,WA-cf176875-fdaa-4754-9fc4-16c6e151df5d,PELLACANI,Chiara,4,324.8,ITA,ITA,ITA,2025,World-Cup,Senior/Open,Senior,Female,3M,Senior Women 3M,false,false,,,,criteria-simulator/data.js
WA-4847,World Aquatics Diving World Cup 2025,Senior Women 3m (Final),Final,WA-8b3f873b-7d50-4a6a-86f4-8fe1fd0ed279,CUEVA,LOBATO Lia Yatzil,5,322.2,MEX,MEX,MEX,2025,World-Cup,Senior/Open,Senior,Female,3M,Senior Women 3M,false,false,,,,criteria-simulator/data.js
WA-4847,World Aquatics Diving World Cup 2025,Senior Women 3m (Final),Final,WA-979e3fcb-7191-4a44-b6a7-aed5af5dfa23,KUZINA,Elizaveta,6,321.7,NAB,NAB,NAB,2025,World-Cup,Senior/Open,Senior,Female,3M,Senior Women 3M,false,false,,,,criteria-simulator/data.js
WA-4847,World Aquatics Diving World Cup 2025,Senior Women 3m (Final),Final,WA-332fb9f9-ca44-4b1d-b738-18838821f2f9,VERZYL,Sophia,7,302.25,USA,USA,USA,2025,World-Cup,Senior/Open,Senior,Female,3M,Senior Women 3M,false,false,,,,criteria-simulator/data.js
WA-4847,World Aquatics Diving World Cup 2025,Senior Women 3m (Final),Final,WA-08d49b2c-df61-400e-92f4-9e2aed221075,VALLEE,Mia,8,295.95,CAN,CAN,CAN,2025,World-Cup,Senior/Open,Senior,Female,3M,Senior Women 3M,false,false,,,,criteria-simulator/data.js
WA-4847,World Aquatics Diving World Cup 2025,Senior Women 3m (Final),Final,WA-f8c22435-17b2-4a9a-aad2-a6eab903e36e,MIKAMI,Sayaka,9,295.8,JPN,JPN,JPN,2025,World-Cup,Senior/Open,Senior,Female,3M,Senior Women 3M,false,false,,,,criteria-simulator/data.js
WA-4847,World Aquatics Diving World Cup 2025,Senior Women 3m (Final),Final,WA-8461470d-e119-4e0f-844e-581c703d36cf,KOLOI,Alysha,10,279.45,AUS,AUS,AUS,2025,World-Cup,Senior/Open,Senior,Female,3M,Senior Women 3M,false,false,,,,criteria-simulator/data.js
WA-4847,World Aquatics Diving World Cup 2025,Senior Women 3m (Final),Final,WA-248a1046-d641-4593-a85a-0d052811f210,KNIGHT,Kyndal,11,274.15,USA,USA,USA,2025,World-Cup,Senior/Open,Senior,Female,3M,Senior Women 3M,false,false,,,,criteria-simulator/data.js
WA-4847,World Aquatics Diving World Cup 2025,Senior Women 3m (Final),Final,WA-2a08e85f-37c1-4589-b41b-0457f0e97fe6,GARCIA,NAVARRO Anisley,12,272.3,CUB,CUB,CUB,2025,World-Cup,Senior/Open,Senior,Female,3M,Senior Women 3M,false,false,,,,criteria-simulator/data.js
WA-4847,World Aquatics Diving World Cup 2025,Senior Women 3m (Prelim),Prelim,WA-6dafbcbb-ef90-4cf4-b5f5-23134da47c96,CHEN,Yiwen,1,344.4,CHN,CHN,CHN,2025,World-Cup,Senior/Open,Senior,Female,3M,Senior Women 3M,false,false,,,,criteria-simulator/data.js
WA-4847,World Aquatics Diving World Cup 2025,Senior Women 3m (Prelim),Prelim,WA-29edadbb-b4d0-450d-924a-0fd71d0aa8b0,CHEN,Jia,2,344.05,CHN,CHN,CHN,2025,World-Cup,Senior/Open,Senior,Female,3M,Senior Women 3M,false,false,,,,criteria-simulator/data.js
WA-4847,World Aquatics Diving World Cup 2025,Senior Women 3m (Prelim),Prelim,WA-ef64d63f-83b5-45f0-9d70-6ef96757d6d3,CHANG,Yani,3,324.75,CHN,CHN,CHN,2025,World-Cup,Senior/Open,Senior,Female,3M,Senior Women 3M,false,false,,,,criteria-simulator/data.js
WA-4847,World Aquatics Diving World Cup 2025,Senior Women 3m (Prelim),Prelim,WA-08d49b2c-df61-400e-92f4-9e2aed221075,VALLEE,Mia,4,314.1,CAN,CAN,CAN,2025,World-Cup,Senior/Open,Senior,Female,3M,Senior Women 3M,false,false,,,,criteria-simulator/data.js
WA-4847,World Aquatics Diving World Cup 2025,Senior Women 3m (Prelim),Prelim,WA-cf176875-fdaa-4754-9fc4-16c6e151df5d,PELLACANI,Chiara,5,296.1,ITA,ITA,ITA,2025,World-Cup,Senior/Open,Senior,Female,3M,Senior Women 3M,false,false,,,,criteria-simulator/data.js
WA-4847,World Aquatics Diving World Cup 2025,Senior Women 3m (Prelim),Prelim,WA-8b3f873b-7d50-4a6a-86f4-8fe1fd0ed279,CUEVA,LOBATO Lia Yatzil,6,290.0,MEX,MEX,MEX,2025,World-Cup,Senior/Open,Senior,Female,3M,Senior Women 3M,false,false,,,,criteria-simulator/data.js
WA-4847,World Aquatics Diving World Cup 2025,Senior Women 3m (Prelim),Prelim,WA-332fb9f9-ca44-4b1d-b738-18838821f2f9,VERZYL,Sophia,7,289.05,USA,USA,USA,2025,World-Cup,Senior/Open,Senior,Female,3M,Senior Women 3M,false,false,,,,criteria-simulator/data.js
WA-4847,World Aquatics Diving World Cup 2025,Senior Women 3m (Prelim),Prelim,WA-2a08e85f-37c1-4589-b41b-0457f0e97fe6,GARCIA,NAVARRO Anisley,8,285.4,CUB,CUB,CUB,2025,World-Cup,Senior/Open,Senior,Female,3M,Senior Women 3M,false,false,,,,criteria-simulator/data.js
WA-4847,World Aquatics Diving World Cup 2025,Senior Women 3m (Prelim),Prelim,WA-f8c22435-17b2-4a9a-aad2-a6eab903e36e,MIKAMI,Sayaka,9,276.7,JPN,JPN,JPN,2025,World-Cup,Senior/Open,Senior,Female,3M,Senior Women 3M,false,false,,,,criteria-simulator/data.js
WA-4847,World Aquatics Diving World Cup 2025,Senior Women 3m (Prelim),Prelim,WA-368575e4-e59c-4391-8f3a-11a27ecd0886,KEENEY,Maddison,10,276.35,AUS,AUS,AUS,2025,World-Cup,Senior/Open,Senior,Female,3M,Senior Women 3M,false,false,,,,criteria-simulator/data.js
WA-4847,World Aquatics Diving World Cup 2025,Senior Women 3m (Prelim),Prelim,WA-979e3fcb-7191-4a44-b6a7-aed5af5dfa23,KUZINA,Elizaveta,11,272.0,NAB,NAB,NAB,2025,World-Cup,Senior/Open,Senior,Female,3M,Senior Women 3M,false,false,,,,criteria-simulator/data.js
WA-4847,World Aquatics Diving World Cup 2025,Senior Women 3m (Prelim),Prelim,WA-248a1046-d641-4593-a85a-0d052811f210,KNIGHT,Kyndal,12,271.7,USA,USA,USA,2025,World-Cup,Senior/Open,Senior,Female,3M,Senior Women 3M,false,false,,,,criteria-simulator/data.js
WA-4847,World Aquatics Diving World Cup 2025,Senior Women 3m (Prelim),Prelim,WA-8461470d-e119-4e0f-844e-581c703d36cf,KOLOI,Alysha,13,267.3,AUS,AUS,AUS,2025,World-Cup,Senior/Open,Senior,Female,3M,Senior Women 3M,false,false,,,,criteria-simulator/data.js
WA-4847,World Aquatics Diving World Cup 2025,Senior Women 3m (Prelim),Prelim,WA-e8aca9d7-d107-4f8a-92d4-0e332c7e92bc,GILLET,Nais,14,256.15,FRA,FRA,FRA,2025,World-Cup,Senior/Open,Senior,Female,3M,Senior Women 3M,false,false,,,,criteria-simulator/data.js
WA-4847,World Aquatics Diving World Cup 2025,Senior Women 3m (Prelim),Prelim,WA-019c052b-6605-4dd8-8e20-feb2d881a69f,KLIUEVA,Uliana,15,255.85,NAB,NAB,NAB,2025,World-Cup,Senior/Open,Senior,Female,3M,Senior Women 3M,false,false,,,,criteria-simulator/data.js
WA-4847,World Aquatics Diving World Cup 2025,Senior Women 3m (Prelim),Prelim,WA-d198d7de-8a19-4c3c-b39e-d952f24ab74d,HEIMBERG,Michelle,16,254.7,SUI,SUI,SUI,2025,World-Cup,Senior/Open,Senior,Female,3M,Senior Women 3M,false,false,,,,criteria-simulator/data.js
WA-4847,World Aquatics Diving World Cup 2025,Senior Women 3m (Prelim),Prelim,WA-1047093a-62d7-4423-9f7d-4cad25542eae,ESTUDILLO,TORRES Alejandra,17,253.95,MEX,MEX,MEX,2025,World-Cup,Senior/Open,Senior,Female,3M,Senior Women 3M,false,false,,,,criteria-simulator/data.js
WA-4847,World Aquatics Diving World Cup 2025,Senior Women 3m (Prelim),Prelim,WA-eda28461-e971-4700-a74a-ccdcb723094a,PIZZINI,Elisa,18,251.7,ITA,ITA,ITA,2025,World-Cup,Senior/Open,Senior,Female,3M,Senior Women 3M,false,false,,,,criteria-simulator/data.js
WA-4847,World Aquatics Diving World Cup 2025,Senior Women 3m (Prelim),Prelim,WA-49ea8dac-e1cf-4699-afff-a60e68b7669a,HARPER,Yasmin,19,250.8,GBR,GBR,GBR,2025,World-Cup,Senior/Open,Senior,Female,3M,Senior Women 3M,false,false,,,,criteria-simulator/data.js
WA-4847,World Aquatics Diving World Cup 2025,Senior Women 3m (Prelim),Prelim,WA-1b83c525-26a3-4a63-8ebb-6a6d337427f5,JASMIN,Amelie-Laura,20,240.75,CAN,CAN,CAN,2025,World-Cup,Senior/Open,Senior,Female,3M,Senior Women 3M,false,false,,,,criteria-simulator/data.js
WA-4847,World Aquatics Diving World Cup 2025,Senior Women 3m (Prelim),Prelim,WA-41638bb0-cffa-4ff2-b5ea-c311263fc72c,BENT-ASHMEIL,Desharne,21,240.4,GBR,GBR,GBR,2025,World-Cup,Senior/Open,Senior,Female,3M,Senior Women 3M,false,false,,,,criteria-simulator/data.js
WA-4847,World Aquatics Diving World Cup 2025,Senior Women 3m (Prelim),Prelim,WA-2e69ace0-338a-49c4-8940-9a72e28051ea,CUEVA,LOBATO Mia Zazil,22,236.85,MEX,MEX,MEX,2025,World-Cup,Senior/Open,Senior,Female,3M,Senior Women 3M,false,false,,,,criteria-simulator/data.js
WA-4847,World Aquatics Diving World Cup 2025,Senior Women 3m (Prelim),Prelim,WA-84abb6f6-fdf2-48a2-8732-83f2a642a347,MULLER,Jette,23,217.15,GER,GER,GER,2025,World-Cup,Senior/Open,Senior,Female,3M,Senior Women 3M,false,false,,,,criteria-simulator/data.js
WA-4847,World Aquatics Diving World Cup 2025,Senior Women Platform (Final),Final,WA-793b142a-8f02-4f14-9d92-62a48b72dc92,CHEN,Yuxi,1,419.35,CHN,CHN,CHN,2025,World-Cup,Senior/Open,Senior,Female,Platform,Senior Women Platform,false,false,,,,criteria-simulator/data.js
WA-4847,World Aquatics Diving World Cup 2025,Senior Women Platform (Final),Final,WA-e8b7220b-65e1-4506-98d0-84de3367b15b,QUAN,Hongchan,2,414.4,CHN,CHN,CHN,2025,World-Cup,Senior/Open,Senior,Female,Platform,Senior Women Platform,false,false,,,,criteria-simulator/data.js
WA-4847,World Aquatics Diving World Cup 2025,Senior Women Platform (Final),Final,WA-3fdd3244-1171-49f9-911c-31962a22d1cc,SPENDOLINI,SIRIEIX Andrea,3,337.7,GBR,GBR,GBR,2025,World-Cup,Senior/Open,Senior,Female,Platform,Senior Women Platform,false,false,,,,criteria-simulator/data.js
WA-4847,World Aquatics Diving World Cup 2025,Senior Women Platform (Final),Final,WA-1047093a-62d7-4423-9f7d-4cad25542eae,ESTUDILLO,TORRES Alejandra,4,324.9,MEX,MEX,MEX,2025,World-Cup,Senior/Open,Senior,Female,Platform,Senior Women Platform,false,false,,,,criteria-simulator/data.js
WA-4847,World Aquatics Diving World Cup 2025,Senior Women Platform (Final),Final,WA-0aa96fee-c914-43d1-9c51-e54d767987a0,AGUNDEZ,GARCIA Gabriela,5,316.3,MEX,MEX,MEX,2025,World-Cup,Senior/Open,Senior,Female,Platform,Senior Women Platform,false,false,,,,criteria-simulator/data.js
WA-4847,World Aquatics Diving World Cup 2025,Senior Women Platform (Final),Final,WA-71064397-f02c-4bc3-8b93-3901138e8989,HINGSTON,Laura,6,288.95,AUS,AUS,AUS,2025,World-Cup,Senior/Open,Senior,Female,Platform,Senior Women Platform,false,false,,,,criteria-simulator/data.js
WA-4847,World Aquatics Diving World Cup 2025,Senior Women Platform (Final),Final,WA-4fc41b34-d467-48c1-a8c7-83dfb407758b,JODOIN,DI MARIA Sarah,7,288.0,ITA,ITA,ITA,2025,World-Cup,Senior/Open,Senior,Female,Platform,Senior Women Platform,false,false,,,,criteria-simulator/data.js
WA-4847,World Aquatics Diving World Cup 2025,Senior Women Platform (Final),Final,WA-9d5db8c8-a45f-4745-b63d-f9c49379a79c,MILLER,Kate,8,277.35,CAN,CAN,CAN,2025,World-Cup,Senior/Open,Senior,Female,Platform,Senior Women Platform,false,false,,,,criteria-simulator/data.js
WA-4847,World Aquatics Diving World Cup 2025,Senior Women Platform (Final),Final,WA-7729fbdd-c66f-43da-beda-ca6826e40aa2,WRIGHT,Daryn,9,271.8,USA,USA,USA,2025,World-Cup,Senior/Open,Senior,Female,Platform,Senior Women Platform,false,false,,,,criteria-simulator/data.js
WA-4847,World Aquatics Diving World Cup 2025,Senior Women Platform (Final),Final,WA-5cf48f98-fe3e-4768-bb42-e5e5b78cca2f,PFEIF,Pauline Alexandra,10,270.15,GER,GER,GER,2025,World-Cup,Senior/Open,Senior,Female,Platform,Senior Women Platform,false,false,,,,criteria-simulator/data.js
WA-4847,World Aquatics Diving World Cup 2025,Senior Women Platform (Final),Final,WA-b9f0e0e9-e11d-4b78-bf5a-b7c186cd1b8f,COLE,Ellie,11,262.3,AUS,AUS,AUS,2025,World-Cup,Senior/Open,Senior,Female,Platform,Senior Women Platform,false,false,,,,criteria-simulator/data.js
WA-4847,World Aquatics Diving World Cup 2025,Senior Women Platform (Final),Final,WA-45101f00-7ed3-4aa9-acfa-c54b4e1f0ac5,ANTOLINO,Valeria,12,256.5,ESP,ESP,ESP,2025,World-Cup,Senior/Open,Senior,Female,Platform,Senior Women Platform,false,false,,,,criteria-simulator/data.js
WA-4847,World Aquatics Diving World Cup 2025,Senior Women Platform (Prelim),Prelim,WA-e8b7220b-65e1-4506-98d0-84de3367b15b,QUAN,Hongchan,1,390.4,CHN,CHN,CHN,2025,World-Cup,Senior/Open,Senior,Female,Platform,Senior Women Platform,false,false,,,,criteria-simulator/data.js
WA-4847,World Aquatics Diving World Cup 2025,Senior Women Platform (Prelim),Prelim,WA-793b142a-8f02-4f14-9d92-62a48b72dc92,CHEN,Yuxi,2,373.65,CHN,CHN,CHN,2025,World-Cup,Senior/Open,Senior,Female,Platform,Senior Women Platform,false,false,,,,criteria-simulator/data.js
WA-4847,World Aquatics Diving World Cup 2025,Senior Women Platform (Prelim),Prelim,WA-1047093a-62d7-4423-9f7d-4cad25542eae,ESTUDILLO,TORRES Alejandra,3,325.35,MEX,MEX,MEX,2025,World-Cup,Senior/Open,Senior,Female,Platform,Senior Women Platform,false,false,,,,criteria-simulator/data.js
WA-4847,World Aquatics Diving World Cup 2025,Senior Women Platform (Prelim),Prelim,WA-5cf48f98-fe3e-4768-bb42-e5e5b78cca2f,PFEIF,Pauline Alexandra,4,322.4,GER,GER,GER,2025,World-Cup,Senior/Open,Senior,Female,Platform,Senior Women Platform,false,false,,,,criteria-simulator/data.js
WA-4847,World Aquatics Diving World Cup 2025,Senior Women Platform (Prelim),Prelim,WA-7729fbdd-c66f-43da-beda-ca6826e40aa2,WRIGHT,Daryn,5,311.85,USA,USA,USA,2025,World-Cup,Senior/Open,Senior,Female,Platform,Senior Women Platform,false,false,,,,criteria-simulator/data.js
WA-4847,World Aquatics Diving World Cup 2025,Senior Women Platform (Prelim),Prelim,WA-0aa96fee-c914-43d1-9c51-e54d767987a0,AGUNDEZ,GARCIA Gabriela,6,311.5,MEX,MEX,MEX,2025,World-Cup,Senior/Open,Senior,Female,Platform,Senior Women Platform,false,false,,,,criteria-simulator/data.js
WA-4847,World Aquatics Diving World Cup 2025,Senior Women Platform (Prelim),Prelim,WA-3fdd3244-1171-49f9-911c-31962a22d1cc,SPENDOLINI,SIRIEIX Andrea,7,303.1,GBR,GBR,GBR,2025,World-Cup,Senior/Open,Senior,Female,Platform,Senior Women Platform,false,false,,,,criteria-simulator/data.js
WA-4847,World Aquatics Diving World Cup 2025,Senior Women Platform (Prelim),Prelim,WA-9d5db8c8-a45f-4745-b63d-f9c49379a79c,MILLER,Kate,8,281.75,CAN,CAN,CAN,2025,World-Cup,Senior/Open,Senior,Female,Platform,Senior Women Platform,false,false,,,,criteria-simulator/data.js
WA-4847,World Aquatics Diving World Cup 2025,Senior Women Platform (Prelim),Prelim,WA-71064397-f02c-4bc3-8b93-3901138e8989,HINGSTON,Laura,9,280.05,AUS,AUS,AUS,2025,World-Cup,Senior/Open,Senior,Female,Platform,Senior Women Platform,false,false,,,,criteria-simulator/data.js
WA-4847,World Aquatics Diving World Cup 2025,Senior Women Platform (Prelim),Prelim,WA-4fc41b34-d467-48c1-a8c7-83dfb407758b,JODOIN,DI MARIA Sarah,10,279.6,ITA,ITA,ITA,2025,World-Cup,Senior/Open,Senior,Female,Platform,Senior Women Platform,false,false,,,,criteria-simulator/data.js
WA-4847,World Aquatics Diving World Cup 2025,Senior Women Platform (Prelim),Prelim,WA-b9f0e0e9-e11d-4b78-bf5a-b7c186cd1b8f,COLE,Ellie,11,276.7,AUS,AUS,AUS,2025,World-Cup,Senior/Open,Senior,Female,Platform,Senior Women Platform,false,false,,,,criteria-simulator/data.js
WA-4847,World Aquatics Diving World Cup 2025,Senior Women Platform (Prelim),Prelim,WA-45101f00-7ed3-4aa9-acfa-c54b4e1f0ac5,ANTOLINO,Valeria,12,275.15,ESP,ESP,ESP,2025,World-Cup,Senior/Open,Senior,Female,Platform,Senior Women Platform,false,false,,,,criteria-simulator/data.js
WA-4847,World Aquatics Diving World Cup 2025,Senior Women Platform (Prelim),Prelim,WA-05758b36-1189-4f34-b031-8a3fcda681ef,PAMG,Pandelela,13,267.85,MAS,MAS,MAS,2025,World-Cup,Senior/Open,Senior,Female,Platform,Senior Women Platform,false,false,,,,criteria-simulator/data.js
WA-4847,World Aquatics Diving World Cup 2025,Senior Women Platform (Prelim),Prelim,WA-deb5d9e0-4920-49ee-8e0f-c0c93027b9e0,HALLIFAX,Emily,14,267.75,FRA,FRA,FRA,2025,World-Cup,Senior/Open,Senior,Female,Platform,Senior Women Platform,false,false,,,,criteria-simulator/data.js
WA-4847,World Aquatics Diving World Cup 2025,Senior Women Platform (Prelim),Prelim,WA-c1e027d7-c14f-4f02-8331-cee2fd309ab4,MCAFEE,Sophia,15,266.95,USA,USA,USA,2025,World-Cup,Senior/Open,Senior,Female,Platform,Senior Women Platform,false,false,,,,criteria-simulator/data.js
WA-4847,World Aquatics Diving World Cup 2025,Senior Women Platform (Prelim),Prelim,WA-69a98af2-d213-4deb-beb2-d17538968d38,CUEVA,LOBATO Suri Zoe,16,266.6,MEX,MEX,MEX,2025,World-Cup,Senior/Open,Senior,Female,Platform,Senior Women Platform,false,false,,,,criteria-simulator/data.js
WA-4847,World Aquatics Diving World Cup 2025,Senior Women Platform (Prelim),Prelim,WA-19596617-ecb0-45dc-a872-d2725e713dbb,BIGINELLI,Maia,17,264.0,ITA,ITA,ITA,2025,World-Cup,Senior/Open,Senior,Female,Platform,Senior Women Platform,false,false,,,,criteria-simulator/data.js
WA-4847,World Aquatics Diving World Cup 2025,Senior Women Platform (Prelim),Prelim,WA-2a08e85f-37c1-4589-b41b-0457f0e97fe6,GARCIA,NAVARRO Anisley,18,259.35,CUB,CUB,CUB,2025,World-Cup,Senior/Open,Senior,Female,Platform,Senior Women Platform,false,false,,,,criteria-simulator/data.js
WA-4847,World Aquatics Diving World Cup 2025,Senior Women Platform (Prelim),Prelim,WA-c160748c-6692-4368-9e6e-c61456919ae4,GARZA,Victoria,19,249.0,DOM,DOM,DOM,2025,World-Cup,Senior/Open,Senior,Female,Platform,Senior Women Platform,false,false,,,,criteria-simulator/data.js
WA-4847,World Aquatics Diving World Cup 2025,Senior Women Platform (Prelim),Prelim,WA-ee5fb1c5-d0fb-47ac-83d8-10039e30d41a,KONANYKHINA,Anna,20,246.9,NAB,NAB,NAB,2025,World-Cup,Senior/Open,Senior,Female,Platform,Senior Women Platform,false,false,,,,criteria-simulator/data.js
WA-4847,World Aquatics Diving World Cup 2025,Senior Women Platform (Prelim),Prelim,WA-def10055-0632-4178-8f19-b37cf4acd933,FUNG,Katelyn,21,243.6,CAN,CAN,CAN,2025,World-Cup,Senior/Open,Senior,Female,Platform,Senior Women Platform,false,false,,,,criteria-simulator/data.js
WA-4847,World Aquatics Diving World Cup 2025,Senior Women Platform (Prelim),Prelim,WA-a2cedac5-474c-43b2-ad0c-550647d959d3,LYSKUN,Sofiia,22,231.95,UKR,UKR,UKR,2025,World-Cup,Senior/Open,Senior,Female,Platform,Senior Women Platform,false,false,,,,criteria-simulator/data.js
WA-4847,World Aquatics Diving World Cup 2025,Senior Women Platform (Prelim),Prelim,WA-76144f77-dff6-49e7-95b1-5d0b435644c9,CARVAJAL,Ana,23,229.85,ESP,ESP,ESP,2025,World-Cup,Senior/Open,Senior,Female,Platform,Senior Women Platform,false,false,,,,criteria-simulator/data.js
WA-4847,World Aquatics Diving World Cup 2025,Senior Women Platform (Prelim),Prelim,WA-ff9ec12a-24a3-448e-b6e4-bf2f1c43b1bf,GILLET,Jade,24,196.1,FRA,FRA,FRA,2025,World-Cup,Senior/Open,Senior,Female,Platform,Senior Women Platform,false,false,,,,criteria-simulator/data.js
WA-4847,World Aquatics Diving World Cup 2025,Senior Women Synchronized 3m (Final),Final,WA-9e5c1adc-09ae-4c57-94e1-7524462b547a-3abd8d45-1c15-4bf9-94c8-7ebc1f3ec42e-1-CHN-1,CHEN,Yiwen / CHANG Yani,1,323.79,CHN,CHN,CHN,2025,World-Cup,Senior/Open,Senior,Female,Synchro-3m,Synchro Senior Women Synchro-3m,true,false,,,,criteria-simulator/data.js
WA-4847,World Aquatics Diving World Cup 2025,Senior Women Synchronized 3m (Final),Final,WA-9e5c1adc-09ae-4c57-94e1-7524462b547a-3abd8d45-1c15-4bf9-94c8-7ebc1f3ec42e-2-MEX-2,CUEVA,LOBATO Mia Zazil / CUEVA LOBATO Lia Yatzil,2,298.08,MEX,MEX,MEX,2025,World-Cup,Senior/Open,Senior,Female,Synchro-3m,Synchro Senior Women Synchro-3m,true,false,,,,criteria-simulator/data.js
WA-4847,World Aquatics Diving World Cup 2025,Senior Women Synchronized 3m (Final),Final,WA-9e5c1adc-09ae-4c57-94e1-7524462b547a-3abd8d45-1c15-4bf9-94c8-7ebc1f3ec42e-3-AUS-3,KEENEY,Maddison / KOLOI Alysha,3,287.85,AUS,AUS,AUS,2025,World-Cup,Senior/Open,Senior,Female,Synchro-3m,Synchro Senior Women Synchro-3m,true,false,,,,criteria-simulator/data.js
WA-4847,World Aquatics Diving World Cup 2025,Senior Women Synchronized 3m (Final),Final,WA-9e5c1adc-09ae-4c57-94e1-7524462b547a-3abd8d45-1c15-4bf9-94c8-7ebc1f3ec42e-4-GBR-4,MEW,JENSEN Scarlett / HARPER Yasmin,4,275.61,GBR,GBR,GBR,2025,World-Cup,Senior/Open,Senior,Female,Synchro-3m,Synchro Senior Women Synchro-3m,true,false,,,,criteria-simulator/data.js
WA-4847,World Aquatics Diving World Cup 2025,Senior Women Synchronized 3m (Final),Final,WA-9e5c1adc-09ae-4c57-94e1-7524462b547a-3abd8d45-1c15-4bf9-94c8-7ebc1f3ec42e-5-NAB-5,TRIFONOVA,Nadezhda / KLIUEVA Uliana,5,267.3,NAB,NAB,NAB,2025,World-Cup,Senior/Open,Senior,Female,Synchro-3m,Synchro Senior Women Synchro-3m,true,false,,,,criteria-simulator/data.js
WA-4847,World Aquatics Diving World Cup 2025,Senior Women Synchronized 3m (Final),Final,WA-9e5c1adc-09ae-4c57-94e1-7524462b547a-3abd8d45-1c15-4bf9-94c8-7ebc1f3ec42e-6-ITA-6,PELLACANI,Chiara / PIZZINI Elisa,6,262.8,ITA,ITA,ITA,2025,World-Cup,Senior/Open,Senior,Female,Synchro-3m,Synchro Senior Women Synchro-3m,true,false,,,,criteria-simulator/data.js
WA-4847,World Aquatics Diving World Cup 2025,Senior Women Synchronized 3m (Final),Final,WA-9e5c1adc-09ae-4c57-94e1-7524462b547a-3abd8d45-1c15-4bf9-94c8-7ebc1f3ec42e-7-USA-7,KNIGHT,Kyndal / KWONG Anna,7,237.6,USA,USA,USA,2025,World-Cup,Senior/Open,Senior,Female,Synchro-3m,Synchro Senior Women Synchro-3m,true,false,,,,criteria-simulator/data.js
WA-4847,World Aquatics Diving World Cup 2025,Senior Women Synchronized Platform (Final),Final,WA-996d1533-ec8d-4b06-a5fb-eec0e21cdb8c-3abd8d45-1c15-4bf9-94c8-7ebc1f3ec42e-1-CHN-1,ZHANG,Minjie / LU Wei,1,347.58,CHN,CHN,CHN,2025,World-Cup,Senior/Open,Senior,Female,Synchro-Platform,Synchro Senior Women Synchro-Platform,true,false,,,,criteria-simulator/data.js
WA-4847,World Aquatics Diving World Cup 2025,Senior Women Synchronized Platform (Final),Final,WA-996d1533-ec8d-4b06-a5fb-eec0e21cdb8c-3abd8d45-1c15-4bf9-94c8-7ebc1f3ec42e-2-MEX-2,ESTUDILLO,TORRES Alejandra / AGUNDEZ GARCIA Gabriela,2,316.62,MEX,MEX,MEX,2025,World-Cup,Senior/Open,Senior,Female,Synchro-Platform,Synchro Senior Women Synchro-Platform,true,false,,,,criteria-simulator/data.js
WA-4847,World Aquatics Diving World Cup 2025,Senior Women Synchronized Platform (Final),Final,WA-996d1533-ec8d-4b06-a5fb-eec0e21cdb8c-3abd8d45-1c15-4bf9-94c8-7ebc1f3ec42e-3-NAB-3,KEDRINA,Aleksandra / KONANYKHINA Anna,3,302.1,NAB,NAB,NAB,2025,World-Cup,Senior/Open,Senior,Female,Synchro-Platform,Synchro Senior Women Synchro-Platform,true,false,,,,criteria-simulator/data.js
WA-4847,World Aquatics Diving World Cup 2025,Senior Women Synchronized Platform (Final),Final,WA-996d1533-ec8d-4b06-a5fb-eec0e21cdb8c-3abd8d45-1c15-4bf9-94c8-7ebc1f3ec42e-4-ESP-4,ANTOLINO,Valeria / CARVAJAL Ana,4,285.66,ESP,ESP,ESP,2025,World-Cup,Senior/Open,Senior,Female,Synchro-Platform,Synchro Senior Women Synchro-Platform,true,false,,,,criteria-simulator/data.js
WA-4847,World Aquatics Diving World Cup 2025,Senior Women Synchronized Platform (Final),Final,WA-996d1533-ec8d-4b06-a5fb-eec0e21cdb8c-3abd8d45-1c15-4bf9-94c8-7ebc1f3ec42e-5-UKR-5,BAILO,Kseniia / LYSKUN Sofiia,5,277.86,UKR,UKR,UKR,2025,World-Cup,Senior/Open,Senior,Female,Synchro-Platform,Synchro Senior Women Synchro-Platform,true,false,,,,criteria-simulator/data.js
WA-4847,World Aquatics Diving World Cup 2025,Senior Women Synchronized Platform (Final),Final,WA-996d1533-ec8d-4b06-a5fb-eec0e21cdb8c-3abd8d45-1c15-4bf9-94c8-7ebc1f3ec42e-6-CAN-6,MILLER,Kate / FUNG Katelyn,6,272.13,CAN,CAN,CAN,2025,World-Cup,Senior/Open,Senior,Female,Synchro-Platform,Synchro Senior Women Synchro-Platform,true,false,,,,criteria-simulator/data.js
WA-4847,World Aquatics Diving World Cup 2025,Senior Women Synchronized Platform (Final),Final,WA-996d1533-ec8d-4b06-a5fb-eec0e21cdb8c-3abd8d45-1c15-4bf9-94c8-7ebc1f3ec42e-7-GBR-7,TOULSON,Lois / BOND Maisie,7,269.4,GBR,GBR,GBR,2025,World-Cup,Senior/Open,Senior,Female,Synchro-Platform,Synchro Senior Women Synchro-Platform,true,false,,,,criteria-simulator/data.js
WA-4847,World Aquatics Diving World Cup 2025,Senior Women Synchronized Platform (Final),Final,WA-996d1533-ec8d-4b06-a5fb-eec0e21cdb8c-3abd8d45-1c15-4bf9-94c8-7ebc1f3ec42e-8-AUS-8,DROGEMULLER,Ruby / COLE Ellie,8,267.96,AUS,AUS,AUS,2025,World-Cup,Senior/Open,Senior,Female,Synchro-Platform,Synchro Senior Women Synchro-Platform,true,false,,,,criteria-simulator/data.js
WA-4847,World Aquatics Diving World Cup 2025,Senior Men 3m (Final),Final,WA-71b4cb2f-b22a-4b66-af54-05eeadbbba89,WANG,Zongyuan,1,540.15,CHN,CHN,CHN,2025,World-Cup,Senior/Open,Senior,Male,3M,Senior Men 3M,false,false,,,,criteria-simulator/data.js
WA-4847,World Aquatics Diving World Cup 2025,Senior Men 3m (Final),Final,WA-7f6e93d4-fc79-471b-ac09-85d9557831ca,CELAYA,HERNANDEZ Juan Manuel,2,457.45,MEX,MEX,MEX,2025,World-Cup,Senior/Open,Senior,Male,3M,Senior Men 3M,false,false,,,,criteria-simulator/data.js
WA-4847,World Aquatics Diving World Cup 2025,Senior Men 3m (Final),Final,WA-e4d7cca6-67fb-4b6b-843e-744a62d0566f,URIBE,BERMUDEZ Luis Felipe,3,452.05,COL,COL,COL,2025,World-Cup,Senior/Open,Senior,Male,3M,Senior Men 3M,false,false,,,,criteria-simulator/data.js
WA-4847,World Aquatics Diving World Cup 2025,Senior Men 3m (Final),Final,WA-1342b7e3-5cc5-4f94-80b7-a95d42b1450a,WESEMANN,Moritz,4,445.1,GER,GER,GER,2025,World-Cup,Senior/Open,Senior,Male,3M,Senior Men 3M,false,false,,,,criteria-simulator/data.js
WA-4847,World Aquatics Diving World Cup 2025,Senior Men 3m (Final),Final,WA-f55bcccf-c30d-4b58-ad52-276f456ad1b4,LAUGHER,Jack,5,435.2,GBR,GBR,GBR,2025,World-Cup,Senior/Open,Senior,Male,3M,Senior Men 3M,false,false,,,,criteria-simulator/data.js
WA-4847,World Aquatics Diving World Cup 2025,Senior Men 3m (Final),Final,WA-f59e659b-c088-4f4d-9765-2a31b3b03829,ZHENG,Jiuyuan,6,424.75,CHN,CHN,CHN,2025,World-Cup,Senior/Open,Senior,Male,3M,Senior Men 3M,false,false,,,,criteria-simulator/data.js
WA-4847,World Aquatics Diving World Cup 2025,Senior Men 3m (Final),Final,WA-f7304412-f5ef-4865-b883-406140cd7de0,VAZQUEZ,CIO David Gabriel,7,414.5,MEX,MEX,MEX,2025,World-Cup,Senior/Open,Senior,Male,3M,Senior Men 3M,false,false,,,,criteria-simulator/data.js
WA-4847,World Aquatics Diving World Cup 2025,Senior Men 3m (Final),Final,WA-be7b1b42-1768-4fb7-932c-ce98cf550bfc,HOULDEN,Jordan,8,403.8,GBR,GBR,GBR,2025,World-Cup,Senior/Open,Senior,Male,3M,Senior Men 3M,false,false,,,,criteria-simulator/data.js
WA-4847,World Aquatics Diving World Cup 2025,Senior Men 3m (Final),Final,WA-6a13146d-123d-48cc-bed3-4460948bd8ba,IVANOV,Grigory,9,395.3,NAB,NAB,NAB,2025,World-Cup,Senior/Open,Senior,Male,3M,Senior Men 3M,false,false,,,,criteria-simulator/data.js
WA-4847,World Aquatics Diving World Cup 2025,Senior Men 3m (Final),Final,WA-4773c87f-3ee3-4843-9430-56c94533ed67,SITZ,Luke,10,384.75,USA,USA,USA,2025,World-Cup,Senior/Open,Senior,Male,3M,Senior Men 3M,false,false,,,,criteria-simulator/data.js
WA-4847,World Aquatics Diving World Cup 2025,Senior Men 3m (Final),Final,WA-710dc9f8-ca65-4838-b84e-8aaddccdfd1a,NEVESCANIN,Matej,11,353.4,CRO,CRO,CRO,2025,World-Cup,Senior/Open,Senior,Male,3M,Senior Men 3M,false,false,,,,criteria-simulator/data.js
WA-4847,World Aquatics Diving World Cup 2025,Senior Men 3m (Final),Final,WA-1c6caa13-28e3-44af-abe3-604d67ab6169,AHMED,FAROUK Mohamed,12,338.65,EGY,EGY,EGY,2025,World-Cup,Senior/Open,Senior,Male,3M,Senior Men 3M,false,false,,,,criteria-simulator/data.js
WA-4847,World Aquatics Diving World Cup 2025,Senior Men 3m (Prelim),Prelim,WA-71b4cb2f-b22a-4b66-af54-05eeadbbba89,WANG,Zongyuan,1,505.8,CHN,CHN,CHN,2025,World-Cup,Senior/Open,Senior,Male,3M,Senior Men 3M,false,false,,,,criteria-simulator/data.js
WA-4847,World Aquatics Diving World Cup 2025,Senior Men 3m (Prelim),Prelim,WA-f59e659b-c088-4f4d-9765-2a31b3b03829,ZHENG,Jiuyuan,2,451.8,CHN,CHN,CHN,2025,World-Cup,Senior/Open,Senior,Male,3M,Senior Men 3M,false,false,,,,criteria-simulator/data.js
WA-4847,World Aquatics Diving World Cup 2025,Senior Men 3m (Prelim),Prelim,WA-1342b7e3-5cc5-4f94-80b7-a95d42b1450a,WESEMANN,Moritz,3,439.5,GER,GER,GER,2025,World-Cup,Senior/Open,Senior,Male,3M,Senior Men 3M,false,false,,,,criteria-simulator/data.js
WA-4847,World Aquatics Diving World Cup 2025,Senior Men 3m (Prelim),Prelim,WA-e4d7cca6-67fb-4b6b-843e-744a62d0566f,URIBE,BERMUDEZ Luis Felipe,4,435.5,COL,COL,COL,2025,World-Cup,Senior/Open,Senior,Male,3M,Senior Men 3M,false,false,,,,criteria-simulator/data.js
WA-4847,World Aquatics Diving World Cup 2025,Senior Men 3m (Prelim),Prelim,WA-f55bcccf-c30d-4b58-ad52-276f456ad1b4,LAUGHER,Jack,5,427.95,GBR,GBR,GBR,2025,World-Cup,Senior/Open,Senior,Male,3M,Senior Men 3M,false,false,,,,criteria-simulator/data.js
WA-4847,World Aquatics Diving World Cup 2025,Senior Men 3m (Prelim),Prelim,WA-7f6e93d4-fc79-471b-ac09-85d9557831ca,CELAYA,HERNANDEZ Juan Manuel,6,407.5,MEX,MEX,MEX,2025,World-Cup,Senior/Open,Senior,Male,3M,Senior Men 3M,false,false,,,,criteria-simulator/data.js
WA-4847,World Aquatics Diving World Cup 2025,Senior Men 3m (Prelim),Prelim,WA-be7b1b42-1768-4fb7-932c-ce98cf550bfc,HOULDEN,Jordan,7,394.45,GBR,GBR,GBR,2025,World-Cup,Senior/Open,Senior,Male,3M,Senior Men 3M,false,false,,,,criteria-simulator/data.js
WA-4847,World Aquatics Diving World Cup 2025,Senior Men 3m (Prelim),Prelim,WA-f7304412-f5ef-4865-b883-406140cd7de0,VAZQUEZ,CIO David Gabriel,8,394.1,MEX,MEX,MEX,2025,World-Cup,Senior/Open,Senior,Male,3M,Senior Men 3M,false,false,,,,criteria-simulator/data.js
WA-4847,World Aquatics Diving World Cup 2025,Senior Men 3m (Prelim),Prelim,WA-6a13146d-123d-48cc-bed3-4460948bd8ba,IVANOV,Grigory,9,387.95,NAB,NAB,NAB,2025,World-Cup,Senior/Open,Senior,Male,3M,Senior Men 3M,false,false,,,,criteria-simulator/data.js
WA-4847,World Aquatics Diving World Cup 2025,Senior Men 3m (Prelim),Prelim,WA-5897f289-5e02-45ac-9fa1-6e9d5eb6b5e1,OLVERA,IBARRA Osmar,10,383.5,MEX,MEX,MEX,2025,World-Cup,Senior/Open,Senior,Male,3M,Senior Men 3M,false,false,,,,criteria-simulator/data.js
WA-4847,World Aquatics Diving World Cup 2025,Senior Men 3m (Prelim),Prelim,WA-855c1c59-6c86-495d-8a2c-5c8eb3df7c8f,HU,Yukang,11,379.55,CHN,CHN,CHN,2025,World-Cup,Senior/Open,Senior,Male,3M,Senior Men 3M,false,false,,,,criteria-simulator/data.js
WA-4847,World Aquatics Diving World Cup 2025,Senior Men 3m (Prelim),Prelim,WA-4773c87f-3ee3-4843-9430-56c94533ed67,SITZ,Luke,12,378.45,USA,USA,USA,2025,World-Cup,Senior/Open,Senior,Male,3M,Senior Men 3M,false,false,,,,criteria-simulator/data.js
WA-4847,World Aquatics Diving World Cup 2025,Senior Men 3m (Prelim),Prelim,WA-1c6caa13-28e3-44af-abe3-604d67ab6169,AHMED,FAROUK Mohamed,13,370.4,EGY,EGY,EGY,2025,World-Cup,Senior/Open,Senior,Male,3M,Senior Men 3M,false,false,,,,criteria-simulator/data.js
WA-4847,World Aquatics Diving World Cup 2025,Senior Men 3m (Prelim),Prelim,WA-710dc9f8-ca65-4838-b84e-8aaddccdfd1a,NEVESCANIN,Matej,14,369.6,CRO,CRO,CRO,2025,World-Cup,Senior/Open,Senior,Male,3M,Senior Men 3M,false,false,,,,criteria-simulator/data.js
WA-4847,World Aquatics Diving World Cup 2025,Senior Men 3m (Prelim),Prelim,WA-33cc39a9-4bcd-4d35-afcc-a957e6cc06fc,BOUYER,Jules,15,366.15,FRA,FRA,FRA,2025,World-Cup,Senior/Open,Senior,Male,3M,Senior Men 3M,false,false,,,,criteria-simulator/data.js
WA-4847,World Aquatics Diving World Cup 2025,Senior Men 3m (Prelim),Prelim,WA-6b6710f5-9141-4226-b937-ae9b6751a8bb,MASSENBERG,Lou Noel Guy,16,363.6,GER,GER,GER,2025,World-Cup,Senior/Open,Senior,Male,3M,Senior Men 3M,false,false,,,,criteria-simulator/data.js
WA-4847,World Aquatics Diving World Cup 2025,Senior Men 3m (Prelim),Prelim,WA-34242449-d4e6-4372-b12b-1b74d404f268,SANTORO,Matteo,17,360.25,ITA,ITA,ITA,2025,World-Cup,Senior/Open,Senior,Male,3M,Senior Men 3M,false,false,,,,criteria-simulator/data.js
WA-4847,World Aquatics Diving World Cup 2025,Senior Men 3m (Prelim),Prelim,WA-a5d3ed15-9e7e-44a5-b383-ff049337f2c2,CORTES,ZAPATA Juan Pablo,18,353.6,ESP,ESP,ESP,2025,World-Cup,Senior/Open,Senior,Male,3M,Senior Men 3M,false,false,,,,criteria-simulator/data.js
WA-4847,World Aquatics Diving World Cup 2025,Senior Men 3m (Prelim),Prelim,WA-1c54fc69-bc16-422f-8d7a-7ad814a57ffb,PETERSEN,Elias,19,352.2,SWE,SWE,SWE,2025,World-Cup,Senior/Open,Senior,Male,3M,Senior Men 3M,false,false,,,,criteria-simulator/data.js
WA-4847,World Aquatics Diving World Cup 2025,Senior Men 3m (Prelim),Prelim,WA-d57dc6f3-6b75-4e88-819d-6c7352b3784d,KUZNETSOV,Evgenii,20,349.9,NAB,NAB,NAB,2025,World-Cup,Senior/Open,Senior,Male,3M,Senior Men 3M,false,false,,,,criteria-simulator/data.js
WA-4847,World Aquatics Diving World Cup 2025,Senior Men 3m (Prelim),Prelim,WA-eee8dd81-56fd-4116-9872-2c9337622f27,BISCH,Gwendal,21,341.7,FRA,FRA,FRA,2025,World-Cup,Senior/Open,Senior,Male,3M,Senior Men 3M,false,false,,,,criteria-simulator/data.js
WA-4847,World Aquatics Diving World Cup 2025,Senior Men 3m (Prelim),Prelim,WA-faf09aef-775d-4e28-9f6b-abc27ffc1cc8,STONE,Liam,22,338.35,NZL,NZL,NZL,2025,World-Cup,Senior/Open,Senior,Male,3M,Senior Men 3M,false,false,,,,criteria-simulator/data.js
WA-4847,World Aquatics Diving World Cup 2025,Senior Men 3m (Prelim),Prelim,WA-f713d7af-ce55-4cc1-bc01-db49a070cd7a,BELOTTI,Stefano,23,334.8,ITA,ITA,ITA,2025,World-Cup,Senior/Open,Senior,Male,3M,Senior Men 3M,false,false,,,,criteria-simulator/data.js
WA-4847,World Aquatics Diving World Cup 2025,Senior Men 3m (Prelim),Prelim,WA-99c888c4-3153-475b-8531-238813674f57,TAVENER,Frazer,24,328.6,NZL,NZL,NZL,2025,World-Cup,Senior/Open,Senior,Male,3M,Senior Men 3M,false,false,,,,criteria-simulator/data.js
WA-4847,World Aquatics Diving World Cup 2025,Senior Men 3m (Prelim),Prelim,WA-62201372-1ce5-471f-a757-f556483d168c,SAKAI,Sho,25,326.55,JPN,JPN,JPN,2025,World-Cup,Senior/Open,Senior,Male,3M,Senior Men 3M,false,false,,,,criteria-simulator/data.js
WA-4847,World Aquatics Diving World Cup 2025,Senior Men 3m (Prelim),Prelim,WA-c6fb7d80-994e-495f-ac4d-25a69f3c5490,SKINNER,Hudson,26,306.15,AUS,AUS,AUS,2025,World-Cup,Senior/Open,Senior,Male,3M,Senior Men 3M,false,false,,,,criteria-simulator/data.js
WA-4847,World Aquatics Diving World Cup 2025,Senior Men 3m (Prelim),Prelim,WA-c68a085b-7bc8-45a8-bebe-bb078cb7de51,PAUL,Carson,27,280.4,CAN,CAN,CAN,2025,World-Cup,Senior/Open,Senior,Male,3M,Senior Men 3M,false,false,,,,criteria-simulator/data.js
WA-4847,World Aquatics Diving World Cup 2025,Senior Men Platform (Final),Final,WA-2b7dac5a-8afb-409a-a0b2-01e2f99f1d6d,WILLARS,VALDEZ Randal,1,547.7,MEX,MEX,MEX,2025,World-Cup,Senior/Open,Senior,Male,Platform,Senior Men Platform,false,false,,,,criteria-simulator/data.js
WA-4847,World Aquatics Diving World Cup 2025,Senior Men Platform (Final),Final,WA-e0568c62-eb22-4c46-8a1a-98dc83ce3c8c,ZHU,Zifeng,2,468.65,CHN,CHN,CHN,2025,World-Cup,Senior/Open,Senior,Male,Platform,Senior Men Platform,false,false,,,,criteria-simulator/data.js
WA-4847,World Aquatics Diving World Cup 2025,Senior Men Platform (Final),Final,WA-b3a55c17-a62c-433a-8b56-2e322524cf2c,CHENG,Zilong,3,463.8,CHN,CHN,CHN,2025,World-Cup,Senior/Open,Senior,Male,Platform,Senior Men Platform,false,false,,,,criteria-simulator/data.js
WA-4847,World Aquatics Diving World Cup 2025,Senior Men Platform (Final),Final,WA-ab9ea005-2bd6-4c22-82cf-bbf9275a35f3,SEREDA,Oleksii,4,451.9,UKR,UKR,UKR,2025,World-Cup,Senior/Open,Senior,Male,Platform,Senior Men Platform,false,false,,,,criteria-simulator/data.js
WA-4847,World Aquatics Diving World Cup 2025,Senior Men Platform (Final),Final,WA-c8112a56-8ffc-405f-9b8e-b592ed090046,TERNOVOI,Ruslan,5,443.45,NAB,NAB,NAB,2025,World-Cup,Senior/Open,Senior,Male,Platform,Senior Men Platform,false,false,,,,criteria-simulator/data.js
WA-4847,World Aquatics Diving World Cup 2025,Senior Men Platform (Final),Final,WA-8512fdba-1d45-4fa1-842d-dbc8f1cea01b,ZAMUDIO,VEGA Kenny,6,442.05,MEX,MEX,MEX,2025,World-Cup,Senior/Open,Senior,Male,Platform,Senior Men Platform,false,false,,,,criteria-simulator/data.js
WA-4847,World Aquatics Diving World Cup 2025,Senior Men Platform (Final),Final,WA-a3a5a658-0f22-40d4-a027-22beb83664ea,SHLEIKHER,Nikita,7,437.4,NAB,NAB,NAB,2025,World-Cup,Senior/Open,Senior,Male,Platform,Senior Men Platform,false,false,,,,criteria-simulator/data.js
WA-4847,World Aquatics Diving World Cup 2025,Senior Men Platform (Final),Final,WA-d35c8c0a-ed27-4808-9037-dd1f689164f4,BOWSHIRE,Jaxon,8,423.3,AUS,AUS,AUS,2025,World-Cup,Senior/Open,Senior,Male,Platform,Senior Men Platform,false,false,,,,criteria-simulator/data.js
WA-4847,World Aquatics Diving World Cup 2025,Senior Men Platform (Final),Final,WA-209ad056-b688-4a4e-b78a-439614c8ccd1,HRYTSENKO,Mark,9,409.45,UKR,UKR,UKR,2025,World-Cup,Senior/Open,Senior,Male,Platform,Senior Men Platform,false,false,,,,criteria-simulator/data.js
WA-4847,World Aquatics Diving World Cup 2025,Senior Men Platform (Final),Final,WA-f15599d8-6c10-4f2d-90ca-5a832439004e,TESSIER,Benjamin,10,392.35,CAN,CAN,CAN,2025,World-Cup,Senior/Open,Senior,Male,Platform,Senior Men Platform,false,false,,,,criteria-simulator/data.js
WA-4847,World Aquatics Diving World Cup 2025,Senior Men Platform (Final),Final,WA-0c1c8461-4f28-472f-aa1e-fe290feef36b,RODRIGUEZ,LEDESMA Jorge,11,374.45,ESP,ESP,ESP,2025,World-Cup,Senior/Open,Senior,Male,Platform,Senior Men Platform,false,false,,,,criteria-simulator/data.js
WA-4847,World Aquatics Diving World Cup 2025,Senior Men Platform (Final),Final,WA-82fe3d83-82d9-4d7c-a052-68e5490af75d,GIOVANNINI,Riccardo,12,345.4,ITA,ITA,ITA,2025,World-Cup,Senior/Open,Senior,Male,Platform,Senior Men Platform,false,false,,,,criteria-simulator/data.js
WA-4847,World Aquatics Diving World Cup 2025,Senior Men Platform (Prelim),Prelim,WA-2b7dac5a-8afb-409a-a0b2-01e2f99f1d6d,WILLARS,VALDEZ Randal,1,518.45,MEX,MEX,MEX,2025,World-Cup,Senior/Open,Senior,Male,Platform,Senior Men Platform,false,false,,,,criteria-simulator/data.js
WA-4847,World Aquatics Diving World Cup 2025,Senior Men Platform (Prelim),Prelim,WA-b3a55c17-a62c-433a-8b56-2e322524cf2c,CHENG,Zilong,2,474.15,CHN,CHN,CHN,2025,World-Cup,Senior/Open,Senior,Male,Platform,Senior Men Platform,false,false,,,,criteria-simulator/data.js
WA-4847,World Aquatics Diving World Cup 2025,Senior Men Platform (Prelim),Prelim,WA-e0568c62-eb22-4c46-8a1a-98dc83ce3c8c,ZHU,Zifeng,3,462.25,CHN,CHN,CHN,2025,World-Cup,Senior/Open,Senior,Male,Platform,Senior Men Platform,false,false,,,,criteria-simulator/data.js
WA-4847,World Aquatics Diving World Cup 2025,Senior Men Platform (Prelim),Prelim,WA-ab9ea005-2bd6-4c22-82cf-bbf9275a35f3,SEREDA,Oleksii,4,439.85,UKR,UKR,UKR,2025,World-Cup,Senior/Open,Senior,Male,Platform,Senior Men Platform,false,false,,,,criteria-simulator/data.js
WA-4847,World Aquatics Diving World Cup 2025,Senior Men Platform (Prelim),Prelim,WA-d35c8c0a-ed27-4808-9037-dd1f689164f4,BOWSHIRE,Jaxon,5,413.55,AUS,AUS,AUS,2025,World-Cup,Senior/Open,Senior,Male,Platform,Senior Men Platform,false,false,,,,criteria-simulator/data.js
WA-4847,World Aquatics Diving World Cup 2025,Senior Men Platform (Prelim),Prelim,WA-f15599d8-6c10-4f2d-90ca-5a832439004e,TESSIER,Benjamin,6,407.0,CAN,CAN,CAN,2025,World-Cup,Senior/Open,Senior,Male,Platform,Senior Men Platform,false,false,,,,criteria-simulator/data.js
WA-4847,World Aquatics Diving World Cup 2025,Senior Men Platform (Prelim),Prelim,WA-c8112a56-8ffc-405f-9b8e-b592ed090046,TERNOVOI,Ruslan,7,402.8,NAB,NAB,NAB,2025,World-Cup,Senior/Open,Senior,Male,Platform,Senior Men Platform,false,false,,,,criteria-simulator/data.js
WA-4847,World Aquatics Diving World Cup 2025,Senior Men Platform (Prelim),Prelim,WA-209ad056-b688-4a4e-b78a-439614c8ccd1,HRYTSENKO,Mark,8,402.05,UKR,UKR,UKR,2025,World-Cup,Senior/Open,Senior,Male,Platform,Senior Men Platform,false,false,,,,criteria-simulator/data.js
WA-4847,World Aquatics Diving World Cup 2025,Senior Men Platform (Prelim),Prelim,WA-8512fdba-1d45-4fa1-842d-dbc8f1cea01b,ZAMUDIO,VEGA Kenny,9,394.8,MEX,MEX,MEX,2025,World-Cup,Senior/Open,Senior,Male,Platform,Senior Men Platform,false,false,,,,criteria-simulator/data.js
WA-4847,World Aquatics Diving World Cup 2025,Senior Men Platform (Prelim),Prelim,WA-a3a5a658-0f22-40d4-a027-22beb83664ea,SHLEIKHER,Nikita,10,387.5,NAB,NAB,NAB,2025,World-Cup,Senior/Open,Senior,Male,Platform,Senior Men Platform,false,false,,,,criteria-simulator/data.js
WA-4847,World Aquatics Diving World Cup 2025,Senior Men Platform (Prelim),Prelim,WA-0c1c8461-4f28-472f-aa1e-fe290feef36b,RODRIGUEZ,LEDESMA Jorge,11,385.3,ESP,ESP,ESP,2025,World-Cup,Senior/Open,Senior,Male,Platform,Senior Men Platform,false,false,,,,criteria-simulator/data.js
WA-4847,World Aquatics Diving World Cup 2025,Senior Men Platform (Prelim),Prelim,WA-82fe3d83-82d9-4d7c-a052-68e5490af75d,GIOVANNINI,Riccardo,12,379.35,ITA,ITA,ITA,2025,World-Cup,Senior/Open,Senior,Male,Platform,Senior Men Platform,false,false,,,,criteria-simulator/data.js
WA-4847,World Aquatics Diving World Cup 2025,Senior Men Platform (Prelim),Prelim,WA-9bc22687-2e17-4e30-b453-13ec62d41748,HAROLD,Enrique,13,372.05,MAS,MAS,MAS,2025,World-Cup,Senior/Open,Senior,Male,Platform,Senior Men Platform,false,false,,,,criteria-simulator/data.js
WA-4847,World Aquatics Diving World Cup 2025,Senior Men Platform (Prelim),Prelim,WA-608b9f19-6769-487c-8e10-efc2d4dad412,ROUSSEAU,Cassiel,14,369.75,AUS,AUS,AUS,2025,World-Cup,Senior/Open,Senior,Male,Platform,Senior Men Platform,false,false,,,,criteria-simulator/data.js
WA-4847,World Aquatics Diving World Cup 2025,Senior Men Platform (Prelim),Prelim,WA-bac99154-c30f-4b40-80d0-2a66b6fbdfc9,WILLS,Tyler,15,364.55,USA,USA,USA,2025,World-Cup,Senior/Open,Senior,Male,Platform,Senior Men Platform,false,false,,,,criteria-simulator/data.js
WA-4847,World Aquatics Diving World Cup 2025,Senior Men Platform (Prelim),Prelim,WA-49641f9d-3163-46e7-a7ea-449aaf2b9299,TREVINO,LAUREANO Emilio,16,361.85,MEX,MEX,MEX,2025,World-Cup,Senior/Open,Senior,Male,Platform,Senior Men Platform,false,false,,,,criteria-simulator/data.js
WA-4847,World Aquatics Diving World Cup 2025,Senior Men Platform (Prelim),Prelim,WA-d7d389de-1265-4ece-9fd8-52f62d8cb5d8,HEDBERG,Joshua,17,361.45,USA,USA,USA,2025,World-Cup,Senior/Open,Senior,Male,Platform,Senior Men Platform,false,false,,,,criteria-simulator/data.js
WA-4847,World Aquatics Diving World Cup 2025,Senior Men Platform (Prelim),Prelim,WA-01fd576f-d13f-4279-9dca-7bd481d8344f,CULLEN,Matt,18,360.35,CAN,CAN,CAN,2025,World-Cup,Senior/Open,Senior,Male,Platform,Senior Men Platform,false,false,,,,criteria-simulator/data.js
WA-4847,World Aquatics Diving World Cup 2025,Senior Men Platform (Prelim),Prelim,WA-00006ce3-63d8-439c-a41b-2ab95bbffdc0,EIKERMANN,GREGORCHUK Jaden Shiloh,19,350.75,GER,GER,GER,2025,World-Cup,Senior/Open,Senior,Male,Platform,Senior Men Platform,false,false,,,,criteria-simulator/data.js
WA-4847,World Aquatics Diving World Cup 2025,Senior Men Platform (Prelim),Prelim,WA-2e084c46-cc00-477e-88c6-07bdb687f6b9,AVILA,SANCHEZ Luis Carlo,20,339.9,GER,GER,GER,2025,World-Cup,Senior/Open,Senior,Male,Platform,Senior Men Platform,false,false,,,,criteria-simulator/data.js
WA-4847,World Aquatics Diving World Cup 2025,Senior Men Platform (Prelim),Prelim,WA-410c0356-2f6b-42f1-a3e6-3d76aa5b080b,LOTFI,Dariush,21,318.1,AUT,AUT,AUT,2025,World-Cup,Senior/Open,Senior,Male,Platform,Senior Men Platform,false,false,,,,criteria-simulator/data.js
WA-4847,World Aquatics Diving World Cup 2025,Senior Men Platform (Prelim),Prelim,WA-c4d3c2ec-3399-47d1-8135-c709edc3cb34,CAMACHO,DEL HOYO Carlos,22,310.7,ESP,ESP,ESP,2025,World-Cup,Senior/Open,Senior,Male,Platform,Senior Men Platform,false,false,,,,criteria-simulator/data.js
WA-4847,World Aquatics Diving World Cup 2025,Senior Men Synchronized 3m (Final),Final,WA-56bf4f2a-b68f-414f-b854-2e1045fdccc5-3abd8d45-1c15-4bf9-94c8-7ebc1f3ec42e-1-MEX-1,OLVERA,IBARRA Osmar / CELAYA HERNANDEZ Juan Manuel,1,430.23,MEX,MEX,MEX,2025,World-Cup,Senior/Open,Senior,Male,Synchro-3m,Synchro Senior Men Synchro-3m,true,false,,,,criteria-simulator/data.js
WA-4847,World Aquatics Diving World Cup 2025,Senior Men Synchronized 3m (Final),Final,WA-56bf4f2a-b68f-414f-b854-2e1045fdccc5-3abd8d45-1c15-4bf9-94c8-7ebc1f3ec42e-2-CHN-2,HU,Yukang / ZHENG Jiuyuan,2,413.16,CHN,CHN,CHN,2025,World-Cup,Senior/Open,Senior,Male,Synchro-3m,Synchro Senior Men Synchro-3m,true,false,,,,criteria-simulator/data.js
WA-4847,World Aquatics Diving World Cup 2025,Senior Men Synchronized 3m (Final),Final,WA-56bf4f2a-b68f-414f-b854-2e1045fdccc5-3abd8d45-1c15-4bf9-94c8-7ebc1f3ec42e-3-GBR-3,HARDING,Anthony / LAUGHER Jack,3,396.06,GBR,GBR,GBR,2025,World-Cup,Senior/Open,Senior,Male,Synchro-3m,Synchro Senior Men Synchro-3m,true,false,,,,criteria-simulator/data.js
WA-4847,World Aquatics Diving World Cup 2025,Senior Men Synchronized 3m (Final),Final,WA-56bf4f2a-b68f-414f-b854-2e1045fdccc5-3abd8d45-1c15-4bf9-94c8-7ebc1f3ec42e-4-GER-4,MASSENBERG,Lou Noel Guy / WESEMANN Moritz,4,395.67,GER,GER,GER,2025,World-Cup,Senior/Open,Senior,Male,Synchro-3m,Synchro Senior Men Synchro-3m,true,false,,,,criteria-simulator/data.js
WA-4847,World Aquatics Diving World Cup 2025,Senior Men Synchronized 3m (Final),Final,WA-56bf4f2a-b68f-414f-b854-2e1045fdccc5-3abd8d45-1c15-4bf9-94c8-7ebc1f3ec42e-5-UKR-5,BOLIUKH,Kirill / OLIFERCHYK Stanislav,5,382.2,UKR,UKR,UKR,2025,World-Cup,Senior/Open,Senior,Male,Synchro-3m,Synchro Senior Men Synchro-3m,true,false,,,,criteria-simulator/data.js
WA-4847,World Aquatics Diving World Cup 2025,Senior Men Synchronized 3m (Final),Final,WA-56bf4f2a-b68f-414f-b854-2e1045fdccc5-3abd8d45-1c15-4bf9-94c8-7ebc1f3ec42e-6-FRA-6,BISCH,Gwendal / BOUYER Jules,6,372.33,FRA,FRA,FRA,2025,World-Cup,Senior/Open,Senior,Male,Synchro-3m,Synchro Senior Men Synchro-3m,true,false,,,,criteria-simulator/data.js
WA-4847,World Aquatics Diving World Cup 2025,Senior Men Synchronized 3m (Final),Final,WA-56bf4f2a-b68f-414f-b854-2e1045fdccc5-3abd8d45-1c15-4bf9-94c8-7ebc1f3ec42e-7-NAB-7,KUZNETSOV,Evgenii / SHLEIKHER Nikita,7,370.02,NAB,NAB,NAB,2025,World-Cup,Senior/Open,Senior,Male,Synchro-3m,Synchro Senior Men Synchro-3m,true,false,,,,criteria-simulator/data.js
WA-4847,World Aquatics Diving World Cup 2025,Senior Men Synchronized 3m (Final),Final,WA-56bf4f2a-b68f-414f-b854-2e1045fdccc5-3abd8d45-1c15-4bf9-94c8-7ebc1f3ec42e-8-NZL-8,TAVENER,Frazer / STONE Liam,8,369.36,NZL,NZL,NZL,2025,World-Cup,Senior/Open,Senior,Male,Synchro-3m,Synchro Senior Men Synchro-3m,true,false,,,,criteria-simulator/data.js
WA-4847,World Aquatics Diving World Cup 2025,Senior Men Synchronized 3m (Final),Final,WA-56bf4f2a-b68f-414f-b854-2e1045fdccc5-3abd8d45-1c15-4bf9-94c8-7ebc1f3ec42e-9-ITA-9,BELOTTI,Stefano / SANTORO Matteo,9,361.71,ITA,ITA,ITA,2025,World-Cup,Senior/Open,Senior,Male,Synchro-3m,Synchro Senior Men Synchro-3m,true,false,,,,criteria-simulator/data.js
WA-4847,World Aquatics Diving World Cup 2025,Senior Men Synchronized 3m (Final),Final,WA-56bf4f2a-b68f-414f-b854-2e1045fdccc5-3abd8d45-1c15-4bf9-94c8-7ebc1f3ec42e-10-ESP-10,CORTES,ZAPATA Juan Pablo / LINAN Max,10,341.52,ESP,ESP,ESP,2025,World-Cup,Senior/Open,Senior,Male,Synchro-3m,Synchro Senior Men Synchro-3m,true,false,,,,criteria-simulator/data.js
WA-4847,World Aquatics Diving World Cup 2025,Senior Men Synchronized 3m (Final),Final,WA-56bf4f2a-b68f-414f-b854-2e1045fdccc5-3abd8d45-1c15-4bf9-94c8-7ebc1f3ec42e-11-USA-11,SOLLENBERGER,Josh / SITZ Luke,11,341.07,USA,USA,USA,2025,World-Cup,Senior/Open,Senior,Male,Synchro-3m,Synchro Senior Men Synchro-3m,true,false,,,,criteria-simulator/data.js
WA-4847,World Aquatics Diving World Cup 2025,Senior Men Synchronized 3m (Final),Final,WA-56bf4f2a-b68f-414f-b854-2e1045fdccc5-3abd8d45-1c15-4bf9-94c8-7ebc1f3ec42e-12-CRO-12,NEVESCANIN,Matej / MARTINOVIC Luka,12,330.39,CRO,CRO,CRO,2025,World-Cup,Senior/Open,Senior,Male,Synchro-3m,Synchro Senior Men Synchro-3m,true,false,,,,criteria-simulator/data.js
WA-4847,World Aquatics Diving World Cup 2025,Senior Men Synchronized Platform (Final),Final,WA-43d448bb-3eef-43f7-8f43-abeeb61645a9-3abd8d45-1c15-4bf9-94c8-7ebc1f3ec42e-1-CHN-1,ZHU,Zifeng / CHENG Zilong,1,449.49,CHN,CHN,CHN,2025,World-Cup,Senior/Open,Senior,Male,Synchro-Platform,Synchro Senior Men Synchro-Platform,true,false,,,,criteria-simulator/data.js
WA-4847,World Aquatics Diving World Cup 2025,Senior Men Synchronized Platform (Final),Final,WA-43d448bb-3eef-43f7-8f43-abeeb61645a9-3abd8d45-1c15-4bf9-94c8-7ebc1f3ec42e-2-MEX-2,WILLARS,VALDEZ Randal / BERLIN REYES Kevin,2,435.45,MEX,MEX,MEX,2025,World-Cup,Senior/Open,Senior,Male,Synchro-Platform,Synchro Senior Men Synchro-Platform,true,false,,,,criteria-simulator/data.js
WA-4847,World Aquatics Diving World Cup 2025,Senior Men Synchronized Platform (Final),Final,WA-43d448bb-3eef-43f7-8f43-abeeb61645a9-3abd8d45-1c15-4bf9-94c8-7ebc1f3ec42e-3-NAB-3,TERNOVOI,Ruslan / SHLEIKHER Nikita,3,400.32,NAB,NAB,NAB,2025,World-Cup,Senior/Open,Senior,Male,Synchro-Platform,Synchro Senior Men Synchro-Platform,true,false,,,,criteria-simulator/data.js
WA-4847,World Aquatics Diving World Cup 2025,Senior Men Synchronized Platform (Final),Final,WA-43d448bb-3eef-43f7-8f43-abeeb61645a9-3abd8d45-1c15-4bf9-94c8-7ebc1f3ec42e-4-USA-4,WILLS,Tyler / HEDBERG Joshua,4,388.71,USA,USA,USA,2025,World-Cup,Senior/Open,Senior,Male,Synchro-Platform,Synchro Senior Men Synchro-Platform,true,false,,,,criteria-simulator/data.js
WA-4847,World Aquatics Diving World Cup 2025,Senior Men Synchronized Platform (Final),Final,WA-43d448bb-3eef-43f7-8f43-abeeb61645a9-3abd8d45-1c15-4bf9-94c8-7ebc1f3ec42e-5-UKR-5,HRYTSENKO,Mark / SEREDA Oleksii,5,372.72,UKR,UKR,UKR,2025,World-Cup,Senior/Open,Senior,Male,Synchro-Platform,Synchro Senior Men Synchro-Platform,true,false,,,,criteria-simulator/data.js
WA-4847,World Aquatics Diving World Cup 2025,Senior Men Synchronized Platform (Final),Final,WA-43d448bb-3eef-43f7-8f43-abeeb61645a9-3abd8d45-1c15-4bf9-94c8-7ebc1f3ec42e-6-CAN-6,TESSIER,Benjamin / CULLEN Matt,6,369.51,CAN,CAN,CAN,2025,World-Cup,Senior/Open,Senior,Male,Synchro-Platform,Synchro Senior Men Synchro-Platform,true,false,,,,criteria-simulator/data.js
WA-4847,World Aquatics Diving World Cup 2025,Senior Men Synchronized Platform (Final),Final,WA-43d448bb-3eef-43f7-8f43-abeeb61645a9-3abd8d45-1c15-4bf9-94c8-7ebc1f3ec42e-7-GER-7,EIKERMANN,GREGORCHUK Jaden Shiloh / AVILA SANCHEZ Luis Carlo,7,363.93,GER,GER,GER,2025,World-Cup,Senior/Open,Senior,Male,Synchro-Platform,Synchro Senior Men Synchro-Platform,true,false,,,,criteria-simulator/data.js
WA-4847,World Aquatics Diving World Cup 2025,Senior Men Synchronized Platform (Final),Final,WA-43d448bb-3eef-43f7-8f43-abeeb61645a9-3abd8d45-1c15-4bf9-94c8-7ebc1f3ec42e-8-ESP-8,CAMACHO,DEL HOYO Carlos / CARDONA HERRERO Rodrigo,8,331.11,ESP,ESP,ESP,2025,World-Cup,Senior/Open,Senior,Male,Synchro-Platform,Synchro Senior Men Synchro-Platform,true,false,,,,criteria-simulator/data.js
WA-4847,World Aquatics Diving World Cup 2025,Senior Men Synchronized Platform (Final),Final,WA-43d448bb-3eef-43f7-8f43-abeeb61645a9-3abd8d45-1c15-4bf9-94c8-7ebc1f3ec42e-9-AUS-9,MERCIECA,Jonah / BOWSHIRE Jaxon,9,317.07,AUS,AUS,AUS,2025,World-Cup,Senior/Open,Senior,Male,Synchro-Platform,Synchro Senior Men Synchro-Platform,true,false,,,,criteria-simulator/data.js
WA-4847,World Aquatics Diving World Cup 2025,Senior Men 3m (Final),Final,WA-a1eb0df8-098f-4546-88bb-b89c279d9da0-3abd8d45-1c15-4bf9-94c8-7ebc1f3ec42e-1-CHN-1,CHEN,Yiwen / WANG Zongyuan / CHEN Yuxi / CHENG Zilong,1,489.1,CHN,CHN,CHN,2025,World-Cup,Senior/Open,Senior,Mixed,3M,Senior Mixed 3M,false,false,,,,criteria-simulator/data.js
WA-4847,World Aquatics Diving World Cup 2025,Senior Men 3m (Final),Final,WA-a1eb0df8-098f-4546-88bb-b89c279d9da0-3abd8d45-1c15-4bf9-94c8-7ebc1f3ec42e-2-ITA-2,JODOIN,DI MARIA Sarah / GIOVANNINI Riccardo / SANTORO Matteo / PELLACANI Chiara,2,416.45,ITA,ITA,ITA,2025,World-Cup,Senior/Open,Senior,Mixed,3M,Senior Mixed 3M,false,false,,,,criteria-simulator/data.js
WA-4847,World Aquatics Diving World Cup 2025,Senior Men 3m (Final),Final,WA-a1eb0df8-098f-4546-88bb-b89c279d9da0-3abd8d45-1c15-4bf9-94c8-7ebc1f3ec42e-3-GER-3,MULLER,Jette / PFEIF Pauline Alexandra / EIKERMANN GREGORCHUK Jaden Shiloh / WESEMANN Moritz,3,396.2,GER,GER,GER,2025,World-Cup,Senior/Open,Senior,Mixed,3M,Senior Mixed 3M,false,false,,,,criteria-simulator/data.js
WA-4847,World Aquatics Diving World Cup 2025,Senior Men 3m (Final),Final,WA-a1eb0df8-098f-4546-88bb-b89c279d9da0-3abd8d45-1c15-4bf9-94c8-7ebc1f3ec42e-4-MEX-4,CUEVA,LOBATO Mia Zazil / OLVERA IBARRA Osmar / ZAMUDIO VEGA Kenny / AGUNDEZ GARCIA Gabriela,4,389.85,MEX,MEX,MEX,2025,World-Cup,Senior/Open,Senior,Mixed,3M,Senior Mixed 3M,false,false,,,,criteria-simulator/data.js
WA-4847,World Aquatics Diving World Cup 2025,Senior Men 3m (Final),Final,WA-a1eb0df8-098f-4546-88bb-b89c279d9da0-3abd8d45-1c15-4bf9-94c8-7ebc1f3ec42e-5-AUS-5,COLE,Ellie / KOLOI Alysha / ROUSSEAU Cassiel / SKINNER Hudson,5,388.85,AUS,AUS,AUS,2025,World-Cup,Senior/Open,Senior,Mixed,3M,Senior Mixed 3M,false,false,,,,criteria-simulator/data.js
WA-4847,World Aquatics Diving World Cup 2025,Senior Men 3m (Final),Final,WA-a1eb0df8-098f-4546-88bb-b89c279d9da0-3abd8d45-1c15-4bf9-94c8-7ebc1f3ec42e-6-USA-6,WRIGHT,Daryn / WILLS Tyler / VERZYL Sophia / SITZ Luke,6,372.2,USA,USA,USA,2025,World-Cup,Senior/Open,Senior,Mixed,3M,Senior Mixed 3M,false,false,,,,criteria-simulator/data.js
WA-4847,World Aquatics Diving World Cup 2025,Senior Men 3m (Final),Final,WA-a1eb0df8-098f-4546-88bb-b89c279d9da0-3abd8d45-1c15-4bf9-94c8-7ebc1f3ec42e-7-CAN-7,JASMIN,Amelie-Laura / TESSIER Benjamin / FUNG Katelyn / PAUL Carson,7,364.75,CAN,CAN,CAN,2025,World-Cup,Senior/Open,Senior,Mixed,3M,Senior Mixed 3M,false,false,,,,criteria-simulator/data.js
WA-4847,World Aquatics Diving World Cup 2025,Senior Men 3m (Final),Final,WA-a1eb0df8-098f-4546-88bb-b89c279d9da0-3abd8d45-1c15-4bf9-94c8-7ebc1f3ec42e-8-ESP-8,CAMACHO,DEL HOYO Carlos / ANTOLINO Valeria / CORTES ZAPATA Juan Pablo / CARVAJAL Ana,8,349.85,ESP,ESP,ESP,2025,World-Cup,Senior/Open,Senior,Mixed,3M,Senior Mixed 3M,false,false,,,,criteria-simulator/data.js
WA-4847,World Aquatics Diving World Cup 2025,Senior Men 3m (Final),Final,WA-a1eb0df8-098f-4546-88bb-b89c279d9da0-3abd8d45-1c15-4bf9-94c8-7ebc1f3ec42e-9-UKR-9,BAILO,Kseniia / SEREDA Oleksii / BOLIUKH Kirill / LYSKUN Sofiia,9,345.8,UKR,UKR,UKR,2025,World-Cup,Senior/Open,Senior,Mixed,3M,Senior Mixed 3M,false,false,,,,criteria-simulator/data.js
WA-4847,World Aquatics Diving World Cup 2025,Senior Men 3m (Final),Final,WA-a1eb0df8-098f-4546-88bb-b89c279d9da0-3abd8d45-1c15-4bf9-94c8-7ebc1f3ec42e-10-NAB-10,IVANOV,Grigory / KEDRINA Aleksandra / TERNOVOI Ruslan / KLIUEVA Uliana,10,340.7,NAB,NAB,NAB,2025,World-Cup,Senior/Open,Senior,Mixed,3M,Senior Mixed 3M,false,false,,,,criteria-simulator/data.js
WA-4783,World Aquatics Diving World Cup 2025,Senior Women 3m (Final),Final,WA-29edadbb-b4d0-450d-924a-0fd71d0aa8b0,CHEN,Jia,1,379.05,CHN,CHN,CHN,2025,World-Cup,Senior/Open,Senior,Female,3M,Senior Women 3M,false,false,,,,criteria-simulator/data.js
WA-4783,World Aquatics Diving World Cup 2025,Senior Women 3m (Final),Final,WA-6dafbcbb-ef90-4cf4-b5f5-23134da47c96,CHEN,Yiwen,2,369.9,CHN,CHN,CHN,2025,World-Cup,Senior/Open,Senior,Female,3M,Senior Women 3M,false,false,,,,criteria-simulator/data.js
WA-4783,World Aquatics Diving World Cup 2025,Senior Women 3m (Final),Final,WA-368575e4-e59c-4391-8f3a-11a27ecd0886,KEENEY,Maddison,3,336.55,AUS,AUS,AUS,2025,World-Cup,Senior/Open,Senior,Female,3M,Senior Women 3M,false,false,,,,criteria-simulator/data.js
WA-4783,World Aquatics Diving World Cup 2025,Senior Women 3m (Final),Final,WA-08d49b2c-df61-400e-92f4-9e2aed221075,VALLEE,Mia,4,326.2,CAN,CAN,CAN,2025,World-Cup,Senior/Open,Senior,Female,3M,Senior Women 3M,false,false,,,,criteria-simulator/data.js
WA-4783,World Aquatics Diving World Cup 2025,Senior Women 3m (Final),Final,WA-d198d7de-8a19-4c3c-b39e-d952f24ab74d,HEIMBERG,Michelle,5,297.45,SUI,SUI,SUI,2025,World-Cup,Senior/Open,Senior,Female,3M,Senior Women 3M,false,false,,,,criteria-simulator/data.js
WA-4783,World Aquatics Diving World Cup 2025,Senior Women 3m (Final),Final,WA-1b83c525-26a3-4a63-8ebb-6a6d337427f5,JASMIN,Amelie-Laura,6,295.8,CAN,CAN,CAN,2025,World-Cup,Senior/Open,Senior,Female,3M,Senior Women 3M,false,false,,,,criteria-simulator/data.js
WA-4783,World Aquatics Diving World Cup 2025,Senior Women 3m (Final),Final,WA-8461470d-e119-4e0f-844e-581c703d36cf,KOLOI,Alysha,7,293.1,AUS,AUS,AUS,2025,World-Cup,Senior/Open,Senior,Female,3M,Senior Women 3M,false,false,,,,criteria-simulator/data.js
WA-4783,World Aquatics Diving World Cup 2025,Senior Women 3m (Final),Final,WA-f8c22435-17b2-4a9a-aad2-a6eab903e36e,MIKAMI,Sayaka,8,293.05,JPN,JPN,JPN,2025,World-Cup,Senior/Open,Senior,Female,3M,Senior Women 3M,false,false,,,,criteria-simulator/data.js
WA-4783,World Aquatics Diving World Cup 2025,Senior Women 3m (Final),Final,WA-2a08e85f-37c1-4589-b41b-0457f0e97fe6,GARCIA,NAVARRO Anisley,9,291.2,CUB,CUB,CUB,2025,World-Cup,Senior/Open,Senior,Female,3M,Senior Women 3M,false,false,,,,criteria-simulator/data.js
WA-4783,World Aquatics Diving World Cup 2025,Senior Women 3m (Final),Final,WA-eda28461-e971-4700-a74a-ccdcb723094a,PIZZINI,Elisa,10,277.5,ITA,ITA,ITA,2025,World-Cup,Senior/Open,Senior,Female,3M,Senior Women 3M,false,false,,,,criteria-simulator/data.js
WA-4783,World Aquatics Diving World Cup 2025,Senior Women 3m (Final),Final,WA-49ea8dac-e1cf-4699-afff-a60e68b7669a,HARPER,Yasmin,11,237.0,GBR,GBR,GBR,2025,World-Cup,Senior/Open,Senior,Female,3M,Senior Women 3M,false,false,,,,criteria-simulator/data.js
WA-4783,World Aquatics Diving World Cup 2025,Senior Women 3m (Final),Final,WA-84abb6f6-fdf2-48a2-8732-83f2a642a347,MULLER,Jette,,159.0,GER,GER,GER,2025,World-Cup,Senior/Open,Senior,Female,3M,Senior Women 3M,false,false,,,,criteria-simulator/data.js
WA-4783,World Aquatics Diving World Cup 2025,Senior Women 3m (Prelim),Prelim,WA-29edadbb-b4d0-450d-924a-0fd71d0aa8b0,CHEN,Jia,1,345.9,CHN,CHN,CHN,2025,World-Cup,Senior/Open,Senior,Female,3M,Senior Women 3M,false,false,,,,criteria-simulator/data.js
WA-4783,World Aquatics Diving World Cup 2025,Senior Women 3m (Prelim),Prelim,WA-6dafbcbb-ef90-4cf4-b5f5-23134da47c96,CHEN,Yiwen,2,338.2,CHN,CHN,CHN,2025,World-Cup,Senior/Open,Senior,Female,3M,Senior Women 3M,false,false,,,,criteria-simulator/data.js
WA-4783,World Aquatics Diving World Cup 2025,Senior Women 3m (Prelim),Prelim,WA-368575e4-e59c-4391-8f3a-11a27ecd0886,KEENEY,Maddison,3,324.8,AUS,AUS,AUS,2025,World-Cup,Senior/Open,Senior,Female,3M,Senior Women 3M,false,false,,,,criteria-simulator/data.js
WA-4783,World Aquatics Diving World Cup 2025,Senior Women 3m (Prelim),Prelim,WA-ef64d63f-83b5-45f0-9d70-6ef96757d6d3,CHANG,Yani,4,310.95,CHN,CHN,CHN,2025,World-Cup,Senior/Open,Senior,Female,3M,Senior Women 3M,false,false,,,,criteria-simulator/data.js
WA-4783,World Aquatics Diving World Cup 2025,Senior Women 3m (Prelim),Prelim,WA-d198d7de-8a19-4c3c-b39e-d952f24ab74d,HEIMBERG,Michelle,5,305.1,SUI,SUI,SUI,2025,World-Cup,Senior/Open,Senior,Female,3M,Senior Women 3M,false,false,,,,criteria-simulator/data.js
WA-4783,World Aquatics Diving World Cup 2025,Senior Women 3m (Prelim),Prelim,WA-cf176875-fdaa-4754-9fc4-16c6e151df5d,PELLACANI,Chiara,6,302.1,ITA,ITA,ITA,2025,World-Cup,Senior/Open,Senior,Female,3M,Senior Women 3M,false,false,,,,criteria-simulator/data.js
WA-4783,World Aquatics Diving World Cup 2025,Senior Women 3m (Prelim),Prelim,WA-f8c22435-17b2-4a9a-aad2-a6eab903e36e,MIKAMI,Sayaka,7,300.0,JPN,JPN,JPN,2025,World-Cup,Senior/Open,Senior,Female,3M,Senior Women 3M,false,false,,,,criteria-simulator/data.js
WA-4783,World Aquatics Diving World Cup 2025,Senior Women 3m (Prelim),Prelim,WA-08d49b2c-df61-400e-92f4-9e2aed221075,VALLEE,Mia,8,295.95,CAN,CAN,CAN,2025,World-Cup,Senior/Open,Senior,Female,3M,Senior Women 3M,false,false,,,,criteria-simulator/data.js
WA-4783,World Aquatics Diving World Cup 2025,Senior Women 3m (Prelim),Prelim,WA-eda28461-e971-4700-a74a-ccdcb723094a,PIZZINI,Elisa,9,286.8,ITA,ITA,ITA,2025,World-Cup,Senior/Open,Senior,Female,3M,Senior Women 3M,false,false,,,,criteria-simulator/data.js
WA-4783,World Aquatics Diving World Cup 2025,Senior Women 3m (Prelim),Prelim,WA-1b83c525-26a3-4a63-8ebb-6a6d337427f5,JASMIN,Amelie-Laura,10,282.5,CAN,CAN,CAN,2025,World-Cup,Senior/Open,Senior,Female,3M,Senior Women 3M,false,false,,,,criteria-simulator/data.js
WA-4783,World Aquatics Diving World Cup 2025,Senior Women 3m (Prelim),Prelim,WA-8461470d-e119-4e0f-844e-581c703d36cf,KOLOI,Alysha,11,275.0,AUS,AUS,AUS,2025,World-Cup,Senior/Open,Senior,Female,3M,Senior Women 3M,false,false,,,,criteria-simulator/data.js
WA-4783,World Aquatics Diving World Cup 2025,Senior Women 3m (Prelim),Prelim,WA-49ea8dac-e1cf-4699-afff-a60e68b7669a,HARPER,Yasmin,12,273.45,GBR,GBR,GBR,2025,World-Cup,Senior/Open,Senior,Female,3M,Senior Women 3M,false,false,,,,criteria-simulator/data.js
WA-4783,World Aquatics Diving World Cup 2025,Senior Women 3m (Prelim),Prelim,WA-84abb6f6-fdf2-48a2-8732-83f2a642a347,MULLER,Jette,13,273.2,GER,GER,GER,2025,World-Cup,Senior/Open,Senior,Female,3M,Senior Women 3M,false,false,,,,criteria-simulator/data.js
WA-4783,World Aquatics Diving World Cup 2025,Senior Women 3m (Prelim),Prelim,WA-2a08e85f-37c1-4589-b41b-0457f0e97fe6,GARCIA,NAVARRO Anisley,14,270.3,CUB,CUB,CUB,2025,World-Cup,Senior/Open,Senior,Female,3M,Senior Women 3M,false,false,,,,criteria-simulator/data.js
WA-4783,World Aquatics Diving World Cup 2025,Senior Women 3m (Prelim),Prelim,WA-332fb9f9-ca44-4b1d-b738-18838821f2f9,VERZYL,Sophia,15,261.8,USA,USA,USA,2025,World-Cup,Senior/Open,Senior,Female,3M,Senior Women 3M,false,false,,,,criteria-simulator/data.js
WA-4783,World Aquatics Diving World Cup 2025,Senior Women 3m (Prelim),Prelim,WA-248a1046-d641-4593-a85a-0d052811f210,KNIGHT,Kyndal,16,261.1,USA,USA,USA,2025,World-Cup,Senior/Open,Senior,Female,3M,Senior Women 3M,false,false,,,,criteria-simulator/data.js
WA-4783,World Aquatics Diving World Cup 2025,Senior Women 3m (Prelim),Prelim,WA-41638bb0-cffa-4ff2-b5ea-c311263fc72c,BENT-ASHMEIL,Desharne,17,253.35,GBR,GBR,GBR,2025,World-Cup,Senior/Open,Senior,Female,3M,Senior Women 3M,false,false,,,,criteria-simulator/data.js
WA-4783,World Aquatics Diving World Cup 2025,Senior Women 3m (Prelim),Prelim,WA-d03fa4f0-35a5-4011-bc18-f56eef578213,PALKHIVALA,Sonya,18,249.5,CAN,CAN,CAN,2025,World-Cup,Senior/Open,Senior,Female,3M,Senior Women 3M,false,false,,,,criteria-simulator/data.js
WA-4783,World Aquatics Diving World Cup 2025,Senior Women 3m (Prelim),Prelim,WA-2e69ace0-338a-49c4-8940-9a72e28051ea,CUEVA,LOBATO Mia Zazil,19,233.55,MEX,MEX,MEX,2025,World-Cup,Senior/Open,Senior,Female,3M,Senior Women 3M,false,false,,,,criteria-simulator/data.js
WA-4783,World Aquatics Diving World Cup 2025,Senior Women 3m (Prelim),Prelim,WA-e8aca9d7-d107-4f8a-92d4-0e332c7e92bc,GILLET,Nais,20,212.0,FRA,FRA,FRA,2025,World-Cup,Senior/Open,Senior,Female,3M,Senior Women 3M,false,false,,,,criteria-simulator/data.js
WA-4783,World Aquatics Diving World Cup 2025,Senior Women 3m (Prelim),Prelim,WA-8b3f873b-7d50-4a6a-86f4-8fe1fd0ed279,CUEVA,LOBATO Lia Yatzil,21,156.6,MEX,MEX,MEX,2025,World-Cup,Senior/Open,Senior,Female,3M,Senior Women 3M,false,false,,,,criteria-simulator/data.js
WA-4783,World Aquatics Diving World Cup 2025,Senior Women Platform (Final),Final,WA-793b142a-8f02-4f14-9d92-62a48b72dc92,CHEN,Yuxi,1,417.55,CHN,CHN,CHN,2025,World-Cup,Senior/Open,Senior,Female,Platform,Senior Women Platform,false,false,,,,criteria-simulator/data.js
WA-4783,World Aquatics Diving World Cup 2025,Senior Women Platform (Final),Final,WA-e8b7220b-65e1-4506-98d0-84de3367b15b,QUAN,Hongchan,2,407.55,CHN,CHN,CHN,2025,World-Cup,Senior/Open,Senior,Female,Platform,Senior Women Platform,false,false,,,,criteria-simulator/data.js
WA-4783,World Aquatics Diving World Cup 2025,Senior Women Platform (Final),Final,WA-3fdd3244-1171-49f9-911c-31962a22d1cc,SPENDOLINI,SIRIEIX Andrea,3,348.2,GBR,GBR,GBR,2025,World-Cup,Senior/Open,Senior,Female,Platform,Senior Women Platform,false,false,,,,criteria-simulator/data.js
WA-4783,World Aquatics Diving World Cup 2025,Senior Women Platform (Final),Final,WA-31c5555d-5a74-4411-a46b-2c4f7d16f3d6,BOND,Maisie,4,324.35,GBR,GBR,GBR,2025,World-Cup,Senior/Open,Senior,Female,Platform,Senior Women Platform,false,false,,,,criteria-simulator/data.js
WA-4783,World Aquatics Diving World Cup 2025,Senior Women Platform (Final),Final,WA-1047093a-62d7-4423-9f7d-4cad25542eae,ESTUDILLO,TORRES Alejandra,5,311.2,MEX,MEX,MEX,2025,World-Cup,Senior/Open,Senior,Female,Platform,Senior Women Platform,false,false,,,,criteria-simulator/data.js
WA-4783,World Aquatics Diving World Cup 2025,Senior Women Platform (Final),Final,WA-76144f77-dff6-49e7-95b1-5d0b435644c9,CARVAJAL,Ana,6,296.3,ESP,ESP,ESP,2025,World-Cup,Senior/Open,Senior,Female,Platform,Senior Women Platform,false,false,,,,criteria-simulator/data.js
WA-4783,World Aquatics Diving World Cup 2025,Senior Women Platform (Final),Final,WA-71064397-f02c-4bc3-8b93-3901138e8989,HINGSTON,Laura,7,291.2,AUS,AUS,AUS,2025,World-Cup,Senior/Open,Senior,Female,Platform,Senior Women Platform,false,false,,,,criteria-simulator/data.js
WA-4783,World Aquatics Diving World Cup 2025,Senior Women Platform (Final),Final,WA-def10055-0632-4178-8f19-b37cf4acd933,FUNG,Katelyn,8,289.3,CAN,CAN,CAN,2025,World-Cup,Senior/Open,Senior,Female,Platform,Senior Women Platform,false,false,,,,criteria-simulator/data.js
WA-4783,World Aquatics Diving World Cup 2025,Senior Women Platform (Final),Final,WA-b9f0e0e9-e11d-4b78-bf5a-b7c186cd1b8f,COLE,Ellie,9,270.1,AUS,AUS,AUS,2025,World-Cup,Senior/Open,Senior,Female,Platform,Senior Women Platform,false,false,,,,criteria-simulator/data.js
WA-4783,World Aquatics Diving World Cup 2025,Senior Women Platform (Final),Final,WA-9d5db8c8-a45f-4745-b63d-f9c49379a79c,MILLER,Kate,10,268.15,CAN,CAN,CAN,2025,World-Cup,Senior/Open,Senior,Female,Platform,Senior Women Platform,false,false,,,,criteria-simulator/data.js
WA-4783,World Aquatics Diving World Cup 2025,Senior Women Platform (Final),Final,WA-d04d730a-2ded-4857-a49d-e7b09f20590f,LEMKIN,Anna,11,263.3,USA,USA,USA,2025,World-Cup,Senior/Open,Senior,Female,Platform,Senior Women Platform,false,false,,,,criteria-simulator/data.js
WA-4783,World Aquatics Diving World Cup 2025,Senior Women Platform (Final),Final,WA-0aa96fee-c914-43d1-9c51-e54d767987a0,AGUNDEZ,GARCIA Gabriela,12,261.5,MEX,MEX,MEX,2025,World-Cup,Senior/Open,Senior,Female,Platform,Senior Women Platform,false,false,,,,criteria-simulator/data.js
WA-4783,World Aquatics Diving World Cup 2025,Senior Women Platform (Prelim),Prelim,WA-e8b7220b-65e1-4506-98d0-84de3367b15b,QUAN,Hongchan,1,404.15,CHN,CHN,CHN,2025,World-Cup,Senior/Open,Senior,Female,Platform,Senior Women Platform,false,false,,,,criteria-simulator/data.js
WA-4783,World Aquatics Diving World Cup 2025,Senior Women Platform (Prelim),Prelim,WA-793b142a-8f02-4f14-9d92-62a48b72dc92,CHEN,Yuxi,2,376.45,CHN,CHN,CHN,2025,World-Cup,Senior/Open,Senior,Female,Platform,Senior Women Platform,false,false,,,,criteria-simulator/data.js
WA-4783,World Aquatics Diving World Cup 2025,Senior Women Platform (Prelim),Prelim,WA-3fdd3244-1171-49f9-911c-31962a22d1cc,SPENDOLINI,SIRIEIX Andrea,3,357.9,GBR,GBR,GBR,2025,World-Cup,Senior/Open,Senior,Female,Platform,Senior Women Platform,false,false,,,,criteria-simulator/data.js
WA-4783,World Aquatics Diving World Cup 2025,Senior Women Platform (Prelim),Prelim,WA-76144f77-dff6-49e7-95b1-5d0b435644c9,CARVAJAL,Ana,4,323.3,ESP,ESP,ESP,2025,World-Cup,Senior/Open,Senior,Female,Platform,Senior Women Platform,false,false,,,,criteria-simulator/data.js
WA-4783,World Aquatics Diving World Cup 2025,Senior Women Platform (Prelim),Prelim,WA-b9f0e0e9-e11d-4b78-bf5a-b7c186cd1b8f,COLE,Ellie,5,317.8,AUS,AUS,AUS,2025,World-Cup,Senior/Open,Senior,Female,Platform,Senior Women Platform,false,false,,,,criteria-simulator/data.js
WA-4783,World Aquatics Diving World Cup 2025,Senior Women Platform (Prelim),Prelim,WA-9d5db8c8-a45f-4745-b63d-f9c49379a79c,MILLER,Kate,6,316.65,CAN,CAN,CAN,2025,World-Cup,Senior/Open,Senior,Female,Platform,Senior Women Platform,false,false,,,,criteria-simulator/data.js
WA-4783,World Aquatics Diving World Cup 2025,Senior Women Platform (Prelim),Prelim,WA-0aa96fee-c914-43d1-9c51-e54d767987a0,AGUNDEZ,GARCIA Gabriela,7,313.2,MEX,MEX,MEX,2025,World-Cup,Senior/Open,Senior,Female,Platform,Senior Women Platform,false,false,,,,criteria-simulator/data.js
WA-4783,World Aquatics Diving World Cup 2025,Senior Women Platform (Prelim),Prelim,WA-d04d730a-2ded-4857-a49d-e7b09f20590f,LEMKIN,Anna,8,303.5,USA,USA,USA,2025,World-Cup,Senior/Open,Senior,Female,Platform,Senior Women Platform,false,false,,,,criteria-simulator/data.js
WA-4783,World Aquatics Diving World Cup 2025,Senior Women Platform (Prelim),Prelim,WA-def10055-0632-4178-8f19-b37cf4acd933,FUNG,Katelyn,9,302.45,CAN,CAN,CAN,2025,World-Cup,Senior/Open,Senior,Female,Platform,Senior Women Platform,false,false,,,,criteria-simulator/data.js
WA-4783,World Aquatics Diving World Cup 2025,Senior Women Platform (Prelim),Prelim,WA-71064397-f02c-4bc3-8b93-3901138e8989,HINGSTON,Laura,10,299.5,AUS,AUS,AUS,2025,World-Cup,Senior/Open,Senior,Female,Platform,Senior Women Platform,false,false,,,,criteria-simulator/data.js
WA-4783,World Aquatics Diving World Cup 2025,Senior Women Platform (Prelim),Prelim,WA-1047093a-62d7-4423-9f7d-4cad25542eae,ESTUDILLO,TORRES Alejandra,11,296.95,MEX,MEX,MEX,2025,World-Cup,Senior/Open,Senior,Female,Platform,Senior Women Platform,false,false,,,,criteria-simulator/data.js
WA-4783,World Aquatics Diving World Cup 2025,Senior Women Platform (Prelim),Prelim,WA-31c5555d-5a74-4411-a46b-2c4f7d16f3d6,BOND,Maisie,12,292.95,GBR,GBR,GBR,2025,World-Cup,Senior/Open,Senior,Female,Platform,Senior Women Platform,false,false,,,,criteria-simulator/data.js
WA-4783,World Aquatics Diving World Cup 2025,Senior Women Platform (Prelim),Prelim,WA-45101f00-7ed3-4aa9-acfa-c54b4e1f0ac5,ANTOLINO,Valeria,13,291.2,ESP,ESP,ESP,2025,World-Cup,Senior/Open,Senior,Female,Platform,Senior Women Platform,false,false,,,,criteria-simulator/data.js
WA-4783,World Aquatics Diving World Cup 2025,Senior Women Platform (Prelim),Prelim,WA-5cf48f98-fe3e-4768-bb42-e5e5b78cca2f,PFEIF,Pauline Alexandra,14,290.95,GER,GER,GER,2025,World-Cup,Senior/Open,Senior,Female,Platform,Senior Women Platform,false,false,,,,criteria-simulator/data.js
WA-4783,World Aquatics Diving World Cup 2025,Senior Women Platform (Prelim),Prelim,WA-deb5d9e0-4920-49ee-8e0f-c0c93027b9e0,HALLIFAX,Emily,15,282.65,FRA,FRA,FRA,2025,World-Cup,Senior/Open,Senior,Female,Platform,Senior Women Platform,false,false,,,,criteria-simulator/data.js
WA-4783,World Aquatics Diving World Cup 2025,Senior Women Platform (Prelim),Prelim,WA-4fc41b34-d467-48c1-a8c7-83dfb407758b,JODOIN,DI MARIA Sarah,16,263.5,ITA,ITA,ITA,2025,World-Cup,Senior/Open,Senior,Female,Platform,Senior Women Platform,false,false,,,,criteria-simulator/data.js
WA-4783,World Aquatics Diving World Cup 2025,Senior Women Platform (Prelim),Prelim,WA-ff9ec12a-24a3-448e-b6e4-bf2f1c43b1bf,GILLET,Jade,17,259.95,FRA,FRA,FRA,2025,World-Cup,Senior/Open,Senior,Female,Platform,Senior Women Platform,false,false,,,,criteria-simulator/data.js
WA-4783,World Aquatics Diving World Cup 2025,Senior Women Platform (Prelim),Prelim,WA-bfa86c19-cd70-42f6-b8a7-c2956776a56d,KWANG,Ainslee Jia Ern,18,258.4,SGP,SGP,SGP,2025,World-Cup,Senior/Open,Senior,Female,Platform,Senior Women Platform,false,false,,,,criteria-simulator/data.js
WA-4783,World Aquatics Diving World Cup 2025,Senior Women Platform (Prelim),Prelim,WA-2a08e85f-37c1-4589-b41b-0457f0e97fe6,GARCIA,NAVARRO Anisley,19,256.75,CUB,CUB,CUB,2025,World-Cup,Senior/Open,Senior,Female,Platform,Senior Women Platform,false,false,,,,criteria-simulator/data.js
WA-4783,World Aquatics Diving World Cup 2025,Senior Women Platform (Prelim),Prelim,WA-05758b36-1189-4f34-b031-8a3fcda681ef,PAMG,Pandelela,20,235.9,MAS,MAS,MAS,2025,World-Cup,Senior/Open,Senior,Female,Platform,Senior Women Platform,false,false,,,,criteria-simulator/data.js
WA-4783,World Aquatics Diving World Cup 2025,Senior Women Platform (Prelim),Prelim,WA-19596617-ecb0-45dc-a872-d2725e713dbb,BIGINELLI,Maia,21,228.85,ITA,ITA,ITA,2025,World-Cup,Senior/Open,Senior,Female,Platform,Senior Women Platform,false,false,,,,criteria-simulator/data.js
WA-4783,World Aquatics Diving World Cup 2025,Senior Women Synchronized 3m (Final),Final,WA-6087192d-7864-405a-b158-82d33ccf882e-3abd8d45-1c15-4bf9-94c8-7ebc1f3ec42e-1-CHN-1,CHEN,Yiwen / CHANG Yani,1,312.54,CHN,CHN,CHN,2025,World-Cup,Senior/Open,Senior,Female,Synchro-3m,Synchro Senior Women Synchro-3m,true,false,,,,criteria-simulator/data.js
WA-4783,World Aquatics Diving World Cup 2025,Senior Women Synchronized 3m (Final),Final,WA-6087192d-7864-405a-b158-82d33ccf882e-3abd8d45-1c15-4bf9-94c8-7ebc1f3ec42e-2-CAN-2,PALKHIVALA,Sonya / JASMIN Amelie-Laura,2,276.3,CAN,CAN,CAN,2025,World-Cup,Senior/Open,Senior,Female,Synchro-3m,Synchro Senior Women Synchro-3m,true,false,,,,criteria-simulator/data.js
WA-4783,World Aquatics Diving World Cup 2025,Senior Women Synchronized 3m (Final),Final,WA-6087192d-7864-405a-b158-82d33ccf882e-3abd8d45-1c15-4bf9-94c8-7ebc1f3ec42e-3-AUS-3,KEENEY,Maddison / KOLOI Alysha,3,275.4,AUS,AUS,AUS,2025,World-Cup,Senior/Open,Senior,Female,Synchro-3m,Synchro Senior Women Synchro-3m,true,false,,,,criteria-simulator/data.js
WA-4783,World Aquatics Diving World Cup 2025,Senior Women Synchronized 3m (Final),Final,WA-6087192d-7864-405a-b158-82d33ccf882e-3abd8d45-1c15-4bf9-94c8-7ebc1f3ec42e-4-GBR-4,MEW,JENSEN Scarlett / HARPER Yasmin,4,274.41,GBR,GBR,GBR,2025,World-Cup,Senior/Open,Senior,Female,Synchro-3m,Synchro Senior Women Synchro-3m,true,false,,,,criteria-simulator/data.js
WA-4783,World Aquatics Diving World Cup 2025,Senior Women Synchronized 3m (Final),Final,WA-6087192d-7864-405a-b158-82d33ccf882e-3abd8d45-1c15-4bf9-94c8-7ebc1f3ec42e-5-MEX-5,CUEVA,LOBATO Lia Yatzil / CUEVA LOBATO Mia Zazil,5,265.62,MEX,MEX,MEX,2025,World-Cup,Senior/Open,Senior,Female,Synchro-3m,Synchro Senior Women Synchro-3m,true,false,,,,criteria-simulator/data.js
WA-4783,World Aquatics Diving World Cup 2025,Senior Women Synchronized 3m (Final),Final,WA-6087192d-7864-405a-b158-82d33ccf882e-3abd8d45-1c15-4bf9-94c8-7ebc1f3ec42e-6-USA-6,KNIGHT,Kyndal / KWONG Anna,6,257.4,USA,USA,USA,2025,World-Cup,Senior/Open,Senior,Female,Synchro-3m,Synchro Senior Women Synchro-3m,true,false,,,,criteria-simulator/data.js
WA-4783,World Aquatics Diving World Cup 2025,Senior Women Synchronized 3m (Final),Final,WA-6087192d-7864-405a-b158-82d33ccf882e-3abd8d45-1c15-4bf9-94c8-7ebc1f3ec42e-7-KOR-7,LEE,Yejoo / JUNG Dayeon,7,233.1,KOR,KOR,KOR,2025,World-Cup,Senior/Open,Senior,Female,Synchro-3m,Synchro Senior Women Synchro-3m,true,false,,,,criteria-simulator/data.js
WA-4783,World Aquatics Diving World Cup 2025,Senior Women Synchronized 3m (Final),Final,WA-6087192d-7864-405a-b158-82d33ccf882e-3abd8d45-1c15-4bf9-94c8-7ebc1f3ec42e-8-ITA-8,PELLACANI,Chiara / PIZZINI Elisa,,43.2,ITA,ITA,ITA,2025,World-Cup,Senior/Open,Senior,Female,Synchro-3m,Synchro Senior Women Synchro-3m,true,false,,,,criteria-simulator/data.js
WA-4783,World Aquatics Diving World Cup 2025,Senior Women Synchronized Platform (Final),Final,WA-c048fdd3-781e-4082-a75e-7633e03852ae-3abd8d45-1c15-4bf9-94c8-7ebc1f3ec42e-1-CHN-1,LU,Wei / ZHANG Minjie,1,327.36,CHN,CHN,CHN,2025,World-Cup,Senior/Open,Senior,Female,Synchro-Platform,Synchro Senior Women Synchro-Platform,true,false,,,,criteria-simulator/data.js
WA-4783,World Aquatics Diving World Cup 2025,Senior Women Synchronized Platform (Final),Final,WA-c048fdd3-781e-4082-a75e-7633e03852ae-3abd8d45-1c15-4bf9-94c8-7ebc1f3ec42e-2-MEX-2,AGUNDEZ,GARCIA Gabriela / ESTUDILLO TORRES Alejandra,2,291.9,MEX,MEX,MEX,2025,World-Cup,Senior/Open,Senior,Female,Synchro-Platform,Synchro Senior Women Synchro-Platform,true,false,,,,criteria-simulator/data.js
WA-4783,World Aquatics Diving World Cup 2025,Senior Women Synchronized Platform (Final),Final,WA-c048fdd3-781e-4082-a75e-7633e03852ae-3abd8d45-1c15-4bf9-94c8-7ebc1f3ec42e-3-GBR-3,TOULSON,Lois / BOND Maisie,3,275.16,GBR,GBR,GBR,2025,World-Cup,Senior/Open,Senior,Female,Synchro-Platform,Synchro Senior Women Synchro-Platform,true,false,,,,criteria-simulator/data.js
WA-4783,World Aquatics Diving World Cup 2025,Senior Women Synchronized Platform (Final),Final,WA-c048fdd3-781e-4082-a75e-7633e03852ae-3abd8d45-1c15-4bf9-94c8-7ebc1f3ec42e-4-USA-4,GUTCH,Lanie / LEMKIN Anna,4,274.26,USA,USA,USA,2025,World-Cup,Senior/Open,Senior,Female,Synchro-Platform,Synchro Senior Women Synchro-Platform,true,false,,,,criteria-simulator/data.js
WA-4783,World Aquatics Diving World Cup 2025,Senior Women Synchronized Platform (Final),Final,WA-c048fdd3-781e-4082-a75e-7633e03852ae-3abd8d45-1c15-4bf9-94c8-7ebc1f3ec42e-5-CAN-5,FUNG,Katelyn / MILLER Kate,5,273.72,CAN,CAN,CAN,2025,World-Cup,Senior/Open,Senior,Female,Synchro-Platform,Synchro Senior Women Synchro-Platform,true,false,,,,criteria-simulator/data.js
WA-4783,World Aquatics Diving World Cup 2025,Senior Women Synchronized Platform (Final),Final,WA-c048fdd3-781e-4082-a75e-7633e03852ae-3abd8d45-1c15-4bf9-94c8-7ebc1f3ec42e-6-KOR-6,MOON,Nayun / KO Hyeonju,6,265.89,KOR,KOR,KOR,2025,World-Cup,Senior/Open,Senior,Female,Synchro-Platform,Synchro Senior Women Synchro-Platform,true,false,,,,criteria-simulator/data.js
WA-4783,World Aquatics Diving World Cup 2025,Senior Women Synchronized Platform (Final),Final,WA-c048fdd3-781e-4082-a75e-7633e03852ae-3abd8d45-1c15-4bf9-94c8-7ebc1f3ec42e-7-ESP-7,CARVAJAL,Ana / ANTOLINO Valeria,7,265.62,ESP,ESP,ESP,2025,World-Cup,Senior/Open,Senior,Female,Synchro-Platform,Synchro Senior Women Synchro-Platform,true,false,,,,criteria-simulator/data.js
WA-4783,World Aquatics Diving World Cup 2025,Senior Women Synchronized Platform (Final),Final,WA-c048fdd3-781e-4082-a75e-7633e03852ae-3abd8d45-1c15-4bf9-94c8-7ebc1f3ec42e-8-AUS-8,COLE,Ellie / DROGEMULLER Ruby,8,262.32,AUS,AUS,AUS,2025,World-Cup,Senior/Open,Senior,Female,Synchro-Platform,Synchro Senior Women Synchro-Platform,true,false,,,,criteria-simulator/data.js
WA-4783,World Aquatics Diving World Cup 2025,Senior Men 3m (Final),Final,WA-be7b1b42-1768-4fb7-932c-ce98cf550bfc,HOULDEN,Jordan,1,470.85,GBR,GBR,GBR,2025,World-Cup,Senior/Open,Senior,Male,3M,Senior Men 3M,false,false,,,,criteria-simulator/data.js
WA-4783,World Aquatics Diving World Cup 2025,Senior Men 3m (Final),Final,WA-6837d7ec-2f99-41b1-95c0-db9e52320058,TYLER,Carson,2,447.65,USA,USA,USA,2025,World-Cup,Senior/Open,Senior,Male,3M,Senior Men 3M,false,false,,,,criteria-simulator/data.js
WA-4783,World Aquatics Diving World Cup 2025,Senior Men 3m (Final),Final,WA-f59e659b-c088-4f4d-9765-2a31b3b03829,ZHENG,Jiuyuan,3,433.15,CHN,CHN,CHN,2025,World-Cup,Senior/Open,Senior,Male,3M,Senior Men 3M,false,false,,,,criteria-simulator/data.js
WA-4783,World Aquatics Diving World Cup 2025,Senior Men 3m (Final),Final,WA-e4d7cca6-67fb-4b6b-843e-744a62d0566f,URIBE,BERMUDEZ Luis Felipe,4,422.9,COL,COL,COL,2025,World-Cup,Senior/Open,Senior,Male,3M,Senior Men 3M,false,false,,,,criteria-simulator/data.js
WA-4783,World Aquatics Diving World Cup 2025,Senior Men 3m (Final),Final,WA-71b4cb2f-b22a-4b66-af54-05eeadbbba89,WANG,Zongyuan,5,421.55,CHN,CHN,CHN,2025,World-Cup,Senior/Open,Senior,Male,3M,Senior Men 3M,false,false,,,,criteria-simulator/data.js
WA-4783,World Aquatics Diving World Cup 2025,Senior Men 3m (Final),Final,WA-f55bcccf-c30d-4b58-ad52-276f456ad1b4,LAUGHER,Jack,6,405.85,GBR,GBR,GBR,2025,World-Cup,Senior/Open,Senior,Male,3M,Senior Men 3M,false,false,,,,criteria-simulator/data.js
WA-4783,World Aquatics Diving World Cup 2025,Senior Men 3m (Final),Final,WA-eee8dd81-56fd-4116-9872-2c9337622f27,BISCH,Gwendal,7,398.65,FRA,FRA,FRA,2025,World-Cup,Senior/Open,Senior,Male,3M,Senior Men 3M,false,false,,,,criteria-simulator/data.js
WA-4783,World Aquatics Diving World Cup 2025,Senior Men 3m (Final),Final,WA-34242449-d4e6-4372-b12b-1b74d404f268,SANTORO,Matteo,8,396.2,ITA,ITA,ITA,2025,World-Cup,Senior/Open,Senior,Male,3M,Senior Men 3M,false,false,,,,criteria-simulator/data.js
WA-4783,World Aquatics Diving World Cup 2025,Senior Men 3m (Final),Final,WA-faf09aef-775d-4e28-9f6b-abc27ffc1cc8,STONE,Liam,9,393.95,NZL,NZL,NZL,2025,World-Cup,Senior/Open,Senior,Male,3M,Senior Men 3M,false,false,,,,criteria-simulator/data.js
WA-4783,World Aquatics Diving World Cup 2025,Senior Men 3m (Final),Final,WA-33cc39a9-4bcd-4d35-afcc-a957e6cc06fc,BOUYER,Jules,10,393.4,FRA,FRA,FRA,2025,World-Cup,Senior/Open,Senior,Male,3M,Senior Men 3M,false,false,,,,criteria-simulator/data.js
WA-4783,World Aquatics Diving World Cup 2025,Senior Men 3m (Final),Final,WA-5897f289-5e02-45ac-9fa1-6e9d5eb6b5e1,OLVERA,IBARRA Osmar,11,375.4,MEX,MEX,MEX,2025,World-Cup,Senior/Open,Senior,Male,3M,Senior Men 3M,false,false,,,,criteria-simulator/data.js
WA-4783,World Aquatics Diving World Cup 2025,Senior Men 3m (Final),Final,WA-53331ba7-1513-4e4a-89ad-b2be96573ede,YI,Jaegyeong,12,371.5,KOR,KOR,KOR,2025,World-Cup,Senior/Open,Senior,Male,3M,Senior Men 3M,false,false,,,,criteria-simulator/data.js
WA-4783,World Aquatics Diving World Cup 2025,Senior Men 3m (Prelim),Prelim,WA-71b4cb2f-b22a-4b66-af54-05eeadbbba89,WANG,Zongyuan,1,495.0,CHN,CHN,CHN,2025,World-Cup,Senior/Open,Senior,Male,3M,Senior Men 3M,false,false,,,,criteria-simulator/data.js
WA-4783,World Aquatics Diving World Cup 2025,Senior Men 3m (Prelim),Prelim,WA-f59e659b-c088-4f4d-9765-2a31b3b03829,ZHENG,Jiuyuan,2,454.3,CHN,CHN,CHN,2025,World-Cup,Senior/Open,Senior,Male,3M,Senior Men 3M,false,false,,,,criteria-simulator/data.js
WA-4783,World Aquatics Diving World Cup 2025,Senior Men 3m (Prelim),Prelim,WA-855c1c59-6c86-495d-8a2c-5c8eb3df7c8f,HU,Yukang,3,437.3,CHN,CHN,CHN,2025,World-Cup,Senior/Open,Senior,Male,3M,Senior Men 3M,false,false,,,,criteria-simulator/data.js
WA-4783,World Aquatics Diving World Cup 2025,Senior Men 3m (Prelim),Prelim,WA-e4d7cca6-67fb-4b6b-843e-744a62d0566f,URIBE,BERMUDEZ Luis Felipe,4,422.9,COL,COL,COL,2025,World-Cup,Senior/Open,Senior,Male,3M,Senior Men 3M,false,false,,,,criteria-simulator/data.js
WA-4783,World Aquatics Diving World Cup 2025,Senior Men 3m (Prelim),Prelim,WA-6837d7ec-2f99-41b1-95c0-db9e52320058,TYLER,Carson,5,418.2,USA,USA,USA,2025,World-Cup,Senior/Open,Senior,Male,3M,Senior Men 3M,false,false,,,,criteria-simulator/data.js
WA-4783,World Aquatics Diving World Cup 2025,Senior Men 3m (Prelim),Prelim,WA-5897f289-5e02-45ac-9fa1-6e9d5eb6b5e1,OLVERA,IBARRA Osmar,6,404.85,MEX,MEX,MEX,2025,World-Cup,Senior/Open,Senior,Male,3M,Senior Men 3M,false,false,,,,criteria-simulator/data.js
WA-4783,World Aquatics Diving World Cup 2025,Senior Men 3m (Prelim),Prelim,WA-faf09aef-775d-4e28-9f6b-abc27ffc1cc8,STONE,Liam,7,396.95,NZL,NZL,NZL,2025,World-Cup,Senior/Open,Senior,Male,3M,Senior Men 3M,false,false,,,,criteria-simulator/data.js
WA-4783,World Aquatics Diving World Cup 2025,Senior Men 3m (Prelim),Prelim,WA-53331ba7-1513-4e4a-89ad-b2be96573ede,YI,Jaegyeong,8,391.5,KOR,KOR,KOR,2025,World-Cup,Senior/Open,Senior,Male,3M,Senior Men 3M,false,false,,,,criteria-simulator/data.js
WA-4783,World Aquatics Diving World Cup 2025,Senior Men 3m (Prelim),Prelim,WA-33cc39a9-4bcd-4d35-afcc-a957e6cc06fc,BOUYER,Jules,9,390.15,FRA,FRA,FRA,2025,World-Cup,Senior/Open,Senior,Male,3M,Senior Men 3M,false,false,,,,criteria-simulator/data.js
WA-4783,World Aquatics Diving World Cup 2025,Senior Men 3m (Prelim),Prelim,WA-be7b1b42-1768-4fb7-932c-ce98cf550bfc,HOULDEN,Jordan,10,389.15,GBR,GBR,GBR,2025,World-Cup,Senior/Open,Senior,Male,3M,Senior Men 3M,false,false,,,,criteria-simulator/data.js
WA-4783,World Aquatics Diving World Cup 2025,Senior Men 3m (Prelim),Prelim,WA-34242449-d4e6-4372-b12b-1b74d404f268,SANTORO,Matteo,11,386.1,ITA,ITA,ITA,2025,World-Cup,Senior/Open,Senior,Male,3M,Senior Men 3M,false,false,,,,criteria-simulator/data.js
WA-4783,World Aquatics Diving World Cup 2025,Senior Men 3m (Prelim),Prelim,WA-f55bcccf-c30d-4b58-ad52-276f456ad1b4,LAUGHER,Jack,12,378.5,GBR,GBR,GBR,2025,World-Cup,Senior/Open,Senior,Male,3M,Senior Men 3M,false,false,,,,criteria-simulator/data.js
WA-4783,World Aquatics Diving World Cup 2025,Senior Men 3m (Prelim),Prelim,WA-eee8dd81-56fd-4116-9872-2c9337622f27,BISCH,Gwendal,13,370.2,FRA,FRA,FRA,2025,World-Cup,Senior/Open,Senior,Male,3M,Senior Men 3M,false,false,,,,criteria-simulator/data.js
WA-4783,World Aquatics Diving World Cup 2025,Senior Men 3m (Prelim),Prelim,WA-4ae3dbb2-1401-4ed0-b5cb-cef5808c2150,RYAN,Jack,14,368.9,USA,USA,USA,2025,World-Cup,Senior/Open,Senior,Male,3M,Senior Men 3M,false,false,,,,criteria-simulator/data.js
WA-4783,World Aquatics Diving World Cup 2025,Senior Men 3m (Prelim),Prelim,WA-52c7de54-bc37-4725-9ee5-bf0cb7ede6c7,KACHANOV,Vyacheslav,15,367.75,UZB,UZB,UZB,2025,World-Cup,Senior/Open,Senior,Male,3M,Senior Men 3M,false,false,,,,criteria-simulator/data.js
WA-4783,World Aquatics Diving World Cup 2025,Senior Men 3m (Prelim),Prelim,WA-0f5ccd2c-7268-4cc8-8e10-d146b066273d,WOO,Haram,16,365.9,KOR,KOR,KOR,2025,World-Cup,Senior/Open,Senior,Male,3M,Senior Men 3M,false,false,,,,criteria-simulator/data.js
WA-4783,World Aquatics Diving World Cup 2025,Senior Men 3m (Prelim),Prelim,WA-62201372-1ce5-471f-a757-f556483d168c,SAKAI,Sho,17,363.85,JPN,JPN,JPN,2025,World-Cup,Senior/Open,Senior,Male,3M,Senior Men 3M,false,false,,,,criteria-simulator/data.js
WA-4783,World Aquatics Diving World Cup 2025,Senior Men 3m (Prelim),Prelim,WA-1342b7e3-5cc5-4f94-80b7-a95d42b1450a,WESEMANN,Moritz,18,363.5,GER,GER,GER,2025,World-Cup,Senior/Open,Senior,Male,3M,Senior Men 3M,false,false,,,,criteria-simulator/data.js
WA-4783,World Aquatics Diving World Cup 2025,Senior Men 3m (Prelim),Prelim,WA-f47257d2-1cb4-426d-85f1-70a7c1246273,MUNOZ,HEREDIA Kevin Alexander,19,361.25,MEX,MEX,MEX,2025,World-Cup,Senior/Open,Senior,Male,3M,Senior Men 3M,false,false,,,,criteria-simulator/data.js
WA-4783,World Aquatics Diving World Cup 2025,Senior Men 3m (Prelim),Prelim,WA-6b6710f5-9141-4226-b937-ae9b6751a8bb,MASSENBERG,Lou Noel Guy,20,359.35,GER,GER,GER,2025,World-Cup,Senior/Open,Senior,Male,3M,Senior Men 3M,false,false,,,,criteria-simulator/data.js
WA-4783,World Aquatics Diving World Cup 2025,Senior Men 3m (Prelim),Prelim,WA-b550d7d3-450a-4eaf-9a2f-2d2aa070edfa,POVZNER,Victor,21,359.15,CAN,CAN,CAN,2025,World-Cup,Senior/Open,Senior,Male,3M,Senior Men 3M,false,false,,,,criteria-simulator/data.js
WA-4783,World Aquatics Diving World Cup 2025,Senior Men 3m (Prelim),Prelim,WA-99c888c4-3153-475b-8531-238813674f57,TAVENER,Frazer,22,356.1,NZL,NZL,NZL,2025,World-Cup,Senior/Open,Senior,Male,3M,Senior Men 3M,false,false,,,,criteria-simulator/data.js
WA-4783,World Aquatics Diving World Cup 2025,Senior Men 3m (Prelim),Prelim,WA-710dc9f8-ca65-4838-b84e-8aaddccdfd1a,NEVESCANIN,Matej,23,355.7,CRO,CRO,CRO,2025,World-Cup,Senior/Open,Senior,Male,3M,Senior Men 3M,false,false,,,,criteria-simulator/data.js
WA-4783,World Aquatics Diving World Cup 2025,Senior Men 3m (Prelim),Prelim,WA-7f6e93d4-fc79-471b-ac09-85d9557831ca,CELAYA,HERNANDEZ Juan Manuel,24,348.4,MEX,MEX,MEX,2025,World-Cup,Senior/Open,Senior,Male,3M,Senior Men 3M,false,false,,,,criteria-simulator/data.js
WA-4783,World Aquatics Diving World Cup 2025,Senior Men 3m (Prelim),Prelim,WA-c6fb7d80-994e-495f-ac4d-25a69f3c5490,SKINNER,Hudson,25,322.95,AUS,AUS,AUS,2025,World-Cup,Senior/Open,Senior,Male,3M,Senior Men 3M,false,false,,,,criteria-simulator/data.js
WA-4783,World Aquatics Diving World Cup 2025,Senior Men 3m (Prelim),Prelim,WA-c68a085b-7bc8-45a8-bebe-bb078cb7de51,PAUL,Carson,26,321.4,CAN,CAN,CAN,2025,World-Cup,Senior/Open,Senior,Male,3M,Senior Men 3M,false,false,,,,criteria-simulator/data.js
WA-4783,World Aquatics Diving World Cup 2025,Senior Men 3m (Prelim),Prelim,WA-f713d7af-ce55-4cc1-bc01-db49a070cd7a,BELOTTI,Stefano,27,292.35,ITA,ITA,ITA,2025,World-Cup,Senior/Open,Senior,Male,3M,Senior Men 3M,false,false,,,,criteria-simulator/data.js
WA-4783,World Aquatics Diving World Cup 2025,Senior Men 3m (Prelim),Prelim,WA-a5d3ed15-9e7e-44a5-b383-ff049337f2c2,CORTES,ZAPATA Juan Pablo,28,271.6,ESP,ESP,ESP,2025,World-Cup,Senior/Open,Senior,Male,3M,Senior Men 3M,false,false,,,,criteria-simulator/data.js
WA-4783,World Aquatics Diving World Cup 2025,Senior Men Platform (Final),Final,WA-b3a55c17-a62c-433a-8b56-2e322524cf2c,CHENG,Zilong,1,511.1,CHN,CHN,CHN,2025,World-Cup,Senior/Open,Senior,Male,Platform,Senior Men Platform,false,false,,,,criteria-simulator/data.js
WA-4783,World Aquatics Diving World Cup 2025,Senior Men Platform (Final),Final,WA-e0568c62-eb22-4c46-8a1a-98dc83ce3c8c,ZHU,Zifeng,2,499.4,CHN,CHN,CHN,2025,World-Cup,Senior/Open,Senior,Male,Platform,Senior Men Platform,false,false,,,,criteria-simulator/data.js
WA-4783,World Aquatics Diving World Cup 2025,Senior Men Platform (Final),Final,WA-ab9ea005-2bd6-4c22-82cf-bbf9275a35f3,SEREDA,Oleksii,3,490.8,UKR,UKR,UKR,2025,World-Cup,Senior/Open,Senior,Male,Platform,Senior Men Platform,false,false,,,,criteria-simulator/data.js
WA-4783,World Aquatics Diving World Cup 2025,Senior Men Platform (Final),Final,WA-608b9f19-6769-487c-8e10-efc2d4dad412,ROUSSEAU,Cassiel,4,490.75,AUS,AUS,AUS,2025,World-Cup,Senior/Open,Senior,Male,Platform,Senior Men Platform,false,false,,,,criteria-simulator/data.js
WA-4783,World Aquatics Diving World Cup 2025,Senior Men Platform (Final),Final,WA-60bc57fa-bec2-48aa-bf6b-3b3fe4bea191,TAMAI,Rikuto,5,465.85,JPN,JPN,JPN,2025,World-Cup,Senior/Open,Senior,Male,Platform,Senior Men Platform,false,false,,,,criteria-simulator/data.js
WA-4783,World Aquatics Diving World Cup 2025,Senior Men Platform (Final),Final,WA-d7d389de-1265-4ece-9fd8-52f62d8cb5d8,HEDBERG,Joshua,6,413.3,USA,USA,USA,2025,World-Cup,Senior/Open,Senior,Male,Platform,Senior Men Platform,false,false,,,,criteria-simulator/data.js
WA-4783,World Aquatics Diving World Cup 2025,Senior Men Platform (Final),Final,WA-f15599d8-6c10-4f2d-90ca-5a832439004e,TESSIER,Benjamin,7,412.25,CAN,CAN,CAN,2025,World-Cup,Senior/Open,Senior,Male,Platform,Senior Men Platform,false,false,,,,criteria-simulator/data.js
WA-4783,World Aquatics Diving World Cup 2025,Senior Men Platform (Final),Final,WA-95823117-9a8d-45ed-8aeb-c69c07b5583a,MYALIN,Igor,8,410.5,UZB,UZB,UZB,2025,World-Cup,Senior/Open,Senior,Male,Platform,Senior Men Platform,false,false,,,,criteria-simulator/data.js
WA-4783,World Aquatics Diving World Cup 2025,Senior Men Platform (Final),Final,WA-00006ce3-63d8-439c-a41b-2ab95bbffdc0,EIKERMANN,GREGORCHUK Jaden Shiloh,9,398.4,GER,GER,GER,2025,World-Cup,Senior/Open,Senior,Male,Platform,Senior Men Platform,false,false,,,,criteria-simulator/data.js
WA-4783,World Aquatics Diving World Cup 2025,Senior Men Platform (Final),Final,WA-2b7dac5a-8afb-409a-a0b2-01e2f99f1d6d,WILLARS,VALDEZ Randal,10,395.2,MEX,MEX,MEX,2025,World-Cup,Senior/Open,Senior,Male,Platform,Senior Men Platform,false,false,,,,criteria-simulator/data.js
WA-4783,World Aquatics Diving World Cup 2025,Senior Men Platform (Final),Final,WA-01fd576f-d13f-4279-9dca-7bd481d8344f,CULLEN,Matt,11,374.7,CAN,CAN,CAN,2025,World-Cup,Senior/Open,Senior,Male,Platform,Senior Men Platform,false,false,,,,criteria-simulator/data.js
WA-4783,World Aquatics Diving World Cup 2025,Senior Men Platform (Final),Final,WA-0c1c8461-4f28-472f-aa1e-fe290feef36b,RODRIGUEZ,LEDESMA Jorge,12,358.0,ESP,ESP,ESP,2025,World-Cup,Senior/Open,Senior,Male,Platform,Senior Men Platform,false,false,,,,criteria-simulator/data.js
WA-4783,World Aquatics Diving World Cup 2025,Senior Men Platform (Prelim),Prelim,WA-ab9ea005-2bd6-4c22-82cf-bbf9275a35f3,SEREDA,Oleksii,1,453.8,UKR,UKR,UKR,2025,World-Cup,Senior/Open,Senior,Male,Platform,Senior Men Platform,false,false,,,,criteria-simulator/data.js
WA-4783,World Aquatics Diving World Cup 2025,Senior Men Platform (Prelim),Prelim,WA-b3a55c17-a62c-433a-8b56-2e322524cf2c,CHENG,Zilong,2,443.15,CHN,CHN,CHN,2025,World-Cup,Senior/Open,Senior,Male,Platform,Senior Men Platform,false,false,,,,criteria-simulator/data.js
WA-4783,World Aquatics Diving World Cup 2025,Senior Men Platform (Prelim),Prelim,WA-60bc57fa-bec2-48aa-bf6b-3b3fe4bea191,TAMAI,Rikuto,3,432.35,JPN,JPN,JPN,2025,World-Cup,Senior/Open,Senior,Male,Platform,Senior Men Platform,false,false,,,,criteria-simulator/data.js
WA-4783,World Aquatics Diving World Cup 2025,Senior Men Platform (Prelim),Prelim,WA-2b7dac5a-8afb-409a-a0b2-01e2f99f1d6d,WILLARS,VALDEZ Randal,4,426.2,MEX,MEX,MEX,2025,World-Cup,Senior/Open,Senior,Male,Platform,Senior Men Platform,false,false,,,,criteria-simulator/data.js
WA-4783,World Aquatics Diving World Cup 2025,Senior Men Platform (Prelim),Prelim,WA-00006ce3-63d8-439c-a41b-2ab95bbffdc0,EIKERMANN,GREGORCHUK Jaden Shiloh,5,410.85,GER,GER,GER,2025,World-Cup,Senior/Open,Senior,Male,Platform,Senior Men Platform,false,false,,,,criteria-simulator/data.js
WA-4783,World Aquatics Diving World Cup 2025,Senior Men Platform (Prelim),Prelim,WA-608b9f19-6769-487c-8e10-efc2d4dad412,ROUSSEAU,Cassiel,6,407.25,AUS,AUS,AUS,2025,World-Cup,Senior/Open,Senior,Male,Platform,Senior Men Platform,false,false,,,,criteria-simulator/data.js
WA-4783,World Aquatics Diving World Cup 2025,Senior Men Platform (Prelim),Prelim,WA-e0568c62-eb22-4c46-8a1a-98dc83ce3c8c,ZHU,Zifeng,7,406.65,CHN,CHN,CHN,2025,World-Cup,Senior/Open,Senior,Male,Platform,Senior Men Platform,false,false,,,,criteria-simulator/data.js
WA-4783,World Aquatics Diving World Cup 2025,Senior Men Platform (Prelim),Prelim,WA-f15599d8-6c10-4f2d-90ca-5a832439004e,TESSIER,Benjamin,8,392.45,CAN,CAN,CAN,2025,World-Cup,Senior/Open,Senior,Male,Platform,Senior Men Platform,false,false,,,,criteria-simulator/data.js
WA-4783,World Aquatics Diving World Cup 2025,Senior Men Platform (Prelim),Prelim,WA-d7d389de-1265-4ece-9fd8-52f62d8cb5d8,HEDBERG,Joshua,9,390.65,USA,USA,USA,2025,World-Cup,Senior/Open,Senior,Male,Platform,Senior Men Platform,false,false,,,,criteria-simulator/data.js
WA-4783,World Aquatics Diving World Cup 2025,Senior Men Platform (Prelim),Prelim,WA-01fd576f-d13f-4279-9dca-7bd481d8344f,CULLEN,Matt,10,390.0,CAN,CAN,CAN,2025,World-Cup,Senior/Open,Senior,Male,Platform,Senior Men Platform,false,false,,,,criteria-simulator/data.js
WA-4783,World Aquatics Diving World Cup 2025,Senior Men Platform (Prelim),Prelim,WA-0c1c8461-4f28-472f-aa1e-fe290feef36b,RODRIGUEZ,LEDESMA Jorge,11,385.95,ESP,ESP,ESP,2025,World-Cup,Senior/Open,Senior,Male,Platform,Senior Men Platform,false,false,,,,criteria-simulator/data.js
WA-4783,World Aquatics Diving World Cup 2025,Senior Men Platform (Prelim),Prelim,WA-95823117-9a8d-45ed-8aeb-c69c07b5583a,MYALIN,Igor,12,381.8,UZB,UZB,UZB,2025,World-Cup,Senior/Open,Senior,Male,Platform,Senior Men Platform,false,false,,,,criteria-simulator/data.js
WA-4783,World Aquatics Diving World Cup 2025,Senior Men Platform (Prelim),Prelim,WA-d35c8c0a-ed27-4808-9037-dd1f689164f4,BOWSHIRE,Jaxon,13,379.7,AUS,AUS,AUS,2025,World-Cup,Senior/Open,Senior,Male,Platform,Senior Men Platform,false,false,,,,criteria-simulator/data.js
WA-4783,World Aquatics Diving World Cup 2025,Senior Men Platform (Prelim),Prelim,WA-e298a2f7-2576-496f-9d5f-5254d22141f0,BERLIN,REYES Kevin,14,371.3,MEX,MEX,MEX,2025,World-Cup,Senior/Open,Senior,Male,Platform,Senior Men Platform,false,false,,,,criteria-simulator/data.js
WA-4783,World Aquatics Diving World Cup 2025,Senior Men Platform (Prelim),Prelim,WA-85bb14fc-c76d-45c4-8935-e77d273002a7,ROSLER,Ole Johannes,15,367.8,GER,GER,GER,2025,World-Cup,Senior/Open,Senior,Male,Platform,Senior Men Platform,false,false,,,,criteria-simulator/data.js
WA-4783,World Aquatics Diving World Cup 2025,Senior Men Platform (Prelim),Prelim,WA-c4d3c2ec-3399-47d1-8135-c709edc3cb34,CAMACHO,DEL HOYO Carlos,16,361.15,ESP,ESP,ESP,2025,World-Cup,Senior/Open,Senior,Male,Platform,Senior Men Platform,false,false,,,,criteria-simulator/data.js
WA-4783,World Aquatics Diving World Cup 2025,Senior Men Platform (Prelim),Prelim,WA-209ad056-b688-4a4e-b78a-439614c8ccd1,HRYTSENKO,Mark,17,360.55,UKR,UKR,UKR,2025,World-Cup,Senior/Open,Senior,Male,Platform,Senior Men Platform,false,false,,,,criteria-simulator/data.js
WA-4783,World Aquatics Diving World Cup 2025,Senior Men Platform (Prelim),Prelim,WA-410c0356-2f6b-42f1-a3e6-3d76aa5b080b,LOTFI,Dariush,18,341.85,AUT,AUT,AUT,2025,World-Cup,Senior/Open,Senior,Male,Platform,Senior Men Platform,false,false,,,,criteria-simulator/data.js
WA-4783,World Aquatics Diving World Cup 2025,Senior Men Platform (Prelim),Prelim,WA-82fe3d83-82d9-4d7c-a052-68e5490af75d,GIOVANNINI,Riccardo,19,322.7,ITA,ITA,ITA,2025,World-Cup,Senior/Open,Senior,Male,Platform,Senior Men Platform,false,false,,,,criteria-simulator/data.js
WA-4783,World Aquatics Diving World Cup 2025,Senior Men Platform (Prelim),Prelim,WA-f48d8866-1f4e-4155-9271-c5b396e2c4f1,SHIN,Jungwhi,20,308.0,KOR,KOR,KOR,2025,World-Cup,Senior/Open,Senior,Male,Platform,Senior Men Platform,false,false,,,,criteria-simulator/data.js
WA-4783,World Aquatics Diving World Cup 2025,Senior Men Synchronized 3m (Final),Final,WA-7b0fa619-efd1-4431-8d7a-430129cb1b13-3abd8d45-1c15-4bf9-94c8-7ebc1f3ec42e-1-CHN-1,ZHENG,Jiuyuan / HU Yukang,1,388.05,CHN,CHN,CHN,2025,World-Cup,Senior/Open,Senior,Male,Synchro-3m,Synchro Senior Men Synchro-3m,true,false,,,,criteria-simulator/data.js
WA-4783,World Aquatics Diving World Cup 2025,Senior Men Synchronized 3m (Final),Final,WA-7b0fa619-efd1-4431-8d7a-430129cb1b13-3abd8d45-1c15-4bf9-94c8-7ebc1f3ec42e-2-MEX-2,OLVERA,IBARRA Osmar / CELAYA HERNANDEZ Juan Manuel,2,381.72,MEX,MEX,MEX,2025,World-Cup,Senior/Open,Senior,Male,Synchro-3m,Synchro Senior Men Synchro-3m,true,false,,,,criteria-simulator/data.js
WA-4783,World Aquatics Diving World Cup 2025,Senior Men Synchronized 3m (Final),Final,WA-7b0fa619-efd1-4431-8d7a-430129cb1b13-3abd8d45-1c15-4bf9-94c8-7ebc1f3ec42e-3-USA-3,RYAN,Jack / HENNINGER Quentin,3,374.73,USA,USA,USA,2025,World-Cup,Senior/Open,Senior,Male,Synchro-3m,Synchro Senior Men Synchro-3m,true,false,,,,criteria-simulator/data.js
WA-4783,World Aquatics Diving World Cup 2025,Senior Men Synchronized 3m (Final),Final,WA-7b0fa619-efd1-4431-8d7a-430129cb1b13-3abd8d45-1c15-4bf9-94c8-7ebc1f3ec42e-4-FRA-4,BOUYER,Jules / BISCH Gwendal,4,372.42,FRA,FRA,FRA,2025,World-Cup,Senior/Open,Senior,Male,Synchro-3m,Synchro Senior Men Synchro-3m,true,false,,,,criteria-simulator/data.js
WA-4783,World Aquatics Diving World Cup 2025,Senior Men Synchronized 3m (Final),Final,WA-7b0fa619-efd1-4431-8d7a-430129cb1b13-3abd8d45-1c15-4bf9-94c8-7ebc1f3ec42e-5-GER-5,WESEMANN,Moritz / BARTHEL Timo,5,371.43,GER,GER,GER,2025,World-Cup,Senior/Open,Senior,Male,Synchro-3m,Synchro Senior Men Synchro-3m,true,false,,,,criteria-simulator/data.js
WA-4783,World Aquatics Diving World Cup 2025,Senior Men Synchronized 3m (Final),Final,WA-7b0fa619-efd1-4431-8d7a-430129cb1b13-3abd8d45-1c15-4bf9-94c8-7ebc1f3ec42e-6-GBR-6,HARDING,Anthony / LAUGHER Jack,6,370.95,GBR,GBR,GBR,2025,World-Cup,Senior/Open,Senior,Male,Synchro-3m,Synchro Senior Men Synchro-3m,true,false,,,,criteria-simulator/data.js
WA-4783,World Aquatics Diving World Cup 2025,Senior Men Synchronized 3m (Final),Final,WA-7b0fa619-efd1-4431-8d7a-430129cb1b13-3abd8d45-1c15-4bf9-94c8-7ebc1f3ec42e-7-UKR-7,BOLIUKH,Kirill / OLIFERCHYK Stanislav,7,356.85,UKR,UKR,UKR,2025,World-Cup,Senior/Open,Senior,Male,Synchro-3m,Synchro Senior Men Synchro-3m,true,false,,,,criteria-simulator/data.js
WA-4783,World Aquatics Diving World Cup 2025,Senior Men Synchronized 3m (Final),Final,WA-7b0fa619-efd1-4431-8d7a-430129cb1b13-3abd8d45-1c15-4bf9-94c8-7ebc1f3ec42e-8-NZL-8,STONE,Liam / TAVENER Frazer,8,350.85,NZL,NZL,NZL,2025,World-Cup,Senior/Open,Senior,Male,Synchro-3m,Synchro Senior Men Synchro-3m,true,false,,,,criteria-simulator/data.js
WA-4783,World Aquatics Diving World Cup 2025,Senior Men Synchronized 3m (Final),Final,WA-7b0fa619-efd1-4431-8d7a-430129cb1b13-3abd8d45-1c15-4bf9-94c8-7ebc1f3ec42e-9-ESP-9,LINAN,Max / CORTES ZAPATA Juan Pablo,9,343.62,ESP,ESP,ESP,2025,World-Cup,Senior/Open,Senior,Male,Synchro-3m,Synchro Senior Men Synchro-3m,true,false,,,,criteria-simulator/data.js
WA-4783,World Aquatics Diving World Cup 2025,Senior Men Synchronized 3m (Final),Final,WA-7b0fa619-efd1-4431-8d7a-430129cb1b13-3abd8d45-1c15-4bf9-94c8-7ebc1f3ec42e-10-CRO-10,MARTINOVIC,Luka / NEVESCANIN Matej,10,339.96,CRO,CRO,CRO,2025,World-Cup,Senior/Open,Senior,Male,Synchro-3m,Synchro Senior Men Synchro-3m,true,false,,,,criteria-simulator/data.js
WA-4783,World Aquatics Diving World Cup 2025,Senior Men Synchronized 3m (Final),Final,WA-7b0fa619-efd1-4431-8d7a-430129cb1b13-3abd8d45-1c15-4bf9-94c8-7ebc1f3ec42e-11-ITA-11,SANTORO,Matteo / BELOTTI Stefano,11,339.6,ITA,ITA,ITA,2025,World-Cup,Senior/Open,Senior,Male,Synchro-3m,Synchro Senior Men Synchro-3m,true,false,,,,criteria-simulator/data.js
WA-4783,World Aquatics Diving World Cup 2025,Senior Men Synchronized 3m (Final),Final,WA-7b0fa619-efd1-4431-8d7a-430129cb1b13-3abd8d45-1c15-4bf9-94c8-7ebc1f3ec42e-12-KOR-12,YI,Jaegyeong / WOO Haram,12,317.79,KOR,KOR,KOR,2025,World-Cup,Senior/Open,Senior,Male,Synchro-3m,Synchro Senior Men Synchro-3m,true,false,,,,criteria-simulator/data.js
WA-4783,World Aquatics Diving World Cup 2025,Senior Men Synchronized Platform (Final),Final,WA-f34ead5e-9974-4c1b-ada6-90799cb50ced-3abd8d45-1c15-4bf9-94c8-7ebc1f3ec42e-1-CHN-1,CHENG,Zilong / ZHU Zifeng,1,437.25,CHN,CHN,CHN,2025,World-Cup,Senior/Open,Senior,Male,Synchro-Platform,Synchro Senior Men Synchro-Platform,true,false,,,,criteria-simulator/data.js
WA-4783,World Aquatics Diving World Cup 2025,Senior Men Synchronized Platform (Final),Final,WA-f34ead5e-9974-4c1b-ada6-90799cb50ced-3abd8d45-1c15-4bf9-94c8-7ebc1f3ec42e-2-USA-2,HEDBERG,Joshua / TYLER Carson,2,387.9,USA,USA,USA,2025,World-Cup,Senior/Open,Senior,Male,Synchro-Platform,Synchro Senior Men Synchro-Platform,true,false,,,,criteria-simulator/data.js
WA-4783,World Aquatics Diving World Cup 2025,Senior Men Synchronized Platform (Final),Final,WA-f34ead5e-9974-4c1b-ada6-90799cb50ced-3abd8d45-1c15-4bf9-94c8-7ebc1f3ec42e-3-CAN-3,CULLEN,Matt / TESSIER Benjamin,3,381.15,CAN,CAN,CAN,2025,World-Cup,Senior/Open,Senior,Male,Synchro-Platform,Synchro Senior Men Synchro-Platform,true,false,,,,criteria-simulator/data.js
WA-4783,World Aquatics Diving World Cup 2025,Senior Men Synchronized Platform (Final),Final,WA-f34ead5e-9974-4c1b-ada6-90799cb50ced-3abd8d45-1c15-4bf9-94c8-7ebc1f3ec42e-4-GER-4,PRENZYNA,Espen / ROSLER Ole Johannes,4,380.04,GER,GER,GER,2025,World-Cup,Senior/Open,Senior,Male,Synchro-Platform,Synchro Senior Men Synchro-Platform,true,false,,,,criteria-simulator/data.js
WA-4783,World Aquatics Diving World Cup 2025,Senior Men Synchronized Platform (Final),Final,WA-f34ead5e-9974-4c1b-ada6-90799cb50ced-3abd8d45-1c15-4bf9-94c8-7ebc1f3ec42e-5-UKR-5,SEREDA,Oleksii / HRYTSENKO Mark,5,375.81,UKR,UKR,UKR,2025,World-Cup,Senior/Open,Senior,Male,Synchro-Platform,Synchro Senior Men Synchro-Platform,true,false,,,,criteria-simulator/data.js
WA-4783,World Aquatics Diving World Cup 2025,Senior Men Synchronized Platform (Final),Final,WA-f34ead5e-9974-4c1b-ada6-90799cb50ced-3abd8d45-1c15-4bf9-94c8-7ebc1f3ec42e-6-MEX-6,BERLIN,REYES Kevin / WILLARS VALDEZ Randal,6,356.46,MEX,MEX,MEX,2025,World-Cup,Senior/Open,Senior,Male,Synchro-Platform,Synchro Senior Men Synchro-Platform,true,false,,,,criteria-simulator/data.js
WA-4783,World Aquatics Diving World Cup 2025,Senior Men Synchronized Platform (Final),Final,WA-f34ead5e-9974-4c1b-ada6-90799cb50ced-3abd8d45-1c15-4bf9-94c8-7ebc1f3ec42e-7-KOR-7,SHIN,Jungwhi / KIM Yeongtaek,7,348.06,KOR,KOR,KOR,2025,World-Cup,Senior/Open,Senior,Male,Synchro-Platform,Synchro Senior Men Synchro-Platform,true,false,,,,criteria-simulator/data.js
WA-4783,World Aquatics Diving World Cup 2025,Senior Men Synchronized Platform (Final),Final,WA-f34ead5e-9974-4c1b-ada6-90799cb50ced-3abd8d45-1c15-4bf9-94c8-7ebc1f3ec42e-8-ESP-8,CARDONA,HERRERO Rodrigo / CAMACHO DEL HOYO Carlos,8,342.18,ESP,ESP,ESP,2025,World-Cup,Senior/Open,Senior,Male,Synchro-Platform,Synchro Senior Men Synchro-Platform,true,false,,,,criteria-simulator/data.js
WA-4783,World Aquatics Diving World Cup 2025,Senior Men Synchronized Platform (Final),Final,WA-f34ead5e-9974-4c1b-ada6-90799cb50ced-3abd8d45-1c15-4bf9-94c8-7ebc1f3ec42e-9-AUS-9,MERCIECA,Jonah / BOWSHIRE Jaxon,9,338.22,AUS,AUS,AUS,2025,World-Cup,Senior/Open,Senior,Male,Synchro-Platform,Synchro Senior Men Synchro-Platform,true,false,,,,criteria-simulator/data.js
WA-4783,World Aquatics Diving World Cup 2025,Senior Men 3m (Final),Final,WA-7d83395a-dd7c-436c-ae8c-33b6c7cc784b-3abd8d45-1c15-4bf9-94c8-7ebc1f3ec42e-1-CHN-1,CHEN,Yuxi / CHENG Zilong / CHEN Yiwen / WANG Zongyuan,1,478.8,CHN,CHN,CHN,2025,World-Cup,Senior/Open,Senior,Mixed,3M,Senior Mixed 3M,false,false,,,,criteria-simulator/data.js
WA-4783,World Aquatics Diving World Cup 2025,Senior Men 3m (Final),Final,WA-7d83395a-dd7c-436c-ae8c-33b6c7cc784b-3abd8d45-1c15-4bf9-94c8-7ebc1f3ec42e-2-MEX-2,AGUNDEZ,GARCIA Gabriela / OLVERA IBARRA Osmar / CUEVA LOBATO Mia Zazil / WILLARS VALDEZ Randal,2,412.7,MEX,MEX,MEX,2025,World-Cup,Senior/Open,Senior,Mixed,3M,Senior Mixed 3M,false,false,,,,criteria-simulator/data.js
WA-4783,World Aquatics Diving World Cup 2025,Senior Men 3m (Final),Final,WA-7d83395a-dd7c-436c-ae8c-33b6c7cc784b-3abd8d45-1c15-4bf9-94c8-7ebc1f3ec42e-3-ITA-3,PELLACANI,Chiara / GIOVANNINI Riccardo / SANTORO Matteo / JODOIN DI MARIA Sarah,3,402.45,ITA,ITA,ITA,2025,World-Cup,Senior/Open,Senior,Mixed,3M,Senior Mixed 3M,false,false,,,,criteria-simulator/data.js
WA-4783,World Aquatics Diving World Cup 2025,Senior Men 3m (Final),Final,WA-7d83395a-dd7c-436c-ae8c-33b6c7cc784b-3abd8d45-1c15-4bf9-94c8-7ebc1f3ec42e-4-AUS-4,KEENEY,Maddison / ROUSSEAU Cassiel / COLE Ellie / SKINNER Hudson,4,392.15,AUS,AUS,AUS,2025,World-Cup,Senior/Open,Senior,Mixed,3M,Senior Mixed 3M,false,false,,,,criteria-simulator/data.js
WA-4783,World Aquatics Diving World Cup 2025,Senior Men 3m (Final),Final,WA-7d83395a-dd7c-436c-ae8c-33b6c7cc784b-3abd8d45-1c15-4bf9-94c8-7ebc1f3ec42e-5-USA-5,GUTCH,Lanie / RYAN Jack / VERZYL Sophia / TYLER Carson,5,385.85,USA,USA,USA,2025,World-Cup,Senior/Open,Senior,Mixed,3M,Senior Mixed 3M,false,false,,,,criteria-simulator/data.js
WA-4783,World Aquatics Diving World Cup 2025,Senior Men 3m (Final),Final,WA-7d83395a-dd7c-436c-ae8c-33b6c7cc784b-3abd8d45-1c15-4bf9-94c8-7ebc1f3ec42e-6-GER-6,MULLER,Jette / PFEIF Pauline Alexandra / WESEMANN Moritz / EIKERMANN GREGORCHUK Jaden Shiloh,6,371.05,GER,GER,GER,2025,World-Cup,Senior/Open,Senior,Mixed,3M,Senior Mixed 3M,false,false,,,,criteria-simulator/data.js
WA-4783,World Aquatics Diving World Cup 2025,Senior Men 3m (Final),Final,WA-7d83395a-dd7c-436c-ae8c-33b6c7cc784b-3abd8d45-1c15-4bf9-94c8-7ebc1f3ec42e-7-KOR-7,MOON,Nayun / KIM Yeongtaek / JUNG Dayeon,7,333.9,KOR,KOR,KOR,2025,World-Cup,Senior/Open,Senior,Mixed,3M,Senior Mixed 3M,false,false,,,,criteria-simulator/data.js
WA-4783,World Aquatics Diving World Cup 2025,Senior Men 3m (Final),Final,WA-7d83395a-dd7c-436c-ae8c-33b6c7cc784b-3abd8d45-1c15-4bf9-94c8-7ebc1f3ec42e-8-CAN-8,TESSIER,Benjamin / PAUL Carson / FUNG Katelyn / VALLEE Mia,8,333.1,CAN,CAN,CAN,2025,World-Cup,Senior/Open,Senior,Mixed,3M,Senior Mixed 3M,false,false,,,,criteria-simulator/data.js
WA-4783,World Aquatics Diving World Cup 2025,Senior Men 3m (Final),Final,WA-7d83395a-dd7c-436c-ae8c-33b6c7cc784b-3abd8d45-1c15-4bf9-94c8-7ebc1f3ec42e-9-ESP-9,CORTES,ZAPATA Juan Pablo / CARVAJAL Ana / CAMACHO DEL HOYO Carlos / ANTOLINO Valeria,9,311.05,ESP,ESP,ESP,2025,World-Cup,Senior/Open,Senior,Mixed,3M,Senior Mixed 3M,false,false,,,,criteria-simulator/data.js
WA-4784,World Aquatics Diving World Cup 2025 - Super Final,Senior Women 3m (Final),Final,WA-29edadbb-b4d0-450d-924a-0fd71d0aa8b0,CHEN,Jia,1,382.05,CHN,CHN,CHN,2025,World-Cup,Senior/Open,Senior,Female,3M,Senior Women 3M,false,false,,,,criteria-simulator/data.js
WA-4784,World Aquatics Diving World Cup 2025 - Super Final,Senior Women 3m (Final),Final,WA-6dafbcbb-ef90-4cf4-b5f5-23134da47c96,CHEN,Yiwen,2,368.4,CHN,CHN,CHN,2025,World-Cup,Senior/Open,Senior,Female,3M,Senior Women 3M,false,false,,,,criteria-simulator/data.js
WA-4784,World Aquatics Diving World Cup 2025 - Super Final,Senior Women 3m (Final),Final,WA-368575e4-e59c-4391-8f3a-11a27ecd0886,KEENEY,Maddison,3,359.15,AUS,AUS,AUS,2025,World-Cup,Senior/Open,Senior,Female,3M,Senior Women 3M,false,false,,,,criteria-simulator/data.js
WA-4784,World Aquatics Diving World Cup 2025 - Super Final,Senior Women 3m (Final),Final,WA-cf176875-fdaa-4754-9fc4-16c6e151df5d,PELLACANI,Chiara,4,291.6,ITA,ITA,ITA,2025,World-Cup,Senior/Open,Senior,Female,3M,Senior Women 3M,false,false,,,,criteria-simulator/data.js
WA-4784,World Aquatics Diving World Cup 2025 - Super Final,Senior Women 3m (Semifinal),Semifinal,WA-6dafbcbb-ef90-4cf4-b5f5-23134da47c96,CHEN,Yiwen,1,376.05,CHN,CHN,CHN,2025,World-Cup,Senior/Open,Senior,Female,3M,Senior Women 3M,false,false,,,,criteria-simulator/data.js
WA-4784,World Aquatics Diving World Cup 2025 - Super Final,Senior Women 3m (Semifinal),Semifinal,WA-29edadbb-b4d0-450d-924a-0fd71d0aa8b0,CHEN,Jia,1,353.55,CHN,CHN,CHN,2025,World-Cup,Senior/Open,Senior,Female,3M,Senior Women 3M,false,false,,,,criteria-simulator/data.js
WA-4784,World Aquatics Diving World Cup 2025 - Super Final,Senior Women 3m (Semifinal),Semifinal,WA-368575e4-e59c-4391-8f3a-11a27ecd0886,KEENEY,Maddison,2,355.65,AUS,AUS,AUS,2025,World-Cup,Senior/Open,Senior,Female,3M,Senior Women 3M,false,false,,,,criteria-simulator/data.js
WA-4784,World Aquatics Diving World Cup 2025 - Super Final,Senior Women 3m (Semifinal),Semifinal,WA-cf176875-fdaa-4754-9fc4-16c6e151df5d,PELLACANI,Chiara,2,315.65,ITA,ITA,ITA,2025,World-Cup,Senior/Open,Senior,Female,3M,Senior Women 3M,false,false,,,,criteria-simulator/data.js
WA-4784,World Aquatics Diving World Cup 2025 - Super Final,Senior Women 3m (Semifinal),Semifinal,WA-08d49b2c-df61-400e-92f4-9e2aed221075,VALLEE,Mia,3,305.1,CAN,CAN,CAN,2025,World-Cup,Senior/Open,Senior,Female,3M,Senior Women 3M,false,false,,,,criteria-simulator/data.js
WA-4784,World Aquatics Diving World Cup 2025 - Super Final,Senior Women 3m (Semifinal),Semifinal,WA-f8c22435-17b2-4a9a-aad2-a6eab903e36e,MIKAMI,Sayaka,3,308.3,JPN,JPN,JPN,2025,World-Cup,Senior/Open,Senior,Female,3M,Senior Women 3M,false,false,,,,criteria-simulator/data.js
WA-4784,World Aquatics Diving World Cup 2025 - Super Final,Senior Women 3m (Prelim),Prelim,WA-368575e4-e59c-4391-8f3a-11a27ecd0886,KEENEY,Maddison,1,232.65,AUS,AUS,AUS,2025,World-Cup,Senior/Open,Senior,Female,3M,Senior Women 3M,false,false,,,,criteria-simulator/data.js
WA-4784,World Aquatics Diving World Cup 2025 - Super Final,Senior Women 3m (Prelim),Prelim,WA-29edadbb-b4d0-450d-924a-0fd71d0aa8b0,CHEN,Jia,2,223.05,CHN,CHN,CHN,2025,World-Cup,Senior/Open,Senior,Female,3M,Senior Women 3M,false,false,,,,criteria-simulator/data.js
WA-4784,World Aquatics Diving World Cup 2025 - Super Final,Senior Women 3m (Prelim),Prelim,WA-6dafbcbb-ef90-4cf4-b5f5-23134da47c96,CHEN,Yiwen,3,220.5,CHN,CHN,CHN,2025,World-Cup,Senior/Open,Senior,Female,3M,Senior Women 3M,false,false,,,,criteria-simulator/data.js
WA-4784,World Aquatics Diving World Cup 2025 - Super Final,Senior Women 3m (Prelim),Prelim,WA-f8c22435-17b2-4a9a-aad2-a6eab903e36e,MIKAMI,Sayaka,4,201.8,JPN,JPN,JPN,2025,World-Cup,Senior/Open,Senior,Female,3M,Senior Women 3M,false,false,,,,criteria-simulator/data.js
WA-4784,World Aquatics Diving World Cup 2025 - Super Final,Senior Women 3m (Prelim),Prelim,WA-cf176875-fdaa-4754-9fc4-16c6e151df5d,PELLACANI,Chiara,5,195.65,ITA,ITA,ITA,2025,World-Cup,Senior/Open,Senior,Female,3M,Senior Women 3M,false,false,,,,criteria-simulator/data.js
WA-4784,World Aquatics Diving World Cup 2025 - Super Final,Senior Women 3m (Prelim),Prelim,WA-08d49b2c-df61-400e-92f4-9e2aed221075,VALLEE,Mia,6,195.6,CAN,CAN,CAN,2025,World-Cup,Senior/Open,Senior,Female,3M,Senior Women 3M,false,false,,,,criteria-simulator/data.js
WA-4784,World Aquatics Diving World Cup 2025 - Super Final,Senior Women 3m (Prelim),Prelim,WA-332fb9f9-ca44-4b1d-b738-18838821f2f9,VERZYL,Sophia,7,194.6,USA,USA,USA,2025,World-Cup,Senior/Open,Senior,Female,3M,Senior Women 3M,false,false,,,,criteria-simulator/data.js
WA-4784,World Aquatics Diving World Cup 2025 - Super Final,Senior Women 3m (Prelim),Prelim,WA-8461470d-e119-4e0f-844e-581c703d36cf,KOLOI,Alysha,8,188.0,AUS,AUS,AUS,2025,World-Cup,Senior/Open,Senior,Female,3M,Senior Women 3M,false,false,,,,criteria-simulator/data.js
WA-4784,World Aquatics Diving World Cup 2025 - Super Final,Senior Women 3m (Prelim),Prelim,WA-8b3f873b-7d50-4a6a-86f4-8fe1fd0ed279,CUEVA,LOBATO Lia Yatzil,9,183.45,MEX,MEX,MEX,2025,World-Cup,Senior/Open,Senior,Female,3M,Senior Women 3M,false,false,,,,criteria-simulator/data.js
WA-4784,World Aquatics Diving World Cup 2025 - Super Final,Senior Women 3m (Prelim),Prelim,WA-2a08e85f-37c1-4589-b41b-0457f0e97fe6,GARCIA,NAVARRO Anisley,10,171.9,CUB,CUB,CUB,2025,World-Cup,Senior/Open,Senior,Female,3M,Senior Women 3M,false,false,,,,criteria-simulator/data.js
WA-4784,World Aquatics Diving World Cup 2025 - Super Final,Senior Women 3m (Prelim),Prelim,WA-eda28461-e971-4700-a74a-ccdcb723094a,PIZZINI,Elisa,11,169.5,ITA,ITA,ITA,2025,World-Cup,Senior/Open,Senior,Female,3M,Senior Women 3M,false,false,,,,criteria-simulator/data.js
WA-4784,World Aquatics Diving World Cup 2025 - Super Final,Senior Women 3m (Prelim),Prelim,WA-1b83c525-26a3-4a63-8ebb-6a6d337427f5,JASMIN,Amelie-Laura,12,159.3,CAN,CAN,CAN,2025,World-Cup,Senior/Open,Senior,Female,3M,Senior Women 3M,false,false,,,,criteria-simulator/data.js
WA-4784,World Aquatics Diving World Cup 2025 - Super Final,Senior Women Platform (Final),Final,WA-793b142a-8f02-4f14-9d92-62a48b72dc92,CHEN,Yuxi,1,431.25,CHN,CHN,CHN,2025,World-Cup,Senior/Open,Senior,Female,Platform,Senior Women Platform,false,false,,,,criteria-simulator/data.js
WA-4784,World Aquatics Diving World Cup 2025 - Super Final,Senior Women Platform (Final),Final,WA-e8b7220b-65e1-4506-98d0-84de3367b15b,QUAN,Hongchan,2,409.8,CHN,CHN,CHN,2025,World-Cup,Senior/Open,Senior,Female,Platform,Senior Women Platform,false,false,,,,criteria-simulator/data.js
WA-4784,World Aquatics Diving World Cup 2025 - Super Final,Senior Women Platform (Final),Final,WA-1047093a-62d7-4423-9f7d-4cad25542eae,ESTUDILLO,TORRES Alejandra,3,332.7,MEX,MEX,MEX,2025,World-Cup,Senior/Open,Senior,Female,Platform,Senior Women Platform,false,false,,,,criteria-simulator/data.js
WA-4784,World Aquatics Diving World Cup 2025 - Super Final,Senior Women Platform (Final),Final,WA-3fdd3244-1171-49f9-911c-31962a22d1cc,SPENDOLINI,SIRIEIX Andrea,4,324.8,GBR,GBR,GBR,2025,World-Cup,Senior/Open,Senior,Female,Platform,Senior Women Platform,false,false,,,,criteria-simulator/data.js
WA-4784,World Aquatics Diving World Cup 2025 - Super Final,Senior Women Platform (Semifinal),Semifinal,WA-e8b7220b-65e1-4506-98d0-84de3367b15b,QUAN,Hongchan,1,399.25,CHN,CHN,CHN,2025,World-Cup,Senior/Open,Senior,Female,Platform,Senior Women Platform,false,false,,,,criteria-simulator/data.js
WA-4784,World Aquatics Diving World Cup 2025 - Super Final,Senior Women Platform (Semifinal),Semifinal,WA-793b142a-8f02-4f14-9d92-62a48b72dc92,CHEN,Yuxi,1,432.15,CHN,CHN,CHN,2025,World-Cup,Senior/Open,Senior,Female,Platform,Senior Women Platform,false,false,,,,criteria-simulator/data.js
WA-4784,World Aquatics Diving World Cup 2025 - Super Final,Senior Women Platform (Semifinal),Semifinal,WA-3fdd3244-1171-49f9-911c-31962a22d1cc,SPENDOLINI,SIRIEIX Andrea,2,343.8,GBR,GBR,GBR,2025,World-Cup,Senior/Open,Senior,Female,Platform,Senior Women Platform,false,false,,,,criteria-simulator/data.js
WA-4784,World Aquatics Diving World Cup 2025 - Super Final,Senior Women Platform (Semifinal),Semifinal,WA-1047093a-62d7-4423-9f7d-4cad25542eae,ESTUDILLO,TORRES Alejandra,2,313.65,MEX,MEX,MEX,2025,World-Cup,Senior/Open,Senior,Female,Platform,Senior Women Platform,false,false,,,,criteria-simulator/data.js
WA-4784,World Aquatics Diving World Cup 2025 - Super Final,Senior Women Platform (Semifinal),Semifinal,WA-b9f0e0e9-e11d-4b78-bf5a-b7c186cd1b8f,COLE,Ellie,3,331.5,AUS,AUS,AUS,2025,World-Cup,Senior/Open,Senior,Female,Platform,Senior Women Platform,false,false,,,,criteria-simulator/data.js
WA-4784,World Aquatics Diving World Cup 2025 - Super Final,Senior Women Platform (Semifinal),Semifinal,WA-4fc41b34-d467-48c1-a8c7-83dfb407758b,JODOIN,DI MARIA Sarah,3,310.75,ITA,ITA,ITA,2025,World-Cup,Senior/Open,Senior,Female,Platform,Senior Women Platform,false,false,,,,criteria-simulator/data.js
WA-4784,World Aquatics Diving World Cup 2025 - Super Final,Senior Women Platform (Prelim),Prelim,WA-e8b7220b-65e1-4506-98d0-84de3367b15b,QUAN,Hongchan,1,261.5,CHN,CHN,CHN,2025,World-Cup,Senior/Open,Senior,Female,Platform,Senior Women Platform,false,false,,,,criteria-simulator/data.js
WA-4784,World Aquatics Diving World Cup 2025 - Super Final,Senior Women Platform (Prelim),Prelim,WA-793b142a-8f02-4f14-9d92-62a48b72dc92,CHEN,Yuxi,2,258.25,CHN,CHN,CHN,2025,World-Cup,Senior/Open,Senior,Female,Platform,Senior Women Platform,false,false,,,,criteria-simulator/data.js
WA-4784,World Aquatics Diving World Cup 2025 - Super Final,Senior Women Platform (Prelim),Prelim,WA-4fc41b34-d467-48c1-a8c7-83dfb407758b,JODOIN,DI MARIA Sarah,3,203.4,ITA,ITA,ITA,2025,World-Cup,Senior/Open,Senior,Female,Platform,Senior Women Platform,false,false,,,,criteria-simulator/data.js
WA-4784,World Aquatics Diving World Cup 2025 - Super Final,Senior Women Platform (Prelim),Prelim,WA-3fdd3244-1171-49f9-911c-31962a22d1cc,SPENDOLINI,SIRIEIX Andrea,4,202.6,GBR,GBR,GBR,2025,World-Cup,Senior/Open,Senior,Female,Platform,Senior Women Platform,false,false,,,,criteria-simulator/data.js
WA-4784,World Aquatics Diving World Cup 2025 - Super Final,Senior Women Platform (Prelim),Prelim,WA-b9f0e0e9-e11d-4b78-bf5a-b7c186cd1b8f,COLE,Ellie,5,197.1,AUS,AUS,AUS,2025,World-Cup,Senior/Open,Senior,Female,Platform,Senior Women Platform,false,false,,,,criteria-simulator/data.js
WA-4784,World Aquatics Diving World Cup 2025 - Super Final,Senior Women Platform (Prelim),Prelim,WA-1047093a-62d7-4423-9f7d-4cad25542eae,ESTUDILLO,TORRES Alejandra,6,194.85,MEX,MEX,MEX,2025,World-Cup,Senior/Open,Senior,Female,Platform,Senior Women Platform,false,false,,,,criteria-simulator/data.js
WA-4784,World Aquatics Diving World Cup 2025 - Super Final,Senior Women Platform (Prelim),Prelim,WA-71064397-f02c-4bc3-8b93-3901138e8989,HINGSTON,Laura,7,184.3,AUS,AUS,AUS,2025,World-Cup,Senior/Open,Senior,Female,Platform,Senior Women Platform,false,false,,,,criteria-simulator/data.js
WA-4784,World Aquatics Diving World Cup 2025 - Super Final,Senior Women Platform (Prelim),Prelim,WA-deb5d9e0-4920-49ee-8e0f-c0c93027b9e0,HALLIFAX,Emily,8,178.0,FRA,FRA,FRA,2025,World-Cup,Senior/Open,Senior,Female,Platform,Senior Women Platform,false,false,,,,criteria-simulator/data.js
WA-4784,World Aquatics Diving World Cup 2025 - Super Final,Senior Women Platform (Prelim),Prelim,WA-ff9ec12a-24a3-448e-b6e4-bf2f1c43b1bf,GILLET,Jade,9,175.3,FRA,FRA,FRA,2025,World-Cup,Senior/Open,Senior,Female,Platform,Senior Women Platform,false,false,,,,criteria-simulator/data.js
WA-4784,World Aquatics Diving World Cup 2025 - Super Final,Senior Women Platform (Prelim),Prelim,WA-45101f00-7ed3-4aa9-acfa-c54b4e1f0ac5,ANTOLINO,Valeria,10,169.6,ESP,ESP,ESP,2025,World-Cup,Senior/Open,Senior,Female,Platform,Senior Women Platform,false,false,,,,criteria-simulator/data.js
WA-4784,World Aquatics Diving World Cup 2025 - Super Final,Senior Women Platform (Prelim),Prelim,WA-31c5555d-5a74-4411-a46b-2c4f7d16f3d6,BOND,Maisie,11,165.7,GBR,GBR,GBR,2025,World-Cup,Senior/Open,Senior,Female,Platform,Senior Women Platform,false,false,,,,criteria-simulator/data.js
WA-4784,World Aquatics Diving World Cup 2025 - Super Final,Senior Women Platform (Prelim),Prelim,WA-76144f77-dff6-49e7-95b1-5d0b435644c9,CARVAJAL,Ana,12,126.3,ESP,ESP,ESP,2025,World-Cup,Senior/Open,Senior,Female,Platform,Senior Women Platform,false,false,,,,criteria-simulator/data.js
WA-4784,World Aquatics Diving World Cup 2025 - Super Final,Senior Women Synchronized 3m (Final),Final,WA-251db7eb-f34e-4e6a-8042-4541ebe15a97-3abd8d45-1c15-4bf9-94c8-7ebc1f3ec42e-1-CHN-1,CHANG,Yani / CHEN Yiwen,1,323.13,CHN,CHN,CHN,2025,World-Cup,Senior/Open,Senior,Female,Synchro-3m,Synchro Senior Women Synchro-3m,true,false,,,,criteria-simulator/data.js
WA-4784,World Aquatics Diving World Cup 2025 - Super Final,Senior Women Synchronized 3m (Final),Final,WA-251db7eb-f34e-4e6a-8042-4541ebe15a97-3abd8d45-1c15-4bf9-94c8-7ebc1f3ec42e-2-AUS-2,KEENEY,Maddison / KOLOI Alysha,2,297.75,AUS,AUS,AUS,2025,World-Cup,Senior/Open,Senior,Female,Synchro-3m,Synchro Senior Women Synchro-3m,true,false,,,,criteria-simulator/data.js
WA-4784,World Aquatics Diving World Cup 2025 - Super Final,Senior Women Synchronized 3m (Final),Final,WA-251db7eb-f34e-4e6a-8042-4541ebe15a97-3abd8d45-1c15-4bf9-94c8-7ebc1f3ec42e-3-GBR-3,MEW,JENSEN Scarlett / HARPER Yasmin,3,293.31,GBR,GBR,GBR,2025,World-Cup,Senior/Open,Senior,Female,Synchro-3m,Synchro Senior Women Synchro-3m,true,false,,,,criteria-simulator/data.js
WA-4784,World Aquatics Diving World Cup 2025 - Super Final,Senior Women Synchronized 3m (Final),Final,WA-251db7eb-f34e-4e6a-8042-4541ebe15a97-3abd8d45-1c15-4bf9-94c8-7ebc1f3ec42e-4-MEX-4,CUEVA,LOBATO Lia Yatzil / CUEVA LOBATO Mia Zazil,4,282.18,MEX,MEX,MEX,2025,World-Cup,Senior/Open,Senior,Female,Synchro-3m,Synchro Senior Women Synchro-3m,true,false,,,,criteria-simulator/data.js
WA-4784,World Aquatics Diving World Cup 2025 - Super Final,Senior Women Synchronized 3m (Final),Final,WA-251db7eb-f34e-4e6a-8042-4541ebe15a97-3abd8d45-1c15-4bf9-94c8-7ebc1f3ec42e-5-ITA-5,PELLACANI,Chiara / PIZZINI Elisa,5,273.0,ITA,ITA,ITA,2025,World-Cup,Senior/Open,Senior,Female,Synchro-3m,Synchro Senior Women Synchro-3m,true,false,,,,criteria-simulator/data.js
WA-4784,World Aquatics Diving World Cup 2025 - Super Final,Senior Women Synchronized 3m (Final),Final,WA-251db7eb-f34e-4e6a-8042-4541ebe15a97-3abd8d45-1c15-4bf9-94c8-7ebc1f3ec42e-6-CAN-6,PALKHIVALA,Sonya / JASMIN Amelie-Laura,6,262.2,CAN,CAN,CAN,2025,World-Cup,Senior/Open,Senior,Female,Synchro-3m,Synchro Senior Women Synchro-3m,true,false,,,,criteria-simulator/data.js
WA-4784,World Aquatics Diving World Cup 2025 - Super Final,Senior Women Synchronized 3m (Final),Final,WA-251db7eb-f34e-4e6a-8042-4541ebe15a97-3abd8d45-1c15-4bf9-94c8-7ebc1f3ec42e-7-USA-7,VERZYL,Sophia / KWONG Anna,7,262.05,USA,USA,USA,2025,World-Cup,Senior/Open,Senior,Female,Synchro-3m,Synchro Senior Women Synchro-3m,true,false,,,,criteria-simulator/data.js
WA-4784,World Aquatics Diving World Cup 2025 - Super Final,Senior Women Synchronized 3m (Final),Final,WA-251db7eb-f34e-4e6a-8042-4541ebe15a97-3abd8d45-1c15-4bf9-94c8-7ebc1f3ec42e-8-NAB-8,KLIUEVA,Uliana / TRIFONOVA Nadezhda,8,261.9,NAB,NAB,NAB,2025,World-Cup,Senior/Open,Senior,Female,Synchro-3m,Synchro Senior Women Synchro-3m,true,false,,,,criteria-simulator/data.js
WA-4784,World Aquatics Diving World Cup 2025 - Super Final,Senior Women Synchronized Platform (Final),Final,WA-563b307d-d843-4921-ba46-bc3637ca7665-3abd8d45-1c15-4bf9-94c8-7ebc1f3ec42e-1-CHN-1,CHEN,Yuxi / QUAN Hongchan,1,350.88,CHN,CHN,CHN,2025,World-Cup,Senior/Open,Senior,Female,Synchro-Platform,Synchro Senior Women Synchro-Platform,true,false,,,,criteria-simulator/data.js
WA-4784,World Aquatics Diving World Cup 2025 - Super Final,Senior Women Synchronized Platform (Final),Final,WA-563b307d-d843-4921-ba46-bc3637ca7665-3abd8d45-1c15-4bf9-94c8-7ebc1f3ec42e-2-NAB-2,KONANYKHINA,Anna / KEDRINA Aleksandra,2,302.94,NAB,NAB,NAB,2025,World-Cup,Senior/Open,Senior,Female,Synchro-Platform,Synchro Senior Women Synchro-Platform,true,false,,,,criteria-simulator/data.js
WA-4784,World Aquatics Diving World Cup 2025 - Super Final,Senior Women Synchronized Platform (Final),Final,WA-563b307d-d843-4921-ba46-bc3637ca7665-3abd8d45-1c15-4bf9-94c8-7ebc1f3ec42e-3-GBR-3,BOND,Maisie / TOULSON Lois,3,287.88,GBR,GBR,GBR,2025,World-Cup,Senior/Open,Senior,Female,Synchro-Platform,Synchro Senior Women Synchro-Platform,true,false,,,,criteria-simulator/data.js
WA-4784,World Aquatics Diving World Cup 2025 - Super Final,Senior Women Synchronized Platform (Final),Final,WA-563b307d-d843-4921-ba46-bc3637ca7665-3abd8d45-1c15-4bf9-94c8-7ebc1f3ec42e-4-AUS-4,DROGEMULLER,Ruby / COLE Ellie,4,281.64,AUS,AUS,AUS,2025,World-Cup,Senior/Open,Senior,Female,Synchro-Platform,Synchro Senior Women Synchro-Platform,true,false,,,,criteria-simulator/data.js
WA-4784,World Aquatics Diving World Cup 2025 - Super Final,Senior Women Synchronized Platform (Final),Final,WA-563b307d-d843-4921-ba46-bc3637ca7665-3abd8d45-1c15-4bf9-94c8-7ebc1f3ec42e-5-UKR-5,LYSKUN,Sofiia / BAILO Kseniia,5,280.56,UKR,UKR,UKR,2025,World-Cup,Senior/Open,Senior,Female,Synchro-Platform,Synchro Senior Women Synchro-Platform,true,false,,,,criteria-simulator/data.js
WA-4784,World Aquatics Diving World Cup 2025 - Super Final,Senior Women Synchronized Platform (Final),Final,WA-563b307d-d843-4921-ba46-bc3637ca7665-3abd8d45-1c15-4bf9-94c8-7ebc1f3ec42e-6-MEX-6,ESTUDILLO,TORRES Alejandra / AGUNDEZ GARCIA Gabriela,6,280.44,MEX,MEX,MEX,2025,World-Cup,Senior/Open,Senior,Female,Synchro-Platform,Synchro Senior Women Synchro-Platform,true,false,,,,criteria-simulator/data.js
WA-4784,World Aquatics Diving World Cup 2025 - Super Final,Senior Women Synchronized Platform (Final),Final,WA-563b307d-d843-4921-ba46-bc3637ca7665-3abd8d45-1c15-4bf9-94c8-7ebc1f3ec42e-7-ESP-7,ANTOLINO,Valeria / CARVAJAL Ana,7,263.28,ESP,ESP,ESP,2025,World-Cup,Senior/Open,Senior,Female,Synchro-Platform,Synchro Senior Women Synchro-Platform,true,false,,,,criteria-simulator/data.js
WA-4784,World Aquatics Diving World Cup 2025 - Super Final,Senior Men 3m (Final),Final,WA-71b4cb2f-b22a-4b66-af54-05eeadbbba89,WANG,Zongyuan,1,519.25,CHN,CHN,CHN,2025,World-Cup,Senior/Open,Senior,Male,3M,Senior Men 3M,false,false,,,,criteria-simulator/data.js
WA-4784,World Aquatics Diving World Cup 2025 - Super Final,Senior Men 3m (Final),Final,WA-f59e659b-c088-4f4d-9765-2a31b3b03829,ZHENG,Jiuyuan,2,505.05,CHN,CHN,CHN,2025,World-Cup,Senior/Open,Senior,Male,3M,Senior Men 3M,false,false,,,,criteria-simulator/data.js
WA-4784,World Aquatics Diving World Cup 2025 - Super Final,Senior Men 3m (Final),Final,WA-1342b7e3-5cc5-4f94-80b7-a95d42b1450a,WESEMANN,Moritz,3,430.45,GER,GER,GER,2025,World-Cup,Senior/Open,Senior,Male,3M,Senior Men 3M,false,false,,,,criteria-simulator/data.js
WA-4784,World Aquatics Diving World Cup 2025 - Super Final,Senior Men 3m (Final),Final,WA-e4d7cca6-67fb-4b6b-843e-744a62d0566f,URIBE,BERMUDEZ Luis Felipe,4,418.2,COL,COL,COL,2025,World-Cup,Senior/Open,Senior,Male,3M,Senior Men 3M,false,false,,,,criteria-simulator/data.js
WA-4784,World Aquatics Diving World Cup 2025 - Super Final,Senior Men 3m (Semifinal),Semifinal,WA-71b4cb2f-b22a-4b66-af54-05eeadbbba89,WANG,Zongyuan,1,530.55,CHN,CHN,CHN,2025,World-Cup,Senior/Open,Senior,Male,3M,Senior Men 3M,false,false,,,,criteria-simulator/data.js
WA-4784,World Aquatics Diving World Cup 2025 - Super Final,Senior Men 3m (Semifinal),Semifinal,WA-e4d7cca6-67fb-4b6b-843e-744a62d0566f,URIBE,BERMUDEZ Luis Felipe,1,433.6,COL,COL,COL,2025,World-Cup,Senior/Open,Senior,Male,3M,Senior Men 3M,false,false,,,,criteria-simulator/data.js
WA-4784,World Aquatics Diving World Cup 2025 - Super Final,Senior Men 3m (Semifinal),Semifinal,WA-f59e659b-c088-4f4d-9765-2a31b3b03829,ZHENG,Jiuyuan,2,487.15,CHN,CHN,CHN,2025,World-Cup,Senior/Open,Senior,Male,3M,Senior Men 3M,false,false,,,,criteria-simulator/data.js
WA-4784,World Aquatics Diving World Cup 2025 - Super Final,Senior Men 3m (Semifinal),Semifinal,WA-1342b7e3-5cc5-4f94-80b7-a95d42b1450a,WESEMANN,Moritz,2,422.75,GER,GER,GER,2025,World-Cup,Senior/Open,Senior,Male,3M,Senior Men 3M,false,false,,,,criteria-simulator/data.js
WA-4784,World Aquatics Diving World Cup 2025 - Super Final,Senior Men 3m (Semifinal),Semifinal,WA-be7b1b42-1768-4fb7-932c-ce98cf550bfc,HOULDEN,Jordan,3,350.8,GBR,GBR,GBR,2025,World-Cup,Senior/Open,Senior,Male,3M,Senior Men 3M,false,false,,,,criteria-simulator/data.js
WA-4784,World Aquatics Diving World Cup 2025 - Super Final,Senior Men 3m (Semifinal),Semifinal,WA-f55bcccf-c30d-4b58-ad52-276f456ad1b4,LAUGHER,Jack,3,481.1,GBR,GBR,GBR,2025,World-Cup,Senior/Open,Senior,Male,3M,Senior Men 3M,false,false,,,,criteria-simulator/data.js
WA-4784,World Aquatics Diving World Cup 2025 - Super Final,Senior Men 3m (Prelim),Prelim,WA-71b4cb2f-b22a-4b66-af54-05eeadbbba89,WANG,Zongyuan,1,255.9,CHN,CHN,CHN,2025,World-Cup,Senior/Open,Senior,Male,3M,Senior Men 3M,false,false,,,,criteria-simulator/data.js
WA-4784,World Aquatics Diving World Cup 2025 - Super Final,Senior Men 3m (Prelim),Prelim,WA-1342b7e3-5cc5-4f94-80b7-a95d42b1450a,WESEMANN,Moritz,2,241.35,GER,GER,GER,2025,World-Cup,Senior/Open,Senior,Male,3M,Senior Men 3M,false,false,,,,criteria-simulator/data.js
WA-4784,World Aquatics Diving World Cup 2025 - Super Final,Senior Men 3m (Prelim),Prelim,WA-f55bcccf-c30d-4b58-ad52-276f456ad1b4,LAUGHER,Jack,3,240.8,GBR,GBR,GBR,2025,World-Cup,Senior/Open,Senior,Male,3M,Senior Men 3M,false,false,,,,criteria-simulator/data.js
WA-4784,World Aquatics Diving World Cup 2025 - Super Final,Senior Men 3m (Prelim),Prelim,WA-f59e659b-c088-4f4d-9765-2a31b3b03829,ZHENG,Jiuyuan,4,235.55,CHN,CHN,CHN,2025,World-Cup,Senior/Open,Senior,Male,3M,Senior Men 3M,false,false,,,,criteria-simulator/data.js
WA-4784,World Aquatics Diving World Cup 2025 - Super Final,Senior Men 3m (Prelim),Prelim,WA-e4d7cca6-67fb-4b6b-843e-744a62d0566f,URIBE,BERMUDEZ Luis Felipe,5,230.55,COL,COL,COL,2025,World-Cup,Senior/Open,Senior,Male,3M,Senior Men 3M,false,false,,,,criteria-simulator/data.js
WA-4784,World Aquatics Diving World Cup 2025 - Super Final,Senior Men 3m (Prelim),Prelim,WA-eee8dd81-56fd-4116-9872-2c9337622f27,BISCH,Gwendal,6,225.0,FRA,FRA,FRA,2025,World-Cup,Senior/Open,Senior,Male,3M,Senior Men 3M,false,false,,,,criteria-simulator/data.js
WA-4784,World Aquatics Diving World Cup 2025 - Super Final,Senior Men 3m (Prelim),Prelim,WA-be7b1b42-1768-4fb7-932c-ce98cf550bfc,HOULDEN,Jordan,7,219.8,GBR,GBR,GBR,2025,World-Cup,Senior/Open,Senior,Male,3M,Senior Men 3M,false,false,,,,criteria-simulator/data.js
WA-4784,World Aquatics Diving World Cup 2025 - Super Final,Senior Men 3m (Prelim),Prelim,WA-7f6e93d4-fc79-471b-ac09-85d9557831ca,CELAYA,HERNANDEZ Juan Manuel,8,218.0,MEX,MEX,MEX,2025,World-Cup,Senior/Open,Senior,Male,3M,Senior Men 3M,false,false,,,,criteria-simulator/data.js
WA-4784,World Aquatics Diving World Cup 2025 - Super Final,Senior Men 3m (Prelim),Prelim,WA-34242449-d4e6-4372-b12b-1b74d404f268,SANTORO,Matteo,9,203.3,ITA,ITA,ITA,2025,World-Cup,Senior/Open,Senior,Male,3M,Senior Men 3M,false,false,,,,criteria-simulator/data.js
WA-4784,World Aquatics Diving World Cup 2025 - Super Final,Senior Men 3m (Prelim),Prelim,WA-33cc39a9-4bcd-4d35-afcc-a957e6cc06fc,BOUYER,Jules,10,187.1,FRA,FRA,FRA,2025,World-Cup,Senior/Open,Senior,Male,3M,Senior Men 3M,false,false,,,,criteria-simulator/data.js
WA-4784,World Aquatics Diving World Cup 2025 - Super Final,Senior Men 3m (Prelim),Prelim,WA-faf09aef-775d-4e28-9f6b-abc27ffc1cc8,STONE,Liam,11,178.3,NZL,NZL,NZL,2025,World-Cup,Senior/Open,Senior,Male,3M,Senior Men 3M,false,false,,,,criteria-simulator/data.js
WA-4784,World Aquatics Diving World Cup 2025 - Super Final,Senior Men 3m (Prelim),Prelim,WA-6b6710f5-9141-4226-b937-ae9b6751a8bb,MASSENBERG,Lou Noel Guy,12,173.1,GER,GER,GER,2025,World-Cup,Senior/Open,Senior,Male,3M,Senior Men 3M,false,false,,,,criteria-simulator/data.js
WA-4784,World Aquatics Diving World Cup 2025 - Super Final,Senior Men Platform (Final),Final,WA-e0568c62-eb22-4c46-8a1a-98dc83ce3c8c,ZHU,Zifeng,1,571.9,CHN,CHN,CHN,2025,World-Cup,Senior/Open,Senior,Male,Platform,Senior Men Platform,false,false,,,,criteria-simulator/data.js
WA-4784,World Aquatics Diving World Cup 2025 - Super Final,Senior Men Platform (Final),Final,WA-b3a55c17-a62c-433a-8b56-2e322524cf2c,CHENG,Zilong,2,542.3,CHN,CHN,CHN,2025,World-Cup,Senior/Open,Senior,Male,Platform,Senior Men Platform,false,false,,,,criteria-simulator/data.js
WA-4784,World Aquatics Diving World Cup 2025 - Super Final,Senior Men Platform (Final),Final,WA-608b9f19-6769-487c-8e10-efc2d4dad412,ROUSSEAU,Cassiel,3,499.65,AUS,AUS,AUS,2025,World-Cup,Senior/Open,Senior,Male,Platform,Senior Men Platform,false,false,,,,criteria-simulator/data.js
WA-4784,World Aquatics Diving World Cup 2025 - Super Final,Senior Men Platform (Final),Final,WA-ab9ea005-2bd6-4c22-82cf-bbf9275a35f3,SEREDA,Oleksii,4,484.05,UKR,UKR,UKR,2025,World-Cup,Senior/Open,Senior,Male,Platform,Senior Men Platform,false,false,,,,criteria-simulator/data.js
WA-4784,World Aquatics Diving World Cup 2025 - Super Final,Senior Men Platform (Semifinal),Semifinal,WA-e0568c62-eb22-4c46-8a1a-98dc83ce3c8c,ZHU,Zifeng,1,524.65,CHN,CHN,CHN,2025,World-Cup,Senior/Open,Senior,Male,Platform,Senior Men Platform,false,false,,,,criteria-simulator/data.js
WA-4784,World Aquatics Diving World Cup 2025 - Super Final,Senior Men Platform (Semifinal),Semifinal,WA-ab9ea005-2bd6-4c22-82cf-bbf9275a35f3,SEREDA,Oleksii,1,523.85,UKR,UKR,UKR,2025,World-Cup,Senior/Open,Senior,Male,Platform,Senior Men Platform,false,false,,,,criteria-simulator/data.js
WA-4784,World Aquatics Diving World Cup 2025 - Super Final,Senior Men Platform (Semifinal),Semifinal,WA-608b9f19-6769-487c-8e10-efc2d4dad412,ROUSSEAU,Cassiel,2,475.9,AUS,AUS,AUS,2025,World-Cup,Senior/Open,Senior,Male,Platform,Senior Men Platform,false,false,,,,criteria-simulator/data.js
WA-4784,World Aquatics Diving World Cup 2025 - Super Final,Senior Men Platform (Semifinal),Semifinal,WA-b3a55c17-a62c-433a-8b56-2e322524cf2c,CHENG,Zilong,2,494.5,CHN,CHN,CHN,2025,World-Cup,Senior/Open,Senior,Male,Platform,Senior Men Platform,false,false,,,,criteria-simulator/data.js
WA-4784,World Aquatics Diving World Cup 2025 - Super Final,Senior Men Platform (Semifinal),Semifinal,WA-0c1c8461-4f28-472f-aa1e-fe290feef36b,RODRIGUEZ,LEDESMA Jorge,3,396.75,ESP,ESP,ESP,2025,World-Cup,Senior/Open,Senior,Male,Platform,Senior Men Platform,false,false,,,,criteria-simulator/data.js
WA-4784,World Aquatics Diving World Cup 2025 - Super Final,Senior Men Platform (Semifinal),Semifinal,WA-2b7dac5a-8afb-409a-a0b2-01e2f99f1d6d,WILLARS,VALDEZ Randal,3,423.4,MEX,MEX,MEX,2025,World-Cup,Senior/Open,Senior,Male,Platform,Senior Men Platform,false,false,,,,criteria-simulator/data.js
WA-4784,World Aquatics Diving World Cup 2025 - Super Final,Senior Men Platform (Prelim),Prelim,WA-b3a55c17-a62c-433a-8b56-2e322524cf2c,CHENG,Zilong,1,271.3,CHN,CHN,CHN,2025,World-Cup,Senior/Open,Senior,Male,Platform,Senior Men Platform,false,false,,,,criteria-simulator/data.js
WA-4784,World Aquatics Diving World Cup 2025 - Super Final,Senior Men Platform (Prelim),Prelim,WA-e0568c62-eb22-4c46-8a1a-98dc83ce3c8c,ZHU,Zifeng,2,268.95,CHN,CHN,CHN,2025,World-Cup,Senior/Open,Senior,Male,Platform,Senior Men Platform,false,false,,,,criteria-simulator/data.js
WA-4784,World Aquatics Diving World Cup 2025 - Super Final,Senior Men Platform (Prelim),Prelim,WA-608b9f19-6769-487c-8e10-efc2d4dad412,ROUSSEAU,Cassiel,3,261.9,AUS,AUS,AUS,2025,World-Cup,Senior/Open,Senior,Male,Platform,Senior Men Platform,false,false,,,,criteria-simulator/data.js
WA-4784,World Aquatics Diving World Cup 2025 - Super Final,Senior Men Platform (Prelim),Prelim,WA-c8112a56-8ffc-405f-9b8e-b592ed090046,TERNOVOI,Ruslan,4,251.35,NAB,NAB,NAB,2025,World-Cup,Senior/Open,Senior,Male,Platform,Senior Men Platform,false,false,,,,criteria-simulator/data.js
WA-4784,World Aquatics Diving World Cup 2025 - Super Final,Senior Men Platform (Prelim),Prelim,WA-ab9ea005-2bd6-4c22-82cf-bbf9275a35f3,SEREDA,Oleksii,5,249.0,UKR,UKR,UKR,2025,World-Cup,Senior/Open,Senior,Male,Platform,Senior Men Platform,false,false,,,,criteria-simulator/data.js
WA-4784,World Aquatics Diving World Cup 2025 - Super Final,Senior Men Platform (Prelim),Prelim,WA-0c1c8461-4f28-472f-aa1e-fe290feef36b,RODRIGUEZ,LEDESMA Jorge,6,213.6,ESP,ESP,ESP,2025,World-Cup,Senior/Open,Senior,Male,Platform,Senior Men Platform,false,false,,,,criteria-simulator/data.js
WA-4784,World Aquatics Diving World Cup 2025 - Super Final,Senior Men Platform (Prelim),Prelim,WA-82fe3d83-82d9-4d7c-a052-68e5490af75d,GIOVANNINI,Riccardo,7,211.9,ITA,ITA,ITA,2025,World-Cup,Senior/Open,Senior,Male,Platform,Senior Men Platform,false,false,,,,criteria-simulator/data.js
WA-4784,World Aquatics Diving World Cup 2025 - Super Final,Senior Men Platform (Prelim),Prelim,WA-2b7dac5a-8afb-409a-a0b2-01e2f99f1d6d,WILLARS,VALDEZ Randal,8,211.25,MEX,MEX,MEX,2025,World-Cup,Senior/Open,Senior,Male,Platform,Senior Men Platform,false,false,,,,criteria-simulator/data.js
WA-4784,World Aquatics Diving World Cup 2025 - Super Final,Senior Men Platform (Prelim),Prelim,WA-00006ce3-63d8-439c-a41b-2ab95bbffdc0,EIKERMANN,GREGORCHUK Jaden Shiloh,9,210.2,GER,GER,GER,2025,World-Cup,Senior/Open,Senior,Male,Platform,Senior Men Platform,false,false,,,,criteria-simulator/data.js
WA-4784,World Aquatics Diving World Cup 2025 - Super Final,Senior Men Platform (Prelim),Prelim,WA-f15599d8-6c10-4f2d-90ca-5a832439004e,TESSIER,Benjamin,10,206.2,CAN,CAN,CAN,2025,World-Cup,Senior/Open,Senior,Male,Platform,Senior Men Platform,false,false,,,,criteria-simulator/data.js
WA-4784,World Aquatics Diving World Cup 2025 - Super Final,Senior Men Platform (Prelim),Prelim,WA-209ad056-b688-4a4e-b78a-439614c8ccd1,HRYTSENKO,Mark,11,185.5,UKR,UKR,UKR,2025,World-Cup,Senior/Open,Senior,Male,Platform,Senior Men Platform,false,false,,,,criteria-simulator/data.js
WA-4784,World Aquatics Diving World Cup 2025 - Super Final,Senior Men Platform (Prelim),Prelim,WA-d35c8c0a-ed27-4808-9037-dd1f689164f4,BOWSHIRE,Jaxon,12,174.15,AUS,AUS,AUS,2025,World-Cup,Senior/Open,Senior,Male,Platform,Senior Men Platform,false,false,,,,criteria-simulator/data.js
WA-4784,World Aquatics Diving World Cup 2025 - Super Final,Senior Men Synchronized 3m (Final),Final,WA-e2729086-6b3f-435c-9740-4d2519d9aace-3abd8d45-1c15-4bf9-94c8-7ebc1f3ec42e-1-CHN-1,HU,Yukang / ZHENG Jiuyuan,1,448.65,CHN,CHN,CHN,2025,World-Cup,Senior/Open,Senior,Male,Synchro-3m,Synchro Senior Men Synchro-3m,true,false,,,,criteria-simulator/data.js
WA-4784,World Aquatics Diving World Cup 2025 - Super Final,Senior Men Synchronized 3m (Final),Final,WA-e2729086-6b3f-435c-9740-4d2519d9aace-3abd8d45-1c15-4bf9-94c8-7ebc1f3ec42e-2-GBR-2,HARDING,Anthony / LAUGHER Jack,2,434.88,GBR,GBR,GBR,2025,World-Cup,Senior/Open,Senior,Male,Synchro-3m,Synchro Senior Men Synchro-3m,true,false,,,,criteria-simulator/data.js
WA-4784,World Aquatics Diving World Cup 2025 - Super Final,Senior Men Synchronized 3m (Final),Final,WA-e2729086-6b3f-435c-9740-4d2519d9aace-3abd8d45-1c15-4bf9-94c8-7ebc1f3ec42e-3-GER-3,MASSENBERG,Lou Noel Guy / WESEMANN Moritz,3,390.78,GER,GER,GER,2025,World-Cup,Senior/Open,Senior,Male,Synchro-3m,Synchro Senior Men Synchro-3m,true,false,,,,criteria-simulator/data.js
WA-4784,World Aquatics Diving World Cup 2025 - Super Final,Senior Men Synchronized 3m (Final),Final,WA-e2729086-6b3f-435c-9740-4d2519d9aace-3abd8d45-1c15-4bf9-94c8-7ebc1f3ec42e-4-FRA-4,BISCH,Gwendal / BOUYER Jules,4,390.66,FRA,FRA,FRA,2025,World-Cup,Senior/Open,Senior,Male,Synchro-3m,Synchro Senior Men Synchro-3m,true,false,,,,criteria-simulator/data.js
WA-4784,World Aquatics Diving World Cup 2025 - Super Final,Senior Men Synchronized 3m (Final),Final,WA-e2729086-6b3f-435c-9740-4d2519d9aace-3abd8d45-1c15-4bf9-94c8-7ebc1f3ec42e-5-ITA-5,SANTORO,Matteo / BELOTTI Stefano,5,360.0,ITA,ITA,ITA,2025,World-Cup,Senior/Open,Senior,Male,Synchro-3m,Synchro Senior Men Synchro-3m,true,false,,,,criteria-simulator/data.js
WA-4784,World Aquatics Diving World Cup 2025 - Super Final,Senior Men Synchronized 3m (Final),Final,WA-e2729086-6b3f-435c-9740-4d2519d9aace-3abd8d45-1c15-4bf9-94c8-7ebc1f3ec42e-6-NZL-6,TAVENER,Frazer / STONE Liam,6,354.9,NZL,NZL,NZL,2025,World-Cup,Senior/Open,Senior,Male,Synchro-3m,Synchro Senior Men Synchro-3m,true,false,,,,criteria-simulator/data.js
WA-4784,World Aquatics Diving World Cup 2025 - Super Final,Senior Men Synchronized 3m (Final),Final,WA-e2729086-6b3f-435c-9740-4d2519d9aace-3abd8d45-1c15-4bf9-94c8-7ebc1f3ec42e-7-UKR-7,BOLIUKH,Kirill / OLIFERCHYK Stanislav,7,351.33,UKR,UKR,UKR,2025,World-Cup,Senior/Open,Senior,Male,Synchro-3m,Synchro Senior Men Synchro-3m,true,false,,,,criteria-simulator/data.js
WA-4784,World Aquatics Diving World Cup 2025 - Super Final,Senior Men Synchronized 3m (Final),Final,WA-e2729086-6b3f-435c-9740-4d2519d9aace-3abd8d45-1c15-4bf9-94c8-7ebc1f3ec42e-8-MEX-8,CELAYA,HERNANDEZ Juan Manuel / OLVERA IBARRA Osmar,8,332.4,MEX,MEX,MEX,2025,World-Cup,Senior/Open,Senior,Male,Synchro-3m,Synchro Senior Men Synchro-3m,true,false,,,,criteria-simulator/data.js
WA-4784,World Aquatics Diving World Cup 2025 - Super Final,Senior Men Synchronized Platform (Final),Final,WA-80eb28d8-011b-44ee-9d83-af4f1a6aa531-3abd8d45-1c15-4bf9-94c8-7ebc1f3ec42e-1-CHN-1,ZHU,Zifeng / CHENG Zilong,1,460.92,CHN,CHN,CHN,2025,World-Cup,Senior/Open,Senior,Male,Synchro-Platform,Synchro Senior Men Synchro-Platform,true,false,,,,criteria-simulator/data.js
WA-4784,World Aquatics Diving World Cup 2025 - Super Final,Senior Men Synchronized Platform (Final),Final,WA-80eb28d8-011b-44ee-9d83-af4f1a6aa531-3abd8d45-1c15-4bf9-94c8-7ebc1f3ec42e-2-NAB-2,SHLEIKHER,Nikita / TERNOVOI Ruslan,2,426.69,NAB,NAB,NAB,2025,World-Cup,Senior/Open,Senior,Male,Synchro-Platform,Synchro Senior Men Synchro-Platform,true,false,,,,criteria-simulator/data.js
WA-4784,World Aquatics Diving World Cup 2025 - Super Final,Senior Men Synchronized Platform (Final),Final,WA-80eb28d8-011b-44ee-9d83-af4f1a6aa531-3abd8d45-1c15-4bf9-94c8-7ebc1f3ec42e-3-UKR-3,SEREDA,Oleksii / HRYTSENKO Mark,3,395.37,UKR,UKR,UKR,2025,World-Cup,Senior/Open,Senior,Male,Synchro-Platform,Synchro Senior Men Synchro-Platform,true,false,,,,criteria-simulator/data.js
WA-4784,World Aquatics Diving World Cup 2025 - Super Final,Senior Men Synchronized Platform (Final),Final,WA-80eb28d8-011b-44ee-9d83-af4f1a6aa531-3abd8d45-1c15-4bf9-94c8-7ebc1f3ec42e-4-GER-4,EIKERMANN,GREGORCHUK Jaden Shiloh / AVILA SANCHEZ Luis Carlo,4,383.07,GER,GER,GER,2025,World-Cup,Senior/Open,Senior,Male,Synchro-Platform,Synchro Senior Men Synchro-Platform,true,false,,,,criteria-simulator/data.js
WA-4784,World Aquatics Diving World Cup 2025 - Super Final,Senior Men Synchronized Platform (Final),Final,WA-80eb28d8-011b-44ee-9d83-af4f1a6aa531-3abd8d45-1c15-4bf9-94c8-7ebc1f3ec42e-5-MEX-5,BERLIN,REYES Kevin / WILLARS VALDEZ Randal,5,380.58,MEX,MEX,MEX,2025,World-Cup,Senior/Open,Senior,Male,Synchro-Platform,Synchro Senior Men Synchro-Platform,true,false,,,,criteria-simulator/data.js
WA-4784,World Aquatics Diving World Cup 2025 - Super Final,Senior Men Synchronized Platform (Final),Final,WA-80eb28d8-011b-44ee-9d83-af4f1a6aa531-3abd8d45-1c15-4bf9-94c8-7ebc1f3ec42e-6-AUS-6,ROUSSEAU,Cassiel / BOWSHIRE Jaxon,6,364.41,AUS,AUS,AUS,2025,World-Cup,Senior/Open,Senior,Male,Synchro-Platform,Synchro Senior Men Synchro-Platform,true,false,,,,criteria-simulator/data.js
WA-4784,World Aquatics Diving World Cup 2025 - Super Final,Senior Men 3m (Final),Final,WA-960656d9-8bb9-45e9-aa96-1e323c4e7047-3abd8d45-1c15-4bf9-94c8-7ebc1f3ec42e-1-CHN-1,CHEN,Yiwen / CHENG Zilong / CHEN Yuxi / WANG Zongyuan,1,507.2,CHN,CHN,CHN,2025,World-Cup,Senior/Open,Senior,Mixed,3M,Senior Mixed 3M,false,false,,,,criteria-simulator/data.js
WA-4784,World Aquatics Diving World Cup 2025 - Super Final,Senior Men 3m (Final),Final,WA-960656d9-8bb9-45e9-aa96-1e323c4e7047-3abd8d45-1c15-4bf9-94c8-7ebc1f3ec42e-2-UKR-2,SEREDA,Oleksii / LYSKUN Sofiia / BOLIUKH Kirill / BAILO Kseniia,2,423.7,UKR,UKR,UKR,2025,World-Cup,Senior/Open,Senior,Mixed,3M,Senior Mixed 3M,false,false,,,,criteria-simulator/data.js
WA-4784,World Aquatics Diving World Cup 2025 - Super Final,Senior Men 3m (Final),Final,WA-960656d9-8bb9-45e9-aa96-1e323c4e7047-3abd8d45-1c15-4bf9-94c8-7ebc1f3ec42e-3-MEX-3,ESTUDILLO,TORRES Alejandra / OLVERA IBARRA Osmar / WILLARS VALDEZ Randal,3,411.95,MEX,MEX,MEX,2025,World-Cup,Senior/Open,Senior,Mixed,3M,Senior Mixed 3M,false,false,,,,criteria-simulator/data.js
WA-4784,World Aquatics Diving World Cup 2025 - Super Final,Senior Men 3m (Final),Final,WA-960656d9-8bb9-45e9-aa96-1e323c4e7047-3abd8d45-1c15-4bf9-94c8-7ebc1f3ec42e-4-AUS-4,KEENEY,Maddison / ROUSSEAU Cassiel / COLE Ellie,4,408.4,AUS,AUS,AUS,2025,World-Cup,Senior/Open,Senior,Mixed,3M,Senior Mixed 3M,false,false,,,,criteria-simulator/data.js
WA-4784,World Aquatics Diving World Cup 2025 - Super Final,Senior Men 3m (Final),Final,WA-960656d9-8bb9-45e9-aa96-1e323c4e7047-3abd8d45-1c15-4bf9-94c8-7ebc1f3ec42e-5-ESP-5,ANTOLINO,Valeria / CARVAJAL Ana / RODRIGUEZ LEDESMA Jorge,5,379.9,ESP,ESP,ESP,2025,World-Cup,Senior/Open,Senior,Mixed,3M,Senior Mixed 3M,false,false,,,,criteria-simulator/data.js
WA-4784,World Aquatics Diving World Cup 2025 - Super Final,Senior Men 3m (Final),Final,WA-960656d9-8bb9-45e9-aa96-1e323c4e7047-3abd8d45-1c15-4bf9-94c8-7ebc1f3ec42e-6-ITA-6,GIOVANNINI,Riccardo / SANTORO Matteo / PELLACANI Chiara / JODOIN DI MARIA Sarah,6,372.2,ITA,ITA,ITA,2025,World-Cup,Senior/Open,Senior,Mixed,3M,Senior Mixed 3M,false,false,,,,criteria-simulator/data.js
WA-4784,World Aquatics Diving World Cup 2025 - Super Final,Senior Men 3m (Final),Final,WA-960656d9-8bb9-45e9-aa96-1e323c4e7047-3abd8d45-1c15-4bf9-94c8-7ebc1f3ec42e-7-NAB-7,SHLEIKHER,Nikita / TERNOVOI Ruslan / KONANYKHINA Anna / TRIFONOVA Nadezhda,7,363.35,NAB,NAB,NAB,2025,World-Cup,Senior/Open,Senior,Mixed,3M,Senior Mixed 3M,false,false,,,,criteria-simulator/data.js
WA-4788,2025 American Cup,Senior Women 3m (Final),Final,WA-08d49b2c-df61-400e-92f4-9e2aed221075,VALLEE,Mia,1,315.5,CAN,CAN,CAN,2025,World-Aquatics-Event,Senior/Open,Senior,Female,3M,Senior Women 3M,false,false,,,,criteria-simulator/data.js
WA-4788,2025 American Cup,Senior Women 3m (Final),Final,WA-31310d19-ed56-49bd-9958-a276300d01e3,SHEEHAN,Georgia,2,292.5,AUS,AUS,AUS,2025,World-Aquatics-Event,Senior/Open,Senior,Female,3M,Senior Women 3M,false,false,,,,criteria-simulator/data.js
WA-4788,2025 American Cup,Senior Women 3m (Final),Final,WA-f44d04de-633b-43f5-b2dd-26aebb5f618f,PHAN,Natalie,3,288.75,AUS,AUS,AUS,2025,World-Aquatics-Event,Senior/Open,Senior,Female,3M,Senior Women 3M,false,false,,,,criteria-simulator/data.js
WA-4788,2025 American Cup,Senior Women 3m (Final),Final,WA-24104c1a-f017-4d5b-b127-814f336795ba,KWONG,Anna,4,287.5,USA,USA,USA,2025,World-Aquatics-Event,Senior/Open,Senior,Female,3M,Senior Women 3M,false,false,,,,criteria-simulator/data.js
WA-4788,2025 American Cup,Senior Women 3m (Final),Final,WA-332fb9f9-ca44-4b1d-b738-18838821f2f9,VERZYL,Sophia,5,284.9,USA,USA,USA,2025,World-Aquatics-Event,Senior/Open,Senior,Female,3M,Senior Women 3M,false,false,,,,criteria-simulator/data.js
WA-4788,2025 American Cup,Senior Women 3m (Final),Final,WA-ed1c7e48-dd65-426e-a0d7-ba40e83bb1cb,GRAY,Molly,6,273.2,USA,USA,USA,2025,World-Aquatics-Event,Senior/Open,Senior,Female,3M,Senior Women 3M,false,false,,,,criteria-simulator/data.js
WA-4788,2025 American Cup,Senior Women 3m (Final),Final,WA-c87d91e1-9a9f-43aa-8c3a-697a4d9c7678,DOVISON,Lucy,7,264.6,AUS,AUS,AUS,2025,World-Aquatics-Event,Senior/Open,Senior,Female,3M,Senior Women 3M,false,false,,,,criteria-simulator/data.js
WA-4788,2025 American Cup,Senior Women 3m (Final),Final,WA-ab5d15eb-d5e6-42d9-922a-714b4f5b74ed,O'BRIEN,Brittany,8,255.05,AUS,AUS,AUS,2025,World-Aquatics-Event,Senior/Open,Senior,Female,3M,Senior Women 3M,false,false,,,,criteria-simulator/data.js
WA-4788,2025 American Cup,Senior Women 3m (Final),Final,WA-7bbf38a2-a056-4a14-a0b8-3c987d5aeda9,KIM,Nahyun,9,224.25,KOR,KOR,KOR,2025,World-Aquatics-Event,Senior/Open,Senior,Female,3M,Senior Women 3M,false,false,,,,criteria-simulator/data.js
WA-4788,2025 American Cup,Senior Women 3m (Final),Final,WA-18fdecfb-472e-4f6b-be85-4346f67a0169,KWON,Halim,10,213.3,KOR,KOR,KOR,2025,World-Aquatics-Event,Senior/Open,Senior,Female,3M,Senior Women 3M,false,false,,,,criteria-simulator/data.js
WA-4788,2025 American Cup,Senior Women 3m (Prelim),Prelim,WA-08d49b2c-df61-400e-92f4-9e2aed221075,VALLEE,Mia,1,307.8,CAN,CAN,CAN,2025,World-Aquatics-Event,Senior/Open,Senior,Female,3M,Senior Women 3M,false,false,,,,criteria-simulator/data.js
WA-4788,2025 American Cup,Senior Women 3m (Prelim),Prelim,WA-f44d04de-633b-43f5-b2dd-26aebb5f618f,PHAN,Natalie,2,274.95,AUS,AUS,AUS,2025,World-Aquatics-Event,Senior/Open,Senior,Female,3M,Senior Women 3M,false,false,,,,criteria-simulator/data.js
WA-4788,2025 American Cup,Senior Women 3m (Prelim),Prelim,WA-31310d19-ed56-49bd-9958-a276300d01e3,SHEEHAN,Georgia,3,265.8,AUS,AUS,AUS,2025,World-Aquatics-Event,Senior/Open,Senior,Female,3M,Senior Women 3M,false,false,,,,criteria-simulator/data.js
WA-4788,2025 American Cup,Senior Women 3m (Prelim),Prelim,WA-24104c1a-f017-4d5b-b127-814f336795ba,KWONG,Anna,4,262.65,USA,USA,USA,2025,World-Aquatics-Event,Senior/Open,Senior,Female,3M,Senior Women 3M,false,false,,,,criteria-simulator/data.js
WA-4788,2025 American Cup,Senior Women 3m (Prelim),Prelim,WA-18fdecfb-472e-4f6b-be85-4346f67a0169,KWON,Halim,5,252.6,KOR,KOR,KOR,2025,World-Aquatics-Event,Senior/Open,Senior,Female,3M,Senior Women 3M,false,false,,,,criteria-simulator/data.js
WA-4788,2025 American Cup,Senior Women 3m (Prelim),Prelim,WA-ab5d15eb-d5e6-42d9-922a-714b4f5b74ed,O'BRIEN,Brittany,6,251.7,AUS,AUS,AUS,2025,World-Aquatics-Event,Senior/Open,Senior,Female,3M,Senior Women 3M,false,false,,,,criteria-simulator/data.js
WA-4788,2025 American Cup,Senior Women 3m (Prelim),Prelim,WA-ed1c7e48-dd65-426e-a0d7-ba40e83bb1cb,GRAY,Molly,7,238.5,USA,USA,USA,2025,World-Aquatics-Event,Senior/Open,Senior,Female,3M,Senior Women 3M,false,false,,,,criteria-simulator/data.js
WA-4788,2025 American Cup,Senior Women 3m (Prelim),Prelim,WA-c87d91e1-9a9f-43aa-8c3a-697a4d9c7678,DOVISON,Lucy,8,227.6,AUS,AUS,AUS,2025,World-Aquatics-Event,Senior/Open,Senior,Female,3M,Senior Women 3M,false,false,,,,criteria-simulator/data.js
WA-4788,2025 American Cup,Senior Women 3m (Prelim),Prelim,WA-332fb9f9-ca44-4b1d-b738-18838821f2f9,VERZYL,Sophia,9,220.05,USA,USA,USA,2025,World-Aquatics-Event,Senior/Open,Senior,Female,3M,Senior Women 3M,false,false,,,,criteria-simulator/data.js
WA-4788,2025 American Cup,Senior Women 3m (Prelim),Prelim,WA-7bbf38a2-a056-4a14-a0b8-3c987d5aeda9,KIM,Nahyun,10,219.15,KOR,KOR,KOR,2025,World-Aquatics-Event,Senior/Open,Senior,Female,3M,Senior Women 3M,false,false,,,,criteria-simulator/data.js
WA-4788,2025 American Cup,Senior Women Platform (Final),Final,WA-2c8020f3-f57f-436c-8b5f-7d39ae05e99c,KANETO,Rin,1,354.45,JPN,JPN,JPN,2025,World-Aquatics-Event,Senior/Open,Senior,Female,Platform,Senior Women Platform,false,false,,,,criteria-simulator/data.js
WA-4788,2025 American Cup,Senior Women Platform (Final),Final,WA-97cdb654-4240-4fb3-8317-6c8fe83236b5,NIDAY,Ellireese,2,326.4,USA,USA,USA,2025,World-Aquatics-Event,Senior/Open,Senior,Female,Platform,Senior Women Platform,false,false,,,,criteria-simulator/data.js
WA-4788,2025 American Cup,Senior Women Platform (Final),Final,WA-a1a07677-7864-400f-a1b6-7ef21a072ca2,PUCKERIDGE,Milly,3,291.25,AUS,AUS,AUS,2025,World-Aquatics-Event,Senior/Open,Senior,Female,Platform,Senior Women Platform,false,false,,,,criteria-simulator/data.js
WA-4788,2025 American Cup,Senior Women Platform (Final),Final,WA-2e8f2cf5-4c25-41b3-a6b3-42a420cc8d26,CLARK,Kayleigh,4,275.7,USA,USA,USA,2025,World-Aquatics-Event,Senior/Open,Senior,Female,Platform,Senior Women Platform,false,false,,,,criteria-simulator/data.js
WA-4788,2025 American Cup,Senior Women Platform (Final),Final,WA-493d3284-ccc0-458f-a306-b9ed387eb3a1,CRANFORD,Bayleigh,5,269.85,USA,USA,USA,2025,World-Aquatics-Event,Senior/Open,Senior,Female,Platform,Senior Women Platform,false,false,,,,criteria-simulator/data.js
WA-4788,2025 American Cup,Senior Women Platform (Final),Final,WA-c1e027d7-c14f-4f02-8331-cee2fd309ab4,MCAFEE,Sophia,6,265.8,USA,USA,USA,2025,World-Aquatics-Event,Senior/Open,Senior,Female,Platform,Senior Women Platform,false,false,,,,criteria-simulator/data.js
WA-4788,2025 American Cup,Senior Women Platform (Final),Final,WA-e6deb650-61ee-490a-8a35-e40e23726d80,KNIGHT,Sofia,7,260.7,AUS,AUS,AUS,2025,World-Aquatics-Event,Senior/Open,Senior,Female,Platform,Senior Women Platform,false,false,,,,criteria-simulator/data.js
WA-4788,2025 American Cup,Senior Women Platform (Final),Final,WA-7bbf38a2-a056-4a14-a0b8-3c987d5aeda9,KIM,Nahyun,8,250.55,KOR,KOR,KOR,2025,World-Aquatics-Event,Senior/Open,Senior,Female,Platform,Senior Women Platform,false,false,,,,criteria-simulator/data.js
WA-4788,2025 American Cup,Senior Women Platform (Prelim),Prelim,WA-97cdb654-4240-4fb3-8317-6c8fe83236b5,NIDAY,Ellireese,1,337.15,USA,USA,USA,2025,World-Aquatics-Event,Senior/Open,Senior,Female,Platform,Senior Women Platform,false,false,,,,criteria-simulator/data.js
WA-4788,2025 American Cup,Senior Women Platform (Prelim),Prelim,WA-2c8020f3-f57f-436c-8b5f-7d39ae05e99c,KANETO,Rin,2,296.8,JPN,JPN,JPN,2025,World-Aquatics-Event,Senior/Open,Senior,Female,Platform,Senior Women Platform,false,false,,,,criteria-simulator/data.js
WA-4788,2025 American Cup,Senior Women Platform (Prelim),Prelim,WA-2e8f2cf5-4c25-41b3-a6b3-42a420cc8d26,CLARK,Kayleigh,3,283.5,USA,USA,USA,2025,World-Aquatics-Event,Senior/Open,Senior,Female,Platform,Senior Women Platform,false,false,,,,criteria-simulator/data.js
WA-4788,2025 American Cup,Senior Women Platform (Prelim),Prelim,WA-a1a07677-7864-400f-a1b6-7ef21a072ca2,PUCKERIDGE,Milly,4,279.65,AUS,AUS,AUS,2025,World-Aquatics-Event,Senior/Open,Senior,Female,Platform,Senior Women Platform,false,false,,,,criteria-simulator/data.js
WA-4788,2025 American Cup,Senior Women Platform (Prelim),Prelim,WA-493d3284-ccc0-458f-a306-b9ed387eb3a1,CRANFORD,Bayleigh,5,272.05,USA,USA,USA,2025,World-Aquatics-Event,Senior/Open,Senior,Female,Platform,Senior Women Platform,false,false,,,,criteria-simulator/data.js
WA-4788,2025 American Cup,Senior Women Platform (Prelim),Prelim,WA-c1e027d7-c14f-4f02-8331-cee2fd309ab4,MCAFEE,Sophia,6,260.25,USA,USA,USA,2025,World-Aquatics-Event,Senior/Open,Senior,Female,Platform,Senior Women Platform,false,false,,,,criteria-simulator/data.js
WA-4788,2025 American Cup,Senior Women Platform (Prelim),Prelim,WA-7bbf38a2-a056-4a14-a0b8-3c987d5aeda9,KIM,Nahyun,7,252.05,KOR,KOR,KOR,2025,World-Aquatics-Event,Senior/Open,Senior,Female,Platform,Senior Women Platform,false,false,,,,criteria-simulator/data.js
WA-4788,2025 American Cup,Senior Women Platform (Prelim),Prelim,WA-e6deb650-61ee-490a-8a35-e40e23726d80,KNIGHT,Sofia,8,245.4,AUS,AUS,AUS,2025,World-Aquatics-Event,Senior/Open,Senior,Female,Platform,Senior Women Platform,false,false,,,,criteria-simulator/data.js
WA-4788,2025 American Cup,Senior Women Synchronized 3m (Final),Final,WA-c2f22be0-8832-44dc-be80-b565fe13ab82-3abd8d45-1c15-4bf9-94c8-7ebc1f3ec42e-1-USA-1,VERZYL,Sophia / KWONG Anna,1,277.56,USA,USA,USA,2025,World-Aquatics-Event,Senior/Open,Senior,Female,Synchro-3m,Synchro Senior Women Synchro-3m,true,false,,,,criteria-simulator/data.js
WA-4788,2025 American Cup,Senior Women Synchronized 3m (Final),Final,WA-c2f22be0-8832-44dc-be80-b565fe13ab82-3abd8d45-1c15-4bf9-94c8-7ebc1f3ec42e-2-AUS-2,DOVISON,Lucy / PHAN Natalie,2,274.71,AUS,AUS,AUS,2025,World-Aquatics-Event,Senior/Open,Senior,Female,Synchro-3m,Synchro Senior Women Synchro-3m,true,false,,,,criteria-simulator/data.js
WA-4788,2025 American Cup,Senior Women Synchronized 3m (Final),Final,WA-c2f22be0-8832-44dc-be80-b565fe13ab82-3abd8d45-1c15-4bf9-94c8-7ebc1f3ec42e-3-KOR-3,KWON,Halim / KIM Nahyun,3,254.58,KOR,KOR,KOR,2025,World-Aquatics-Event,Senior/Open,Senior,Female,Synchro-3m,Synchro Senior Women Synchro-3m,true,false,,,,criteria-simulator/data.js
WA-4788,2025 American Cup,Senior Women Synchronized Platform (Final),Final,WA-a67ed45c-f88a-467e-ab1a-bc0d4e3ac45d-3abd8d45-1c15-4bf9-94c8-7ebc1f3ec42e-1-USA-1,WRIGHT,Daryn / CRANFORD Bayleigh,1,268.65,USA,USA,USA,2025,World-Aquatics-Event,Senior/Open,Senior,Female,Synchro-Platform,Synchro Senior Women Synchro-Platform,true,false,,,,criteria-simulator/data.js
WA-4788,2025 American Cup,Senior Men 3m (Final),Final,WA-683f0ebe-77e1-4032-b815-709fcbbb4936,WEINRICH,Max,1,437.8,USA,USA,USA,2025,World-Aquatics-Event,Senior/Open,Senior,Male,3M,Senior Men 3M,false,false,,,,criteria-simulator/data.js
WA-4788,2025 American Cup,Senior Men 3m (Final),Final,WA-6837d7ec-2f99-41b1-95c0-db9e52320058,TYLER,Carson,2,432.0,USA,USA,USA,2025,World-Aquatics-Event,Senior/Open,Senior,Male,3M,Senior Men 3M,false,false,,,,criteria-simulator/data.js
WA-4788,2025 American Cup,Senior Men 3m (Final),Final,WA-7412f6c2-0ea5-410b-ac56-643825177880,SUYAMA,Haruki,3,388.0,JPN,JPN,JPN,2025,World-Aquatics-Event,Senior/Open,Senior,Male,3M,Senior Men 3M,false,false,,,,criteria-simulator/data.js
WA-4788,2025 American Cup,Senior Men 3m (Final),Final,WA-6b1f4f07-9ebd-43ac-b78a-b959ccebfe30,IKUMA,Senri,4,372.15,JPN,JPN,JPN,2025,World-Aquatics-Event,Senior/Open,Senior,Male,3M,Senior Men 3M,false,false,,,,criteria-simulator/data.js
WA-4788,2025 American Cup,Senior Men 3m (Final),Final,WA-256772de-cc86-4ac3-9614-fc37da5648ea,MILLER,Maxwell,5,363.25,USA,USA,USA,2025,World-Aquatics-Event,Senior/Open,Senior,Male,3M,Senior Men 3M,false,false,,,,criteria-simulator/data.js
WA-4788,2025 American Cup,Senior Men 3m (Final),Final,WA-ea31df52-8712-4684-b42a-95b1fe49d0dc,FLORY,Maxwell,6,359.85,USA,USA,USA,2025,World-Aquatics-Event,Senior/Open,Senior,Male,3M,Senior Men 3M,false,false,,,,criteria-simulator/data.js
WA-4788,2025 American Cup,Senior Men 3m (Final),Final,WA-1c6caa13-28e3-44af-abe3-604d67ab6169,AHMED,FAROUK Mohamed,7,354.75,EGY,EGY,EGY,2025,World-Aquatics-Event,Senior/Open,Senior,Male,3M,Senior Men 3M,false,false,,,,criteria-simulator/data.js
WA-4788,2025 American Cup,Senior Men 3m (Final),Final,WA-c6fb7d80-994e-495f-ac4d-25a69f3c5490,SKINNER,Hudson,8,325.2,AUS,AUS,AUS,2025,World-Aquatics-Event,Senior/Open,Senior,Male,3M,Senior Men 3M,false,false,,,,criteria-simulator/data.js
WA-4788,2025 American Cup,Senior Men 3m (Final),Final,WA-12a8c13c-345a-4f38-ab16-2b338186ee24,WOO,Seongho,9,321.85,KOR,KOR,KOR,2025,World-Aquatics-Event,Senior/Open,Senior,Male,3M,Senior Men 3M,false,false,,,,criteria-simulator/data.js
WA-4788,2025 American Cup,Senior Men 3m (Final),Final,WA-1c45cd65-8c94-4e82-8f29-4f6a03cb0d41,ABBOTT,Lachlan,10,318.0,AUS,AUS,AUS,2025,World-Aquatics-Event,Senior/Open,Senior,Male,3M,Senior Men 3M,false,false,,,,criteria-simulator/data.js
WA-4788,2025 American Cup,Senior Men 3m (Final),Final,WA-957003d6-6d4b-44ae-861c-b3b5a6036243,WILSON,Benjamin,11,317.7,AUS,AUS,AUS,2025,World-Aquatics-Event,Senior/Open,Senior,Male,3M,Senior Men 3M,false,false,,,,criteria-simulator/data.js
WA-4788,2025 American Cup,Senior Men 3m (Prelim),Prelim,WA-683f0ebe-77e1-4032-b815-709fcbbb4936,WEINRICH,Max,1,365.9,USA,USA,USA,2025,World-Aquatics-Event,Senior/Open,Senior,Male,3M,Senior Men 3M,false,false,,,,criteria-simulator/data.js
WA-4788,2025 American Cup,Senior Men 3m (Prelim),Prelim,WA-ea31df52-8712-4684-b42a-95b1fe49d0dc,FLORY,Maxwell,2,354.9,USA,USA,USA,2025,World-Aquatics-Event,Senior/Open,Senior,Male,3M,Senior Men 3M,false,false,,,,criteria-simulator/data.js
WA-4788,2025 American Cup,Senior Men 3m (Prelim),Prelim,WA-6837d7ec-2f99-41b1-95c0-db9e52320058,TYLER,Carson,3,354.55,USA,USA,USA,2025,World-Aquatics-Event,Senior/Open,Senior,Male,3M,Senior Men 3M,false,false,,,,criteria-simulator/data.js
WA-4788,2025 American Cup,Senior Men 3m (Prelim),Prelim,WA-7412f6c2-0ea5-410b-ac56-643825177880,SUYAMA,Haruki,4,346.25,JPN,JPN,JPN,2025,World-Aquatics-Event,Senior/Open,Senior,Male,3M,Senior Men 3M,false,false,,,,criteria-simulator/data.js
WA-4788,2025 American Cup,Senior Men 3m (Prelim),Prelim,WA-c6fb7d80-994e-495f-ac4d-25a69f3c5490,SKINNER,Hudson,5,332.05,AUS,AUS,AUS,2025,World-Aquatics-Event,Senior/Open,Senior,Male,3M,Senior Men 3M,false,false,,,,criteria-simulator/data.js
WA-4788,2025 American Cup,Senior Men 3m (Prelim),Prelim,WA-fb457094-94de-40d9-8f32-84b2b0f2eac7,KANG,Minhyeok,6,319.9,KOR,KOR,KOR,2025,World-Aquatics-Event,Senior/Open,Senior,Male,3M,Senior Men 3M,false,false,,,,criteria-simulator/data.js
WA-4788,2025 American Cup,Senior Men 3m (Prelim),Prelim,WA-256772de-cc86-4ac3-9614-fc37da5648ea,MILLER,Maxwell,7,312.4,USA,USA,USA,2025,World-Aquatics-Event,Senior/Open,Senior,Male,3M,Senior Men 3M,false,false,,,,criteria-simulator/data.js
WA-4788,2025 American Cup,Senior Men 3m (Prelim),Prelim,WA-6b1f4f07-9ebd-43ac-b78a-b959ccebfe30,IKUMA,Senri,8,308.4,JPN,JPN,JPN,2025,World-Aquatics-Event,Senior/Open,Senior,Male,3M,Senior Men 3M,false,false,,,,criteria-simulator/data.js
WA-4788,2025 American Cup,Senior Men 3m (Prelim),Prelim,WA-1c6caa13-28e3-44af-abe3-604d67ab6169,AHMED,FAROUK Mohamed,9,299.65,EGY,EGY,EGY,2025,World-Aquatics-Event,Senior/Open,Senior,Male,3M,Senior Men 3M,false,false,,,,criteria-simulator/data.js
WA-4788,2025 American Cup,Senior Men 3m (Prelim),Prelim,WA-957003d6-6d4b-44ae-861c-b3b5a6036243,WILSON,Benjamin,10,297.1,AUS,AUS,AUS,2025,World-Aquatics-Event,Senior/Open,Senior,Male,3M,Senior Men 3M,false,false,,,,criteria-simulator/data.js
WA-4788,2025 American Cup,Senior Men 3m (Prelim),Prelim,WA-1c45cd65-8c94-4e82-8f29-4f6a03cb0d41,ABBOTT,Lachlan,11,279.15,AUS,AUS,AUS,2025,World-Aquatics-Event,Senior/Open,Senior,Male,3M,Senior Men 3M,false,false,,,,criteria-simulator/data.js
WA-4788,2025 American Cup,Senior Men 3m (Prelim),Prelim,WA-12a8c13c-345a-4f38-ab16-2b338186ee24,WOO,Seongho,12,277.6,KOR,KOR,KOR,2025,World-Aquatics-Event,Senior/Open,Senior,Male,3M,Senior Men 3M,false,false,,,,criteria-simulator/data.js
WA-4788,2025 American Cup,Senior Men Platform (Final),Final,WA-d7d389de-1265-4ece-9fd8-52f62d8cb5d8,HEDBERG,Joshua,1,434.95,USA,USA,USA,2025,World-Aquatics-Event,Senior/Open,Senior,Male,Platform,Senior Men Platform,false,false,,,,criteria-simulator/data.js
WA-4788,2025 American Cup,Senior Men Platform (Final),Final,WA-bce51102-8bdd-4d8c-88c5-349ed4242695,MERCIECA,Jonah,2,378.9,AUS,AUS,AUS,2025,World-Aquatics-Event,Senior/Open,Senior,Male,Platform,Senior Men Platform,false,false,,,,criteria-simulator/data.js
WA-4788,2025 American Cup,Senior Men Platform (Final),Final,WA-683f0ebe-77e1-4032-b815-709fcbbb4936,WEINRICH,Max,3,349.75,USA,USA,USA,2025,World-Aquatics-Event,Senior/Open,Senior,Male,Platform,Senior Men Platform,false,false,,,,criteria-simulator/data.js
WA-4788,2025 American Cup,Senior Men Platform (Final),Final,WA-6adf6db2-6355-4e9a-809e-1a15483588bd,NISHIDA,Reo,4,341.6,JPN,JPN,JPN,2025,World-Aquatics-Event,Senior/Open,Senior,Male,Platform,Senior Men Platform,false,false,,,,criteria-simulator/data.js
WA-4788,2025 American Cup,Senior Men Platform (Final),Final,WA-53c70958-dc4c-4c0e-9aac-0dd14b73ddf7,MARIKAR,Zafar,5,318.7,AUS,AUS,AUS,2025,World-Aquatics-Event,Senior/Open,Senior,Male,Platform,Senior Men Platform,false,false,,,,criteria-simulator/data.js
WA-4788,2025 American Cup,Senior Men Platform (Prelim),Prelim,WA-d7d389de-1265-4ece-9fd8-52f62d8cb5d8,HEDBERG,Joshua,1,463.2,USA,USA,USA,2025,World-Aquatics-Event,Senior/Open,Senior,Male,Platform,Senior Men Platform,false,false,,,,criteria-simulator/data.js
WA-4788,2025 American Cup,Senior Men Platform (Prelim),Prelim,WA-683f0ebe-77e1-4032-b815-709fcbbb4936,WEINRICH,Max,2,402.35,USA,USA,USA,2025,World-Aquatics-Event,Senior/Open,Senior,Male,Platform,Senior Men Platform,false,false,,,,criteria-simulator/data.js
WA-4788,2025 American Cup,Senior Men Platform (Prelim),Prelim,WA-bce51102-8bdd-4d8c-88c5-349ed4242695,MERCIECA,Jonah,3,401.75,AUS,AUS,AUS,2025,World-Aquatics-Event,Senior/Open,Senior,Male,Platform,Senior Men Platform,false,false,,,,criteria-simulator/data.js
WA-4788,2025 American Cup,Senior Men Platform (Prelim),Prelim,WA-6adf6db2-6355-4e9a-809e-1a15483588bd,NISHIDA,Reo,4,395.3,JPN,JPN,JPN,2025,World-Aquatics-Event,Senior/Open,Senior,Male,Platform,Senior Men Platform,false,false,,,,criteria-simulator/data.js
WA-4788,2025 American Cup,Senior Men Platform (Prelim),Prelim,WA-53c70958-dc4c-4c0e-9aac-0dd14b73ddf7,MARIKAR,Zafar,5,327.9,AUS,AUS,AUS,2025,World-Aquatics-Event,Senior/Open,Senior,Male,Platform,Senior Men Platform,false,false,,,,criteria-simulator/data.js
WA-4788,2025 American Cup,Senior Men Synchronized 3m (Final),Final,WA-f8a9e9cd-af9f-4ca0-ba11-896556b2cec4-3abd8d45-1c15-4bf9-94c8-7ebc1f3ec42e-1-JPN-1,SUYAMA,Haruki / IKUMA Senri,1,353.28,JPN,JPN,JPN,2025,World-Aquatics-Event,Senior/Open,Senior,Male,Synchro-3m,Synchro Senior Men Synchro-3m,true,false,,,,criteria-simulator/data.js
WA-4788,2025 American Cup,Senior Men Synchronized 3m (Final),Final,WA-f8a9e9cd-af9f-4ca0-ba11-896556b2cec4-3abd8d45-1c15-4bf9-94c8-7ebc1f3ec42e-2-USA-2,GRANNIS,Nathaniel / BROWN Ivor,2,347.94,USA,USA,USA,2025,World-Aquatics-Event,Senior/Open,Senior,Male,Synchro-3m,Synchro Senior Men Synchro-3m,true,false,,,,criteria-simulator/data.js
WA-4788,2025 American Cup,Senior Men Synchronized 3m (Final),Final,WA-f8a9e9cd-af9f-4ca0-ba11-896556b2cec4-3abd8d45-1c15-4bf9-94c8-7ebc1f3ec42e-3-AUS-3,WILSON,Benjamin / SKINNER Hudson,3,327.87,AUS,AUS,AUS,2025,World-Aquatics-Event,Senior/Open,Senior,Male,Synchro-3m,Synchro Senior Men Synchro-3m,true,false,,,,criteria-simulator/data.js
WA-4788,2025 American Cup,Senior Men Synchronized Platform (Final),Final,WA-8c5fd0b2-ad18-4ed5-9be2-abfbf1dc84ad-3abd8d45-1c15-4bf9-94c8-7ebc1f3ec42e-1-USA-1,HEDBERG,Joshua / TYLER Carson,1,430.29,USA,USA,USA,2025,World-Aquatics-Event,Senior/Open,Senior,Male,Synchro-Platform,Synchro Senior Men Synchro-Platform,true,false,,,,criteria-simulator/data.js
WA-4788,2025 American Cup,Senior Men Synchronized Platform (Final),Final,WA-8c5fd0b2-ad18-4ed5-9be2-abfbf1dc84ad-3abd8d45-1c15-4bf9-94c8-7ebc1f3ec42e-2-USA-2,WEINRICH,Max / GLASBERG Dashiell,2,322.56,USA,USA,USA,2025,World-Aquatics-Event,Senior/Open,Senior,Male,Synchro-Platform,Synchro Senior Men Synchro-Platform,true,false,,,,criteria-simulator/data.js
WA-4788,2025 American Cup,Senior Men Synchronized Platform (Final),Final,WA-8c5fd0b2-ad18-4ed5-9be2-abfbf1dc84ad-3abd8d45-1c15-4bf9-94c8-7ebc1f3ec42e-3-AUS-3,MARIKAR,Zafar / MERCIECA Jonah,3,321.12,AUS,AUS,AUS,2025,World-Aquatics-Event,Senior/Open,Senior,Male,Synchro-Platform,Synchro Senior Men Synchro-Platform,true,false,,,,criteria-simulator/data.js
WA-4788,2025 American Cup,Senior Men 3m (Final),Final,WA-be29c8d6-851f-401e-8069-7a66e3ca8124-3abd8d45-1c15-4bf9-94c8-7ebc1f3ec42e-1-AUS-1,SHEEHAN,Georgia / MERCIECA Jonah / PUCKERIDGE Milly / SKINNER Hudson,1,353.3,AUS,AUS,AUS,2025,World-Aquatics-Event,Senior/Open,Senior,Mixed,3M,Senior Mixed 3M,false,false,,,,criteria-simulator/data.js
WA-4788,2025 American Cup,Senior Men 3m (Final),Final,WA-be29c8d6-851f-401e-8069-7a66e3ca8124-3abd8d45-1c15-4bf9-94c8-7ebc1f3ec42e-2-USA-2,MILLER,Maxwell / VERZYL Sophia / MCAFEE Sophia / GLASBERG Dashiell,2,349.2,USA,USA,USA,2025,World-Aquatics-Event,Senior/Open,Senior,Mixed,3M,Senior Mixed 3M,false,false,,,,criteria-simulator/data.js
WA-4788,2025 American Cup,Senior Men 3m (Final),Final,WA-be29c8d6-851f-401e-8069-7a66e3ca8124-3abd8d45-1c15-4bf9-94c8-7ebc1f3ec42e-3-KOR-3,KIM,Nahyun / WOO Seongho / KANG Minhyeok / KWON Halim,3,339.2,KOR,KOR,KOR,2025,World-Aquatics-Event,Senior/Open,Senior,Mixed,3M,Senior Mixed 3M,false,false,,,,criteria-simulator/data.js
WA-4725,World Aquatics Championships - Singapore 2025,Senior Women 1m (Final),Final,WA-368575e4-e59c-4391-8f3a-11a27ecd0886,KEENEY,Maddison,1,308.0,AUS,AUS,AUS,2025,World-Championships,Senior/Open,Senior,Female,1M,Senior Women 1M,false,false,,,,criteria-simulator/data.js
WA-4725,World Aquatics Championships - Singapore 2025,Senior Women 1m (Final),Final,WA-a81546e7-9536-484b-bbc4-7f61370b05f1,LI,Yajie,2,290.25,CHN,CHN,CHN,2025,World-Championships,Senior/Open,Senior,Female,1M,Senior Women 1M,false,false,,,,criteria-simulator/data.js
WA-4725,World Aquatics Championships - Singapore 2025,Senior Women 1m (Final),Final,WA-cf176875-fdaa-4754-9fc4-16c6e151df5d,PELLACANI,Chiara,3,270.8,ITA,ITA,ITA,2025,World-Championships,Senior/Open,Senior,Female,1M,Senior Women 1M,false,false,,,,criteria-simulator/data.js
WA-4725,World Aquatics Championships - Singapore 2025,Senior Women 1m (Final),Final,WA-d98e27fd-6f11-4781-ace0-7364e65542c2,HERNANDEZ,Hailey,4,270.45,USA,USA,USA,2025,World-Championships,Senior/Open,Senior,Female,1M,Senior Women 1M,false,false,,,,criteria-simulator/data.js
WA-4725,World Aquatics Championships - Singapore 2025,Senior Women 1m (Final),Final,WA-d198d7de-8a19-4c3c-b39e-d952f24ab74d,HEIMBERG,Michelle,5,265.65,SUI,SUI,SUI,2025,World-Championships,Senior/Open,Senior,Female,1M,Senior Women 1M,false,false,,,,criteria-simulator/data.js
WA-4725,World Aquatics Championships - Singapore 2025,Senior Women 1m (Final),Final,WA-bce559ae-e3d9-44d8-b9b0-b84fc1fe8a3c,ILINYKH,Kristina,6,261.85,NAB,NAB,NAB,2025,World-Championships,Senior/Open,Senior,Female,1M,Senior Women 1M,false,false,,,,criteria-simulator/data.js
WA-4725,World Aquatics Championships - Singapore 2025,Senior Women 1m (Final),Final,WA-2e69ace0-338a-49c4-8940-9a72e28051ea,CUEVA,LOBATO Mia Zazil,7,260.05,MEX,MEX,MEX,2025,World-Championships,Senior/Open,Senior,Female,1M,Senior Women 1M,false,false,,,,criteria-simulator/data.js
WA-4725,World Aquatics Championships - Singapore 2025,Senior Women 1m (Final),Final,WA-49ea8dac-e1cf-4699-afff-a60e68b7669a,HARPER,Yasmin,8,258.45,GBR,GBR,GBR,2025,World-Championships,Senior/Open,Senior,Female,1M,Senior Women 1M,false,false,,,,criteria-simulator/data.js
WA-4725,World Aquatics Championships - Singapore 2025,Senior Women 1m (Final),Final,WA-29edadbb-b4d0-450d-924a-0fd71d0aa8b0,CHEN,Jia,9,254.8,CHN,CHN,CHN,2025,World-Championships,Senior/Open,Senior,Female,1M,Senior Women 1M,false,false,,,,criteria-simulator/data.js
WA-4725,World Aquatics Championships - Singapore 2025,Senior Women 1m (Final),Final,WA-8bcd9cc0-6a96-4c9f-b4bd-e81cf35ff3a4,BIBIKINA,Aleksandra,10,251.45,ARM,ARM,ARM,2025,World-Championships,Senior/Open,Senior,Female,1M,Senior Women 1M,false,false,,,,criteria-simulator/data.js
WA-4725,World Aquatics Championships - Singapore 2025,Senior Women 1m (Final),Final,WA-b956df6d-ff56-40e6-8d2e-37a38aece7b8,WIDERSTROM,Elna,11,234.6,SWE,SWE,SWE,2025,World-Championships,Senior/Open,Senior,Female,1M,Senior Women 1M,false,false,,,,criteria-simulator/data.js
WA-4725,World Aquatics Championships - Singapore 2025,Senior Women 1m (Final),Final,WA-e8aca9d7-d107-4f8a-92d4-0e332c7e92bc,GILLET,Nais,12,233.1,FRA,FRA,FRA,2025,World-Championships,Senior/Open,Senior,Female,1M,Senior Women 1M,false,false,,,,criteria-simulator/data.js
WA-4725,World Aquatics Championships - Singapore 2025,Senior Women 1m (Prelim),Prelim,WA-368575e4-e59c-4391-8f3a-11a27ecd0886,KEENEY,Maddison,1,301.75,AUS,AUS,AUS,2025,World-Championships,Senior/Open,Senior,Female,1M,Senior Women 1M,false,false,,,,criteria-simulator/data.js
WA-4725,World Aquatics Championships - Singapore 2025,Senior Women 1m (Prelim),Prelim,WA-29edadbb-b4d0-450d-924a-0fd71d0aa8b0,CHEN,Jia,2,288.85,CHN,CHN,CHN,2025,World-Championships,Senior/Open,Senior,Female,1M,Senior Women 1M,false,false,,,,criteria-simulator/data.js
WA-4725,World Aquatics Championships - Singapore 2025,Senior Women 1m (Prelim),Prelim,WA-a81546e7-9536-484b-bbc4-7f61370b05f1,LI,Yajie,3,283.8,CHN,CHN,CHN,2025,World-Championships,Senior/Open,Senior,Female,1M,Senior Women 1M,false,false,,,,criteria-simulator/data.js
WA-4725,World Aquatics Championships - Singapore 2025,Senior Women 1m (Prelim),Prelim,WA-d198d7de-8a19-4c3c-b39e-d952f24ab74d,HEIMBERG,Michelle,4,261.85,SUI,SUI,SUI,2025,World-Championships,Senior/Open,Senior,Female,1M,Senior Women 1M,false,false,,,,criteria-simulator/data.js
WA-4725,World Aquatics Championships - Singapore 2025,Senior Women 1m (Prelim),Prelim,WA-49ea8dac-e1cf-4699-afff-a60e68b7669a,HARPER,Yasmin,5,258.35,GBR,GBR,GBR,2025,World-Championships,Senior/Open,Senior,Female,1M,Senior Women 1M,false,false,,,,criteria-simulator/data.js
WA-4725,World Aquatics Championships - Singapore 2025,Senior Women 1m (Prelim),Prelim,WA-b956df6d-ff56-40e6-8d2e-37a38aece7b8,WIDERSTROM,Elna,6,253.4,SWE,SWE,SWE,2025,World-Championships,Senior/Open,Senior,Female,1M,Senior Women 1M,false,false,,,,criteria-simulator/data.js
WA-4725,World Aquatics Championships - Singapore 2025,Senior Women 1m (Prelim),Prelim,WA-e8aca9d7-d107-4f8a-92d4-0e332c7e92bc,GILLET,Nais,7,251.45,FRA,FRA,FRA,2025,World-Championships,Senior/Open,Senior,Female,1M,Senior Women 1M,false,false,,,,criteria-simulator/data.js
WA-4725,World Aquatics Championships - Singapore 2025,Senior Women 1m (Prelim),Prelim,WA-cf176875-fdaa-4754-9fc4-16c6e151df5d,PELLACANI,Chiara,8,251.1,ITA,ITA,ITA,2025,World-Championships,Senior/Open,Senior,Female,1M,Senior Women 1M,false,false,,,,criteria-simulator/data.js
WA-4725,World Aquatics Championships - Singapore 2025,Senior Women 1m (Prelim),Prelim,WA-d98e27fd-6f11-4781-ace0-7364e65542c2,HERNANDEZ,Hailey,9,245.45,USA,USA,USA,2025,World-Championships,Senior/Open,Senior,Female,1M,Senior Women 1M,false,false,,,,criteria-simulator/data.js
WA-4725,World Aquatics Championships - Singapore 2025,Senior Women 1m (Prelim),Prelim,WA-bce559ae-e3d9-44d8-b9b0-b84fc1fe8a3c,ILINYKH,Kristina,10,244.7,NAB,NAB,NAB,2025,World-Championships,Senior/Open,Senior,Female,1M,Senior Women 1M,false,false,,,,criteria-simulator/data.js
WA-4725,World Aquatics Championships - Singapore 2025,Senior Women 1m (Prelim),Prelim,WA-2e69ace0-338a-49c4-8940-9a72e28051ea,CUEVA,LOBATO Mia Zazil,11,242.4,MEX,MEX,MEX,2025,World-Championships,Senior/Open,Senior,Female,1M,Senior Women 1M,false,false,,,,criteria-simulator/data.js
WA-4725,World Aquatics Championships - Singapore 2025,Senior Women 1m (Prelim),Prelim,WA-8bcd9cc0-6a96-4c9f-b4bd-e81cf35ff3a4,BIBIKINA,Aleksandra,12,242.15,ARM,ARM,ARM,2025,World-Championships,Senior/Open,Senior,Female,1M,Senior Women 1M,false,false,,,,criteria-simulator/data.js
WA-4725,World Aquatics Championships - Singapore 2025,Senior Women 1m (Prelim),Prelim,WA-18a88bfe-55ce-4963-aa3b-1d2900a64a36,HENTSCHEL,Lena,13,238.65,GER,GER,GER,2025,World-Championships,Senior/Open,Senior,Female,1M,Senior Women 1M,false,false,,,,criteria-simulator/data.js
WA-4725,World Aquatics Championships - Singapore 2025,Senior Women 1m (Prelim),Prelim,WA-c5abf032-a8e7-4400-bb57-998f322a844b,SANTOS,Anna,14,237.2,BRA,BRA,BRA,2025,World-Championships,Senior/Open,Senior,Female,1M,Senior Women 1M,false,false,,,,criteria-simulator/data.js
WA-4725,World Aquatics Championships - Singapore 2025,Senior Women 1m (Prelim),Prelim,WA-e7d30a91-9236-4f31-bf05-148441d3a697,GARCIA,SIXTOS Maria Fernanda,15,237.1,MEX,MEX,MEX,2025,World-Championships,Senior/Open,Senior,Female,1M,Senior Women 1M,false,false,,,,criteria-simulator/data.js
WA-4725,World Aquatics Championships - Singapore 2025,Senior Women 1m (Prelim),Prelim,WA-31310d19-ed56-49bd-9958-a276300d01e3,SHEEHAN,Georgia,16,236.9,AUS,AUS,AUS,2025,World-Championships,Senior/Open,Senior,Female,1M,Senior Women 1M,false,false,,,,criteria-simulator/data.js
WA-4725,World Aquatics Championships - Singapore 2025,Senior Women 1m (Prelim),Prelim,WA-ce8c6ffa-fd55-4b0b-971d-c56b9ac5c06c,ERLAM,Margo,17,234.65,CAN,CAN,CAN,2025,World-Championships,Senior/Open,Senior,Female,1M,Senior Women 1M,false,false,,,,criteria-simulator/data.js
WA-4725,World Aquatics Championships - Singapore 2025,Senior Women 1m (Prelim),Prelim,WA-149b0484-eb50-419a-8d26-6899c6684e68,EISSA,Maha,18,230.5,EGY,EGY,EGY,2025,World-Championships,Senior/Open,Senior,Female,1M,Senior Women 1M,false,false,,,,criteria-simulator/data.js
WA-4725,World Aquatics Championships - Singapore 2025,Senior Women 1m (Prelim),Prelim,WA-b2f90eb5-c621-4520-b1f1-a48e04f9c6b5,KIM,Suji,19,229.5,KOR,KOR,KOR,2025,World-Championships,Senior/Open,Senior,Female,1M,Senior Women 1M,false,false,,,,criteria-simulator/data.js
WA-4725,World Aquatics Championships - Singapore 2025,Senior Women 1m (Prelim),Prelim,WA-832db27f-d1b0-4f29-bed0-4ab831c4ef10,BERTOCCHI,Elena,20,228.6,ITA,ITA,ITA,2025,World-Championships,Senior/Open,Senior,Female,1M,Senior Women 1M,false,false,,,,criteria-simulator/data.js
WA-4725,World Aquatics Championships - Singapore 2025,Senior Women 1m (Prelim),Prelim,WA-1deea48d-ce3e-4521-98e6-9bb7d4bade84,BROWN,Tilly,21,227.6,GBR,GBR,GBR,2025,World-Championships,Senior/Open,Senior,Female,1M,Senior Women 1M,false,false,,,,criteria-simulator/data.js
WA-4725,World Aquatics Championships - Singapore 2025,Senior Women 1m (Prelim),Prelim,WA-63917cb3-0ca6-45d5-b140-ded31bbeea94,WANG,Ziyi,22,222.8,HKG,HKG,HKG,2025,World-Championships,Senior/Open,Senior,Female,1M,Senior Women 1M,false,false,,,,criteria-simulator/data.js
WA-4725,World Aquatics Championships - Singapore 2025,Senior Women 1m (Prelim),Prelim,WA-53a435eb-a7f7-421a-a243-fb55668ba6c4,JANMYR,Nina,23,220.2,SWE,SWE,SWE,2025,World-Championships,Senior/Open,Senior,Female,1M,Senior Women 1M,false,false,,,,criteria-simulator/data.js
WA-4725,World Aquatics Championships - Singapore 2025,Senior Women 1m (Prelim),Prelim,WA-d03fa4f0-35a5-4011-bc18-f56eef578213,PALKHIVALA,Sonya,24,218.75,CAN,CAN,CAN,2025,World-Championships,Senior/Open,Senior,Female,1M,Senior Women 1M,false,false,,,,criteria-simulator/data.js
WA-4725,World Aquatics Championships - Singapore 2025,Senior Women 1m (Prelim),Prelim,WA-cf9f4ba1-5132-4b2d-b176-a13547f9cb09,SKRZEK,Kaja,25,218.4,POL,POL,POL,2025,World-Championships,Senior/Open,Senior,Female,1M,Senior Women 1M,false,false,,,,criteria-simulator/data.js
WA-4725,World Aquatics Championships - Singapore 2025,Senior Women 1m (Prelim),Prelim,WA-8648291f-ad46-450f-a22f-43d65bcaf0e8,JELINKOVA,Tereza,26,217.2,CZE,CZE,CZE,2025,World-Championships,Senior/Open,Senior,Female,1M,Senior Women 1M,false,false,,,,criteria-simulator/data.js
WA-4725,World Aquatics Championships - Singapore 2025,Senior Women 1m (Prelim),Prelim,WA-99a8ef1c-d43f-4248-814a-4d7496caac8f,JUNG,Dayeon,27,216.95,KOR,KOR,KOR,2025,World-Championships,Senior/Open,Senior,Female,1M,Senior Women 1M,false,false,,,,criteria-simulator/data.js
WA-4725,World Aquatics Championships - Singapore 2025,Senior Women 1m (Prelim),Prelim,WA-956370e9-efd7-4a31-a135-c3b4ef6738f7,CHAN,Tsz Ming,28,216.7,HKG,HKG,HKG,2025,World-Championships,Senior/Open,Senior,Female,1M,Senior Women 1M,false,false,,,,criteria-simulator/data.js
WA-4725,World Aquatics Championships - Singapore 2025,Senior Women 1m (Prelim),Prelim,WA-1b05aa2f-a780-4860-ac68-1efdc97e694f,PEREZ,Elizabeth,29,215.75,VEN,VEN,VEN,2025,World-Championships,Senior/Open,Senior,Female,1M,Senior Women 1M,false,false,,,,criteria-simulator/data.js
WA-4725,World Aquatics Championships - Singapore 2025,Senior Women 1m (Prelim),Prelim,WA-24104c1a-f017-4d5b-b127-814f336795ba,KWONG,Anna,30,215.35,USA,USA,USA,2025,World-Championships,Senior/Open,Senior,Female,1M,Senior Women 1M,false,false,,,,criteria-simulator/data.js
WA-4725,World Aquatics Championships - Singapore 2025,Senior Women 1m (Prelim),Prelim,WA-9ec85421-a2ac-4f49-bb7c-beb235702a07,KUPKA,Caroline,31,214.9,NOR,NOR,NOR,2025,World-Championships,Senior/Open,Senior,Female,1M,Senior Women 1M,false,false,,,,criteria-simulator/data.js
WA-4725,World Aquatics Championships - Singapore 2025,Senior Women 1m (Prelim),Prelim,WA-f2cd3bfa-f3fe-4c2b-b83f-ec67b4d7b5e1,HEYDRA,Bailey Savannah,32,214.6,RSA,RSA,RSA,2025,World-Championships,Senior/Open,Senior,Female,1M,Senior Women 1M,false,false,,,,criteria-simulator/data.js
WA-4725,World Aquatics Championships - Singapore 2025,Senior Women 1m (Prelim),Prelim,WA-5729a8b5-03ad-4195-a537-d91e52e8a3b2,FROLOVA,Viktoriia,33,214.0,NAB,NAB,NAB,2025,World-Championships,Senior/Open,Senior,Female,1M,Senior Women 1M,false,false,,,,criteria-simulator/data.js
WA-4725,World Aquatics Championships - Singapore 2025,Senior Women 1m (Prelim),Prelim,WA-21c94aca-d753-425f-94d0-a9a21526a7b0,URIBE,BERMUDEZ Viviana,34,213.2,COL,COL,COL,2025,World-Championships,Senior/Open,Senior,Female,1M,Senior Women 1M,false,false,,,,criteria-simulator/data.js
WA-4725,World Aquatics Championships - Singapore 2025,Senior Women 1m (Prelim),Prelim,WA-418944f6-7e42-4a65-8a38-f19f99dce3a8,LANDI,Juliette,35,209.75,FRA,FRA,FRA,2025,World-Championships,Senior/Open,Senior,Female,1M,Senior Women 1M,false,false,,,,criteria-simulator/data.js
WA-4725,World Aquatics Championships - Singapore 2025,Senior Women 1m (Prelim),Prelim,WA-6cf5d72d-36a6-4672-80b5-fa8b3e20ef6a,HAGA,Gladies Lariesa Garina,36,209.05,INA,INA,INA,2025,World-Championships,Senior/Open,Senior,Female,1M,Senior Women 1M,false,false,,,,criteria-simulator/data.js
WA-4725,World Aquatics Championships - Singapore 2025,Senior Women 1m (Prelim),Prelim,WA-d812bafd-d559-479d-841a-be9465cd6d39,RICCI,Ana,37,206.4,PER,PER,PER,2025,World-Championships,Senior/Open,Senior,Female,1M,Senior Women 1M,false,false,,,,criteria-simulator/data.js
WA-4725,World Aquatics Championships - Singapore 2025,Senior Women 1m (Prelim),Prelim,WA-2c235433-f15b-452e-8107-e8a538f5194c,LIRA,Luana,38,199.15,BRA,BRA,BRA,2025,World-Championships,Senior/Open,Senior,Female,1M,Senior Women 1M,false,false,,,,criteria-simulator/data.js
WA-4725,World Aquatics Championships - Singapore 2025,Senior Women 1m (Prelim),Prelim,WA-3df3cdc1-3bdb-40f9-996f-3611867232c9,BRAMMER,Grace Caitlin,39,197.7,RSA,RSA,RSA,2025,World-Championships,Senior/Open,Senior,Female,1M,Senior Women 1M,false,false,,,,criteria-simulator/data.js
WA-4725,World Aquatics Championships - Singapore 2025,Senior Women 1m (Prelim),Prelim,WA-9e9ddc56-d2a8-4fcc-ba0f-846035f32946,TAN,Ashlee Yi Xuan,40,196.85,SGP,SGP,SGP,2025,World-Championships,Senior/Open,Senior,Female,1M,Senior Women 1M,false,false,,,,criteria-simulator/data.js
WA-4725,World Aquatics Championships - Singapore 2025,Senior Women 1m (Prelim),Prelim,WA-111a14b2-7b89-41ed-b749-63fbf4b4a1a8,VALORE,Laura,41,193.8,DEN,DEN,DEN,2025,World-Championships,Senior/Open,Senior,Female,1M,Senior Women 1M,false,false,,,,criteria-simulator/data.js
WA-4725,World Aquatics Championships - Singapore 2025,Senior Women 1m (Prelim),Prelim,WA-7aefaccb-1077-40a1-88d6-53e35ccd7494,KIM,Ji Hye,42,193.7,PRK,PRK,PRK,2025,World-Championships,Senior/Open,Senior,Female,1M,Senior Women 1M,false,false,,,,criteria-simulator/data.js
WA-4725,World Aquatics Championships - Singapore 2025,Senior Women 1m (Prelim),Prelim,WA-e5c22b9a-032d-4bf8-996d-62b6ec362cae,BLAZOWSKA,Aleksandra,43,188.8,POL,POL,POL,2025,World-Championships,Senior/Open,Senior,Female,1M,Senior Women 1M,false,false,,,,criteria-simulator/data.js
WA-4725,World Aquatics Championships - Singapore 2025,Senior Women 1m (Prelim),Prelim,WA-52a3634a-85e2-42f9-9912-de21c8464ead,BOCHEK,Kseniia,44,186.55,UKR,UKR,UKR,2025,World-Championships,Senior/Open,Senior,Female,1M,Senior Women 1M,false,false,,,,criteria-simulator/data.js
WA-4725,World Aquatics Championships - Singapore 2025,Senior Women 1m (Prelim),Prelim,WA-8a242e60-ae74-48ee-9040-fe7c286e66c1,FONG,Kay Yian,45,184.35,SGP,SGP,SGP,2025,World-Championships,Senior/Open,Senior,Female,1M,Senior Women 1M,false,false,,,,criteria-simulator/data.js
WA-4725,World Aquatics Championships - Singapore 2025,Senior Women 1m (Prelim),Prelim,WA-320736f7-e6b1-4a35-aa66-488b3e0533c3,DRAKE,Ariana Hannah,46,182.0,PHI,PHI,PHI,2025,World-Championships,Senior/Open,Senior,Female,1M,Senior Women 1M,false,false,,,,criteria-simulator/data.js
WA-4725,World Aquatics Championships - Singapore 2025,Senior Women 1m (Prelim),Prelim,WA-ec5dbce6-8475-4698-a037-aa2d54bfd5b3,MEDKOVA,Ivana,47,177.15,CZE,CZE,CZE,2025,World-Championships,Senior/Open,Senior,Female,1M,Senior Women 1M,false,false,,,,criteria-simulator/data.js
WA-4725,World Aquatics Championships - Singapore 2025,Senior Women 1m (Prelim),Prelim,WA-091bb687-209d-408f-b890-d107fc272e79,CHEN,Jacqueline,48,174.5,TPE,TPE,TPE,2025,World-Championships,Senior/Open,Senior,Female,1M,Senior Women 1M,false,false,,,,criteria-simulator/data.js
WA-4725,World Aquatics Championships - Singapore 2025,Senior Women 1m (Prelim),Prelim,WA-b6fec7a8-8f8a-400b-b464-4486df618bd2,SQUIRE,Maggie,49,167.3,NZL,NZL,NZL,2025,World-Championships,Senior/Open,Senior,Female,1M,Senior Women 1M,false,false,,,,criteria-simulator/data.js
WA-4725,World Aquatics Championships - Singapore 2025,Senior Women 1m (Prelim),Prelim,WA-2c5f3205-4f1d-403c-b9fb-4b374f75a070,SUDIRMAN,Nur Mufiidah,50,151.3,INA,INA,INA,2025,World-Championships,Senior/Open,Senior,Female,1M,Senior Women 1M,false,false,,,,criteria-simulator/data.js
WA-4725,World Aquatics Championships - Singapore 2025,Senior Women 1m (Prelim),Prelim,WA-81d4d77a-47ab-48d3-a910-701321a91651,CHEN,Barbara,51,145.75,TPE,TPE,TPE,2025,World-Championships,Senior/Open,Senior,Female,1M,Senior Women 1M,false,false,,,,criteria-simulator/data.js
WA-4725,World Aquatics Championships - Singapore 2025,Senior Women 1m (Prelim),Prelim,WA-7df17de3-339e-4f4c-bceb-28859d321b39,KARNAFEL,Diana,,,UKR,UKR,UKR,2025,World-Championships,Senior/Open,Senior,Female,1M,Senior Women 1M,false,false,,,,criteria-simulator/data.js
WA-4725,World Aquatics Championships - Singapore 2025,Senior Women 1m (Prelim),Prelim,WA-40fdb4af-1989-42d6-8e2a-f713622c04a6,SHANIDZE,Mariam,,,GEO,GEO,GEO,2025,World-Championships,Senior/Open,Senior,Female,1M,Senior Women 1M,false,false,,,,criteria-simulator/data.js
WA-4725,World Aquatics Championships - Singapore 2025,Senior Women 3m (Final),Final,WA-6dafbcbb-ef90-4cf4-b5f5-23134da47c96,CHEN,Yiwen,1,389.7,CHN,CHN,CHN,2025,World-Championships,Senior/Open,Senior,Female,3M,Senior Women 3M,false,false,,,,criteria-simulator/data.js
WA-4725,World Aquatics Championships - Singapore 2025,Senior Women 3m (Final),Final,WA-29edadbb-b4d0-450d-924a-0fd71d0aa8b0,CHEN,Jia,2,356.4,CHN,CHN,CHN,2025,World-Championships,Senior/Open,Senior,Female,3M,Senior Women 3M,false,false,,,,criteria-simulator/data.js
WA-4725,World Aquatics Championships - Singapore 2025,Senior Women 3m (Final),Final,WA-cf176875-fdaa-4754-9fc4-16c6e151df5d,PELLACANI,Chiara,3,323.2,ITA,ITA,ITA,2025,World-Championships,Senior/Open,Senior,Female,3M,Senior Women 3M,false,false,,,,criteria-simulator/data.js
WA-4725,World Aquatics Championships - Singapore 2025,Senior Women 3m (Final),Final,WA-18a88bfe-55ce-4963-aa3b-1d2900a64a36,HENTSCHEL,Lena,4,321.6,GER,GER,GER,2025,World-Championships,Senior/Open,Senior,Female,3M,Senior Women 3M,false,false,,,,criteria-simulator/data.js
WA-4725,World Aquatics Championships - Singapore 2025,Senior Women 3m (Final),Final,WA-f8c22435-17b2-4a9a-aad2-a6eab903e36e,MIKAMI,Sayaka,5,320.15,JPN,JPN,JPN,2025,World-Championships,Senior/Open,Senior,Female,3M,Senior Women 3M,false,false,,,,criteria-simulator/data.js
WA-4725,World Aquatics Championships - Singapore 2025,Senior Women 3m (Final),Final,WA-368575e4-e59c-4391-8f3a-11a27ecd0886,KEENEY,Maddison,6,310.6,AUS,AUS,AUS,2025,World-Championships,Senior/Open,Senior,Female,3M,Senior Women 3M,false,false,,,,criteria-simulator/data.js
WA-4725,World Aquatics Championships - Singapore 2025,Senior Women 3m (Final),Final,WA-bce559ae-e3d9-44d8-b9b0-b84fc1fe8a3c,ILINYKH,Kristina,7,310.3,NAB,NAB,NAB,2025,World-Championships,Senior/Open,Senior,Female,3M,Senior Women 3M,false,false,,,,criteria-simulator/data.js
WA-4725,World Aquatics Championships - Singapore 2025,Senior Women 3m (Final),Final,WA-d198d7de-8a19-4c3c-b39e-d952f24ab74d,HEIMBERG,Michelle,8,309.45,SUI,SUI,SUI,2025,World-Championships,Senior/Open,Senior,Female,3M,Senior Women 3M,false,false,,,,criteria-simulator/data.js
WA-4725,World Aquatics Championships - Singapore 2025,Senior Women 3m (Final),Final,WA-dcdb35d6-8e8e-4bb4-b3a7-b151b4c15949,VAZQUEZ,MONTANO Aranza,9,297.45,MEX,MEX,MEX,2025,World-Championships,Senior/Open,Senior,Female,3M,Senior Women 3M,false,false,,,,criteria-simulator/data.js
WA-4725,World Aquatics Championships - Singapore 2025,Senior Women 3m (Final),Final,WA-eda28461-e971-4700-a74a-ccdcb723094a,PIZZINI,Elisa,10,280.8,ITA,ITA,ITA,2025,World-Championships,Senior/Open,Senior,Female,3M,Senior Women 3M,false,false,,,,criteria-simulator/data.js
WA-4725,World Aquatics Championships - Singapore 2025,Senior Women 3m (Final),Final,WA-1b83c525-26a3-4a63-8ebb-6a6d337427f5,JASMIN,Amelie-Laura,11,271.5,CAN,CAN,CAN,2025,World-Championships,Senior/Open,Senior,Female,3M,Senior Women 3M,false,false,,,,criteria-simulator/data.js
WA-4725,World Aquatics Championships - Singapore 2025,Senior Women 3m (Final),Final,WA-e7d30a91-9236-4f31-bf05-148441d3a697,GARCIA,SIXTOS Maria Fernanda,12,270.55,MEX,MEX,MEX,2025,World-Championships,Senior/Open,Senior,Female,3M,Senior Women 3M,false,false,,,,criteria-simulator/data.js
WA-4725,World Aquatics Championships - Singapore 2025,Senior Women 3m (Semifinal),Semifinal,WA-6dafbcbb-ef90-4cf4-b5f5-23134da47c96,CHEN,Yiwen,1,358.05,CHN,CHN,CHN,2025,World-Championships,Senior/Open,Senior,Female,3M,Senior Women 3M,false,false,,,,criteria-simulator/data.js
WA-4725,World Aquatics Championships - Singapore 2025,Senior Women 3m (Semifinal),Semifinal,WA-29edadbb-b4d0-450d-924a-0fd71d0aa8b0,CHEN,Jia,2,347.4,CHN,CHN,CHN,2025,World-Championships,Senior/Open,Senior,Female,3M,Senior Women 3M,false,false,,,,criteria-simulator/data.js
WA-4725,World Aquatics Championships - Singapore 2025,Senior Women 3m (Semifinal),Semifinal,WA-368575e4-e59c-4391-8f3a-11a27ecd0886,KEENEY,Maddison,3,317.3,AUS,AUS,AUS,2025,World-Championships,Senior/Open,Senior,Female,3M,Senior Women 3M,false,false,,,,criteria-simulator/data.js
WA-4725,World Aquatics Championships - Singapore 2025,Senior Women 3m (Semifinal),Semifinal,WA-cf176875-fdaa-4754-9fc4-16c6e151df5d,PELLACANI,Chiara,4,310.8,ITA,ITA,ITA,2025,World-Championships,Senior/Open,Senior,Female,3M,Senior Women 3M,false,false,,,,criteria-simulator/data.js
WA-4725,World Aquatics Championships - Singapore 2025,Senior Women 3m (Semifinal),Semifinal,WA-bce559ae-e3d9-44d8-b9b0-b84fc1fe8a3c,ILINYKH,Kristina,5,308.3,NAB,NAB,NAB,2025,World-Championships,Senior/Open,Senior,Female,3M,Senior Women 3M,false,false,,,,criteria-simulator/data.js
WA-4725,World Aquatics Championships - Singapore 2025,Senior Women 3m (Semifinal),Semifinal,WA-dcdb35d6-8e8e-4bb4-b3a7-b151b4c15949,VAZQUEZ,MONTANO Aranza,6,304.8,MEX,MEX,MEX,2025,World-Championships,Senior/Open,Senior,Female,3M,Senior Women 3M,false,false,,,,criteria-simulator/data.js
WA-4725,World Aquatics Championships - Singapore 2025,Senior Women 3m (Semifinal),Semifinal,WA-f8c22435-17b2-4a9a-aad2-a6eab903e36e,MIKAMI,Sayaka,7,300.45,JPN,JPN,JPN,2025,World-Championships,Senior/Open,Senior,Female,3M,Senior Women 3M,false,false,,,,criteria-simulator/data.js
WA-4725,World Aquatics Championships - Singapore 2025,Senior Women 3m (Semifinal),Semifinal,WA-18a88bfe-55ce-4963-aa3b-1d2900a64a36,HENTSCHEL,Lena,8,287.05,GER,GER,GER,2025,World-Championships,Senior/Open,Senior,Female,3M,Senior Women 3M,false,false,,,,criteria-simulator/data.js
WA-4725,World Aquatics Championships - Singapore 2025,Senior Women 3m (Semifinal),Semifinal,WA-eda28461-e971-4700-a74a-ccdcb723094a,PIZZINI,Elisa,9,283.8,ITA,ITA,ITA,2025,World-Championships,Senior/Open,Senior,Female,3M,Senior Women 3M,false,false,,,,criteria-simulator/data.js
WA-4725,World Aquatics Championships - Singapore 2025,Senior Women 3m (Semifinal),Semifinal,WA-1b83c525-26a3-4a63-8ebb-6a6d337427f5,JASMIN,Amelie-Laura,10,282.4,CAN,CAN,CAN,2025,World-Championships,Senior/Open,Senior,Female,3M,Senior Women 3M,false,false,,,,criteria-simulator/data.js
WA-4725,World Aquatics Championships - Singapore 2025,Senior Women 3m (Semifinal),Semifinal,WA-d198d7de-8a19-4c3c-b39e-d952f24ab74d,HEIMBERG,Michelle,11,282.15,SUI,SUI,SUI,2025,World-Championships,Senior/Open,Senior,Female,3M,Senior Women 3M,false,false,,,,criteria-simulator/data.js
WA-4725,World Aquatics Championships - Singapore 2025,Senior Women 3m (Semifinal),Semifinal,WA-e7d30a91-9236-4f31-bf05-148441d3a697,GARCIA,SIXTOS Maria Fernanda,12,279.5,MEX,MEX,MEX,2025,World-Championships,Senior/Open,Senior,Female,3M,Senior Women 3M,false,false,,,,criteria-simulator/data.js
WA-4725,World Aquatics Championships - Singapore 2025,Senior Women 3m (Semifinal),Semifinal,WA-84abb6f6-fdf2-48a2-8732-83f2a642a347,MULLER,Jette,13,279.4,GER,GER,GER,2025,World-Championships,Senior/Open,Senior,Female,3M,Senior Women 3M,false,false,,,,criteria-simulator/data.js
WA-4725,World Aquatics Championships - Singapore 2025,Senior Women 3m (Semifinal),Semifinal,WA-4106e0f7-f59b-4793-88b7-55856d5c1faf,REID,Grace,14,277.65,GBR,GBR,GBR,2025,World-Championships,Senior/Open,Senior,Female,3M,Senior Women 3M,false,false,,,,criteria-simulator/data.js
WA-4725,World Aquatics Championships - Singapore 2025,Senior Women 3m (Semifinal),Semifinal,WA-332fb9f9-ca44-4b1d-b738-18838821f2f9,VERZYL,Sophia,15,255.55,USA,USA,USA,2025,World-Championships,Senior/Open,Senior,Female,3M,Senior Women 3M,false,false,,,,criteria-simulator/data.js
WA-4725,World Aquatics Championships - Singapore 2025,Senior Women 3m (Semifinal),Semifinal,WA-2a08e85f-37c1-4589-b41b-0457f0e97fe6,GARCIA,NAVARRO Anisley,16,248.3,CUB,CUB,CUB,2025,World-Championships,Senior/Open,Senior,Female,3M,Senior Women 3M,false,false,,,,criteria-simulator/data.js
WA-4725,World Aquatics Championships - Singapore 2025,Senior Women 3m (Semifinal),Semifinal,WA-8bcd9cc0-6a96-4c9f-b4bd-e81cf35ff3a4,BIBIKINA,Aleksandra,17,239.1,ARM,ARM,ARM,2025,World-Championships,Senior/Open,Senior,Female,3M,Senior Women 3M,false,false,,,,criteria-simulator/data.js
WA-4725,World Aquatics Championships - Singapore 2025,Senior Women 3m (Semifinal),Semifinal,WA-99a8ef1c-d43f-4248-814a-4d7496caac8f,JUNG,Dayeon,18,226.3,KOR,KOR,KOR,2025,World-Championships,Senior/Open,Senior,Female,3M,Senior Women 3M,false,false,,,,criteria-simulator/data.js
WA-4725,World Aquatics Championships - Singapore 2025,Senior Women 3m (Prelim),Prelim,WA-29edadbb-b4d0-450d-924a-0fd71d0aa8b0,CHEN,Jia,1,342.95,CHN,CHN,CHN,2025,World-Championships,Senior/Open,Senior,Female,3M,Senior Women 3M,false,false,,,,criteria-simulator/data.js
WA-4725,World Aquatics Championships - Singapore 2025,Senior Women 3m (Prelim),Prelim,WA-6dafbcbb-ef90-4cf4-b5f5-23134da47c96,CHEN,Yiwen,2,323.3,CHN,CHN,CHN,2025,World-Championships,Senior/Open,Senior,Female,3M,Senior Women 3M,false,false,,,,criteria-simulator/data.js
WA-4725,World Aquatics Championships - Singapore 2025,Senior Women 3m (Prelim),Prelim,WA-332fb9f9-ca44-4b1d-b738-18838821f2f9,VERZYL,Sophia,3,307.15,USA,USA,USA,2025,World-Championships,Senior/Open,Senior,Female,3M,Senior Women 3M,false,false,,,,criteria-simulator/data.js
WA-4725,World Aquatics Championships - Singapore 2025,Senior Women 3m (Prelim),Prelim,WA-dcdb35d6-8e8e-4bb4-b3a7-b151b4c15949,VAZQUEZ,MONTANO Aranza,4,303.45,MEX,MEX,MEX,2025,World-Championships,Senior/Open,Senior,Female,3M,Senior Women 3M,false,false,,,,criteria-simulator/data.js
WA-4725,World Aquatics Championships - Singapore 2025,Senior Women 3m (Prelim),Prelim,WA-d198d7de-8a19-4c3c-b39e-d952f24ab74d,HEIMBERG,Michelle,4,303.45,SUI,SUI,SUI,2025,World-Championships,Senior/Open,Senior,Female,3M,Senior Women 3M,false,false,,,,criteria-simulator/data.js
WA-4725,World Aquatics Championships - Singapore 2025,Senior Women 3m (Prelim),Prelim,WA-cf176875-fdaa-4754-9fc4-16c6e151df5d,PELLACANI,Chiara,6,302.05,ITA,ITA,ITA,2025,World-Championships,Senior/Open,Senior,Female,3M,Senior Women 3M,false,false,,,,criteria-simulator/data.js
WA-4725,World Aquatics Championships - Singapore 2025,Senior Women 3m (Prelim),Prelim,WA-368575e4-e59c-4391-8f3a-11a27ecd0886,KEENEY,Maddison,7,291.8,AUS,AUS,AUS,2025,World-Championships,Senior/Open,Senior,Female,3M,Senior Women 3M,false,false,,,,criteria-simulator/data.js
WA-4725,World Aquatics Championships - Singapore 2025,Senior Women 3m (Prelim),Prelim,WA-8bcd9cc0-6a96-4c9f-b4bd-e81cf35ff3a4,BIBIKINA,Aleksandra,8,291.3,ARM,ARM,ARM,2025,World-Championships,Senior/Open,Senior,Female,3M,Senior Women 3M,false,false,,,,criteria-simulator/data.js
WA-4725,World Aquatics Championships - Singapore 2025,Senior Women 3m (Prelim),Prelim,WA-bce559ae-e3d9-44d8-b9b0-b84fc1fe8a3c,ILINYKH,Kristina,9,291.0,NAB,NAB,NAB,2025,World-Championships,Senior/Open,Senior,Female,3M,Senior Women 3M,false,false,,,,criteria-simulator/data.js
WA-4725,World Aquatics Championships - Singapore 2025,Senior Women 3m (Prelim),Prelim,WA-1b83c525-26a3-4a63-8ebb-6a6d337427f5,JASMIN,Amelie-Laura,10,290.1,CAN,CAN,CAN,2025,World-Championships,Senior/Open,Senior,Female,3M,Senior Women 3M,false,false,,,,criteria-simulator/data.js
WA-4725,World Aquatics Championships - Singapore 2025,Senior Women 3m (Prelim),Prelim,WA-4106e0f7-f59b-4793-88b7-55856d5c1faf,REID,Grace,11,283.9,GBR,GBR,GBR,2025,World-Championships,Senior/Open,Senior,Female,3M,Senior Women 3M,false,false,,,,criteria-simulator/data.js
WA-4725,World Aquatics Championships - Singapore 2025,Senior Women 3m (Prelim),Prelim,WA-f8c22435-17b2-4a9a-aad2-a6eab903e36e,MIKAMI,Sayaka,12,283.75,JPN,JPN,JPN,2025,World-Championships,Senior/Open,Senior,Female,3M,Senior Women 3M,false,false,,,,criteria-simulator/data.js
WA-4725,World Aquatics Championships - Singapore 2025,Senior Women 3m (Prelim),Prelim,WA-2a08e85f-37c1-4589-b41b-0457f0e97fe6,GARCIA,NAVARRO Anisley,13,278.7,CUB,CUB,CUB,2025,World-Championships,Senior/Open,Senior,Female,3M,Senior Women 3M,false,false,,,,criteria-simulator/data.js
WA-4725,World Aquatics Championships - Singapore 2025,Senior Women 3m (Prelim),Prelim,WA-99a8ef1c-d43f-4248-814a-4d7496caac8f,JUNG,Dayeon,14,277.75,KOR,KOR,KOR,2025,World-Championships,Senior/Open,Senior,Female,3M,Senior Women 3M,false,false,,,,criteria-simulator/data.js
WA-4725,World Aquatics Championships - Singapore 2025,Senior Women 3m (Prelim),Prelim,WA-eda28461-e971-4700-a74a-ccdcb723094a,PIZZINI,Elisa,15,277.7,ITA,ITA,ITA,2025,World-Championships,Senior/Open,Senior,Female,3M,Senior Women 3M,false,false,,,,criteria-simulator/data.js
WA-4725,World Aquatics Championships - Singapore 2025,Senior Women 3m (Prelim),Prelim,WA-e7d30a91-9236-4f31-bf05-148441d3a697,GARCIA,SIXTOS Maria Fernanda,16,270.45,MEX,MEX,MEX,2025,World-Championships,Senior/Open,Senior,Female,3M,Senior Women 3M,false,false,,,,criteria-simulator/data.js
WA-4725,World Aquatics Championships - Singapore 2025,Senior Women 3m (Prelim),Prelim,WA-18a88bfe-55ce-4963-aa3b-1d2900a64a36,HENTSCHEL,Lena,17,268.85,GER,GER,GER,2025,World-Championships,Senior/Open,Senior,Female,3M,Senior Women 3M,false,false,,,,criteria-simulator/data.js
WA-4725,World Aquatics Championships - Singapore 2025,Senior Women 3m (Prelim),Prelim,WA-84abb6f6-fdf2-48a2-8732-83f2a642a347,MULLER,Jette,18,268.65,GER,GER,GER,2025,World-Championships,Senior/Open,Senior,Female,3M,Senior Women 3M,false,false,,,,criteria-simulator/data.js
WA-4725,World Aquatics Championships - Singapore 2025,Senior Women 3m (Prelim),Prelim,WA-149b0484-eb50-419a-8d26-6899c6684e68,EISSA,Maha,19,261.45,EGY,EGY,EGY,2025,World-Championships,Senior/Open,Senior,Female,3M,Senior Women 3M,false,false,,,,criteria-simulator/data.js
WA-4725,World Aquatics Championships - Singapore 2025,Senior Women 3m (Prelim),Prelim,WA-ce8c6ffa-fd55-4b0b-971d-c56b9ac5c06c,ERLAM,Margo,20,260.1,CAN,CAN,CAN,2025,World-Championships,Senior/Open,Senior,Female,3M,Senior Women 3M,false,false,,,,criteria-simulator/data.js
WA-4725,World Aquatics Championships - Singapore 2025,Senior Women 3m (Prelim),Prelim,WA-cf9f4ba1-5132-4b2d-b176-a13547f9cb09,SKRZEK,Kaja,21,259.6,POL,POL,POL,2025,World-Championships,Senior/Open,Senior,Female,3M,Senior Women 3M,false,false,,,,criteria-simulator/data.js
WA-4725,World Aquatics Championships - Singapore 2025,Senior Women 3m (Prelim),Prelim,WA-e8aca9d7-d107-4f8a-92d4-0e332c7e92bc,GILLET,Nais,22,259.55,FRA,FRA,FRA,2025,World-Championships,Senior/Open,Senior,Female,3M,Senior Women 3M,false,false,,,,criteria-simulator/data.js
WA-4725,World Aquatics Championships - Singapore 2025,Senior Women 3m (Prelim),Prelim,WA-52a3634a-85e2-42f9-9912-de21c8464ead,BOCHEK,Kseniia,23,259.2,UKR,UKR,UKR,2025,World-Championships,Senior/Open,Senior,Female,3M,Senior Women 3M,false,false,,,,criteria-simulator/data.js
WA-4725,World Aquatics Championships - Singapore 2025,Senior Women 3m (Prelim),Prelim,WA-21c94aca-d753-425f-94d0-a9a21526a7b0,URIBE,BERMUDEZ Viviana,24,256.05,COL,COL,COL,2025,World-Championships,Senior/Open,Senior,Female,3M,Senior Women 3M,false,false,,,,criteria-simulator/data.js
WA-4725,World Aquatics Championships - Singapore 2025,Senior Women 3m (Prelim),Prelim,WA-584b55ab-bfd8-4cc0-a9a3-fdc344c7e5ac,WITTE,Lily,25,255.45,USA,USA,USA,2025,World-Championships,Senior/Open,Senior,Female,3M,Senior Women 3M,false,false,,,,criteria-simulator/data.js
WA-4725,World Aquatics Championships - Singapore 2025,Senior Women 3m (Prelim),Prelim,WA-2c235433-f15b-452e-8107-e8a538f5194c,LIRA,Luana,26,252.3,BRA,BRA,BRA,2025,World-Championships,Senior/Open,Senior,Female,3M,Senior Women 3M,false,false,,,,criteria-simulator/data.js
WA-4725,World Aquatics Championships - Singapore 2025,Senior Women 3m (Prelim),Prelim,WA-b956df6d-ff56-40e6-8d2e-37a38aece7b8,WIDERSTROM,Elna,27,249.8,SWE,SWE,SWE,2025,World-Championships,Senior/Open,Senior,Female,3M,Senior Women 3M,false,false,,,,criteria-simulator/data.js
WA-4725,World Aquatics Championships - Singapore 2025,Senior Women 3m (Prelim),Prelim,WA-979e3fcb-7191-4a44-b6a7-aed5af5dfa23,KUZINA,Elizaveta,28,249.2,NAB,NAB,NAB,2025,World-Championships,Senior/Open,Senior,Female,3M,Senior Women 3M,false,false,,,,criteria-simulator/data.js
WA-4725,World Aquatics Championships - Singapore 2025,Senior Women 3m (Prelim),Prelim,WA-f2cd3bfa-f3fe-4c2b-b83f-ec67b4d7b5e1,HEYDRA,Bailey Savannah,29,242.4,RSA,RSA,RSA,2025,World-Championships,Senior/Open,Senior,Female,3M,Senior Women 3M,false,false,,,,criteria-simulator/data.js
WA-4725,World Aquatics Championships - Singapore 2025,Senior Women 3m (Prelim),Prelim,WA-e5c22b9a-032d-4bf8-996d-62b6ec362cae,BLAZOWSKA,Aleksandra,30,237.7,POL,POL,POL,2025,World-Championships,Senior/Open,Senior,Female,3M,Senior Women 3M,false,false,,,,criteria-simulator/data.js
WA-4725,World Aquatics Championships - Singapore 2025,Senior Women 3m (Prelim),Prelim,WA-8648291f-ad46-450f-a22f-43d65bcaf0e8,JELINKOVA,Tereza,30,237.7,CZE,CZE,CZE,2025,World-Championships,Senior/Open,Senior,Female,3M,Senior Women 3M,false,false,,,,criteria-simulator/data.js
WA-4725,World Aquatics Championships - Singapore 2025,Senior Women 3m (Prelim),Prelim,WA-418944f6-7e42-4a65-8a38-f19f99dce3a8,LANDI,Juliette,32,234.35,FRA,FRA,FRA,2025,World-Championships,Senior/Open,Senior,Female,3M,Senior Women 3M,false,false,,,,criteria-simulator/data.js
WA-4725,World Aquatics Championships - Singapore 2025,Senior Women 3m (Prelim),Prelim,WA-22699d3a-dc39-457e-8714-15cc91d7330d,ROLLINSON,Amy,33,230.7,GBR,GBR,GBR,2025,World-Championships,Senior/Open,Senior,Female,3M,Senior Women 3M,false,false,,,,criteria-simulator/data.js
WA-4725,World Aquatics Championships - Singapore 2025,Senior Women 3m (Prelim),Prelim,WA-d812bafd-d559-479d-841a-be9465cd6d39,RICCI,Ana,34,229.1,PER,PER,PER,2025,World-Championships,Senior/Open,Senior,Female,3M,Senior Women 3M,false,false,,,,criteria-simulator/data.js
WA-4725,World Aquatics Championships - Singapore 2025,Senior Women 3m (Prelim),Prelim,WA-31310d19-ed56-49bd-9958-a276300d01e3,SHEEHAN,Georgia,35,228.25,AUS,AUS,AUS,2025,World-Championships,Senior/Open,Senior,Female,3M,Senior Women 3M,false,false,,,,criteria-simulator/data.js
WA-4725,World Aquatics Championships - Singapore 2025,Senior Women 3m (Prelim),Prelim,WA-9ec85421-a2ac-4f49-bb7c-beb235702a07,KUPKA,Caroline,36,224.95,NOR,NOR,NOR,2025,World-Championships,Senior/Open,Senior,Female,3M,Senior Women 3M,false,false,,,,criteria-simulator/data.js
WA-4725,World Aquatics Championships - Singapore 2025,Senior Women 3m (Prelim),Prelim,WA-320736f7-e6b1-4a35-aa66-488b3e0533c3,DRAKE,Ariana Hannah,37,223.95,PHI,PHI,PHI,2025,World-Championships,Senior/Open,Senior,Female,3M,Senior Women 3M,false,false,,,,criteria-simulator/data.js
WA-4725,World Aquatics Championships - Singapore 2025,Senior Women 3m (Prelim),Prelim,WA-6cf5d72d-36a6-4672-80b5-fa8b3e20ef6a,HAGA,Gladies Lariesa Garina,38,220.1,INA,INA,INA,2025,World-Championships,Senior/Open,Senior,Female,3M,Senior Women 3M,false,false,,,,criteria-simulator/data.js
WA-4725,World Aquatics Championships - Singapore 2025,Senior Women 3m (Prelim),Prelim,WA-091bb687-209d-408f-b890-d107fc272e79,CHEN,Jacqueline,39,212.35,TPE,TPE,TPE,2025,World-Championships,Senior/Open,Senior,Female,3M,Senior Women 3M,false,false,,,,criteria-simulator/data.js
WA-4725,World Aquatics Championships - Singapore 2025,Senior Women 3m (Prelim),Prelim,WA-9b2386ce-59ec-4528-9d31-c41fc42c2245,LIAW,Clara,40,210.6,SGP,SGP,SGP,2025,World-Championships,Senior/Open,Senior,Female,3M,Senior Women 3M,false,false,,,,criteria-simulator/data.js
WA-4725,World Aquatics Championships - Singapore 2025,Senior Women 3m (Prelim),Prelim,WA-81d4d77a-47ab-48d3-a910-701321a91651,CHEN,Barbara,41,205.35,TPE,TPE,TPE,2025,World-Championships,Senior/Open,Senior,Female,3M,Senior Women 3M,false,false,,,,criteria-simulator/data.js
WA-4725,World Aquatics Championships - Singapore 2025,Senior Women 3m (Prelim),Prelim,WA-53a435eb-a7f7-421a-a243-fb55668ba6c4,JANMYR,Nina,42,205.1,SWE,SWE,SWE,2025,World-Championships,Senior/Open,Senior,Female,3M,Senior Women 3M,false,false,,,,criteria-simulator/data.js
WA-4725,World Aquatics Championships - Singapore 2025,Senior Women 3m (Prelim),Prelim,WA-c5abf032-a8e7-4400-bb57-998f322a844b,SANTOS,Anna,43,198.4,BRA,BRA,BRA,2025,World-Championships,Senior/Open,Senior,Female,3M,Senior Women 3M,false,false,,,,criteria-simulator/data.js
WA-4725,World Aquatics Championships - Singapore 2025,Senior Women 3m (Prelim),Prelim,WA-75b2091b-a243-46ef-a457-1cfb9b1cda38,LEE,Yejoo,44,197.15,KOR,KOR,KOR,2025,World-Championships,Senior/Open,Senior,Female,3M,Senior Women 3M,false,false,,,,criteria-simulator/data.js
WA-4725,World Aquatics Championships - Singapore 2025,Senior Women 3m (Prelim),Prelim,WA-40fdb4af-1989-42d6-8e2a-f713622c04a6,SHANIDZE,Mariam,45,195.85,GEO,GEO,GEO,2025,World-Championships,Senior/Open,Senior,Female,3M,Senior Women 3M,false,false,,,,criteria-simulator/data.js
WA-4725,World Aquatics Championships - Singapore 2025,Senior Women 3m (Prelim),Prelim,WA-8a242e60-ae74-48ee-9040-fe7c286e66c1,FONG,Kay Yian,46,193.25,SGP,SGP,SGP,2025,World-Championships,Senior/Open,Senior,Female,3M,Senior Women 3M,false,false,,,,criteria-simulator/data.js
WA-4725,World Aquatics Championships - Singapore 2025,Senior Women 3m (Prelim),Prelim,WA-956370e9-efd7-4a31-a135-c3b4ef6738f7,CHAN,Tsz Ming,47,187.95,HKG,HKG,HKG,2025,World-Championships,Senior/Open,Senior,Female,3M,Senior Women 3M,false,false,,,,criteria-simulator/data.js
WA-4725,World Aquatics Championships - Singapore 2025,Senior Women 3m (Prelim),Prelim,WA-ec5dbce6-8475-4698-a037-aa2d54bfd5b3,MEDKOVA,Ivana,48,182.55,CZE,CZE,CZE,2025,World-Championships,Senior/Open,Senior,Female,3M,Senior Women 3M,false,false,,,,criteria-simulator/data.js
WA-4725,World Aquatics Championships - Singapore 2025,Senior Women 3m (Prelim),Prelim,WA-a63c17bb-9d63-48c5-8ddd-fadff6c8069b,LEUNG,Ka Sin,49,153.5,HKG,HKG,HKG,2025,World-Championships,Senior/Open,Senior,Female,3M,Senior Women 3M,false,false,,,,criteria-simulator/data.js
WA-4725,World Aquatics Championships - Singapore 2025,Senior Women 3m (Prelim),Prelim,WA-3cd05a7a-c271-4243-9586-45de58520fa9,METHULA,Zalika Reuel,50,153.0,RSA,RSA,RSA,2025,World-Championships,Senior/Open,Senior,Female,3M,Senior Women 3M,false,false,,,,criteria-simulator/data.js
WA-4725,World Aquatics Championships - Singapore 2025,Senior Women 3m (Prelim),Prelim,WA-2a12843d-fa53-4c93-b72c-10b09e423a9b,SURYAWANSHI,Shravani Pratap,51,138.9,IND,IND,IND,2025,World-Championships,Senior/Open,Senior,Female,3M,Senior Women 3M,false,false,,,,criteria-simulator/data.js
WA-4725,World Aquatics Championships - Singapore 2025,Senior Women 3m (Prelim),Prelim,WA-71e1638d-3420-4177-90b4-3e90609e868e,SHARMA,Palak,52,127.95,IND,IND,IND,2025,World-Championships,Senior/Open,Senior,Female,3M,Senior Women 3M,false,false,,,,criteria-simulator/data.js
WA-4725,World Aquatics Championships - Singapore 2025,Senior Women 3m (Prelim),Prelim,WA-7df17de3-339e-4f4c-bceb-28859d321b39,KARNAFEL,Diana,,,UKR,UKR,UKR,2025,World-Championships,Senior/Open,Senior,Female,3M,Senior Women 3M,false,false,,,,criteria-simulator/data.js
WA-4725,World Aquatics Championships - Singapore 2025,Senior Women Platform (Final),Final,WA-793b142a-8f02-4f14-9d92-62a48b72dc92,CHEN,Yuxi,1,430.5,CHN,CHN,CHN,2025,World-Championships,Senior/Open,Senior,Female,Platform,Senior Women Platform,false,false,,,,criteria-simulator/data.js
WA-4725,World Aquatics Championships - Singapore 2025,Senior Women Platform (Final),Final,WA-5cf48f98-fe3e-4768-bb42-e5e5b78cca2f,PFEIF,Pauline Alexandra,2,367.1,GER,GER,GER,2025,World-Championships,Senior/Open,Senior,Female,Platform,Senior Women Platform,false,false,,,,criteria-simulator/data.js
WA-4725,World Aquatics Championships - Singapore 2025,Senior Women Platform (Final),Final,WA-d54767c8-c9c3-41ed-b9b9-53db8b9d4c18,XIE,Peiling,3,358.2,CHN,CHN,CHN,2025,World-Championships,Senior/Open,Senior,Female,Platform,Senior Women Platform,false,false,,,,criteria-simulator/data.js
WA-4725,World Aquatics Championships - Singapore 2025,Senior Women Platform (Final),Final,WA-def10055-0632-4178-8f19-b37cf4acd933,FUNG,Katelyn,4,343.2,CAN,CAN,CAN,2025,World-Championships,Senior/Open,Senior,Female,Platform,Senior Women Platform,false,false,,,,criteria-simulator/data.js
WA-4725,World Aquatics Championships - Singapore 2025,Senior Women Platform (Final),Final,WA-b9f0e0e9-e11d-4b78-bf5a-b7c186cd1b8f,COLE,Ellie,5,340.0,AUS,AUS,AUS,2025,World-Championships,Senior/Open,Senior,Female,Platform,Senior Women Platform,false,false,,,,criteria-simulator/data.js
WA-4725,World Aquatics Championships - Singapore 2025,Senior Women Platform (Final),Final,WA-4c93c258-fdf5-4465-aefc-8a4e779e5dff,JO,Jin Mi,6,338.0,PRK,PRK,PRK,2025,World-Championships,Senior/Open,Senior,Female,Platform,Senior Women Platform,false,false,,,,criteria-simulator/data.js
WA-4725,World Aquatics Championships - Singapore 2025,Senior Women Platform (Final),Final,WA-b7b4a484-bb7d-4a5d-b63f-76ce016a3efb,BELIAEVA,Ekaterina,7,335.1,NAB,NAB,NAB,2025,World-Championships,Senior/Open,Senior,Female,Platform,Senior Women Platform,false,false,,,,criteria-simulator/data.js
WA-4725,World Aquatics Championships - Singapore 2025,Senior Women Platform (Final),Final,WA-493d3284-ccc0-458f-a306-b9ed387eb3a1,CRANFORD,Bayleigh,8,329.5,USA,USA,USA,2025,World-Championships,Senior/Open,Senior,Female,Platform,Senior Women Platform,false,false,,,,criteria-simulator/data.js
WA-4725,World Aquatics Championships - Singapore 2025,Senior Women Platform (Final),Final,WA-4fc41b34-d467-48c1-a8c7-83dfb407758b,JODOIN,DI MARIA Sarah,9,317.9,ITA,ITA,ITA,2025,World-Championships,Senior/Open,Senior,Female,Platform,Senior Women Platform,false,false,,,,criteria-simulator/data.js
WA-4725,World Aquatics Championships - Singapore 2025,Senior Women Platform (Final),Final,WA-2c8020f3-f57f-436c-8b5f-7d39ae05e99c,KANETO,Rin,10,306.2,JPN,JPN,JPN,2025,World-Championships,Senior/Open,Senior,Female,Platform,Senior Women Platform,false,false,,,,criteria-simulator/data.js
WA-4725,World Aquatics Championships - Singapore 2025,Senior Women Platform (Final),Final,WA-f63adc97-9e7d-4c6c-8c5d-dc0b1143709c,ROSELLI,Ella,11,290.2,USA,USA,USA,2025,World-Championships,Senior/Open,Senior,Female,Platform,Senior Women Platform,false,false,,,,criteria-simulator/data.js
WA-4725,World Aquatics Championships - Singapore 2025,Senior Women Platform (Final),Final,WA-1047093a-62d7-4423-9f7d-4cad25542eae,ESTUDILLO,TORRES Alejandra,12,288.7,MEX,MEX,MEX,2025,World-Championships,Senior/Open,Senior,Female,Platform,Senior Women Platform,false,false,,,,criteria-simulator/data.js
WA-4725,World Aquatics Championships - Singapore 2025,Senior Women Platform (Semifinal),Semifinal,WA-793b142a-8f02-4f14-9d92-62a48b72dc92,CHEN,Yuxi,1,394.65,CHN,CHN,CHN,2025,World-Championships,Senior/Open,Senior,Female,Platform,Senior Women Platform,false,false,,,,criteria-simulator/data.js
WA-4725,World Aquatics Championships - Singapore 2025,Senior Women Platform (Semifinal),Semifinal,WA-4c93c258-fdf5-4465-aefc-8a4e779e5dff,JO,Jin Mi,2,348.1,PRK,PRK,PRK,2025,World-Championships,Senior/Open,Senior,Female,Platform,Senior Women Platform,false,false,,,,criteria-simulator/data.js
WA-4725,World Aquatics Championships - Singapore 2025,Senior Women Platform (Semifinal),Semifinal,WA-5cf48f98-fe3e-4768-bb42-e5e5b78cca2f,PFEIF,Pauline Alexandra,3,340.75,GER,GER,GER,2025,World-Championships,Senior/Open,Senior,Female,Platform,Senior Women Platform,false,false,,,,criteria-simulator/data.js
WA-4725,World Aquatics Championships - Singapore 2025,Senior Women Platform (Semifinal),Semifinal,WA-d54767c8-c9c3-41ed-b9b9-53db8b9d4c18,XIE,Peiling,4,317.5,CHN,CHN,CHN,2025,World-Championships,Senior/Open,Senior,Female,Platform,Senior Women Platform,false,false,,,,criteria-simulator/data.js
WA-4725,World Aquatics Championships - Singapore 2025,Senior Women Platform (Semifinal),Semifinal,WA-def10055-0632-4178-8f19-b37cf4acd933,FUNG,Katelyn,5,314.8,CAN,CAN,CAN,2025,World-Championships,Senior/Open,Senior,Female,Platform,Senior Women Platform,false,false,,,,criteria-simulator/data.js
WA-4725,World Aquatics Championships - Singapore 2025,Senior Women Platform (Semifinal),Semifinal,WA-b9f0e0e9-e11d-4b78-bf5a-b7c186cd1b8f,COLE,Ellie,6,312.0,AUS,AUS,AUS,2025,World-Championships,Senior/Open,Senior,Female,Platform,Senior Women Platform,false,false,,,,criteria-simulator/data.js
WA-4725,World Aquatics Championships - Singapore 2025,Senior Women Platform (Semifinal),Semifinal,WA-f63adc97-9e7d-4c6c-8c5d-dc0b1143709c,ROSELLI,Ella,7,311.8,USA,USA,USA,2025,World-Championships,Senior/Open,Senior,Female,Platform,Senior Women Platform,false,false,,,,criteria-simulator/data.js
WA-4725,World Aquatics Championships - Singapore 2025,Senior Women Platform (Semifinal),Semifinal,WA-493d3284-ccc0-458f-a306-b9ed387eb3a1,CRANFORD,Bayleigh,8,310.15,USA,USA,USA,2025,World-Championships,Senior/Open,Senior,Female,Platform,Senior Women Platform,false,false,,,,criteria-simulator/data.js
WA-4725,World Aquatics Championships - Singapore 2025,Senior Women Platform (Semifinal),Semifinal,WA-2c8020f3-f57f-436c-8b5f-7d39ae05e99c,KANETO,Rin,9,305.7,JPN,JPN,JPN,2025,World-Championships,Senior/Open,Senior,Female,Platform,Senior Women Platform,false,false,,,,criteria-simulator/data.js
WA-4725,World Aquatics Championships - Singapore 2025,Senior Women Platform (Semifinal),Semifinal,WA-b7b4a484-bb7d-4a5d-b63f-76ce016a3efb,BELIAEVA,Ekaterina,10,293.0,NAB,NAB,NAB,2025,World-Championships,Senior/Open,Senior,Female,Platform,Senior Women Platform,false,false,,,,criteria-simulator/data.js
WA-4725,World Aquatics Championships - Singapore 2025,Senior Women Platform (Semifinal),Semifinal,WA-4fc41b34-d467-48c1-a8c7-83dfb407758b,JODOIN,DI MARIA Sarah,11,292.3,ITA,ITA,ITA,2025,World-Championships,Senior/Open,Senior,Female,Platform,Senior Women Platform,false,false,,,,criteria-simulator/data.js
WA-4725,World Aquatics Championships - Singapore 2025,Senior Women Platform (Semifinal),Semifinal,WA-1047093a-62d7-4423-9f7d-4cad25542eae,ESTUDILLO,TORRES Alejandra,12,281.4,MEX,MEX,MEX,2025,World-Championships,Senior/Open,Senior,Female,Platform,Senior Women Platform,false,false,,,,criteria-simulator/data.js
WA-4725,World Aquatics Championships - Singapore 2025,Senior Women Platform (Semifinal),Semifinal,WA-31c5555d-5a74-4411-a46b-2c4f7d16f3d6,BOND,Maisie,13,271.3,GBR,GBR,GBR,2025,World-Championships,Senior/Open,Senior,Female,Platform,Senior Women Platform,false,false,,,,criteria-simulator/data.js
WA-4725,World Aquatics Championships - Singapore 2025,Senior Women Platform (Semifinal),Semifinal,WA-d230b899-c7e6-44c7-83b4-e39f8a15eb7d,PRAASTERINK,Else,14,266.65,NED,NED,NED,2025,World-Championships,Senior/Open,Senior,Female,Platform,Senior Women Platform,false,false,,,,criteria-simulator/data.js
WA-4725,World Aquatics Championships - Singapore 2025,Senior Women Platform (Semifinal),Semifinal,WA-e217aff5-1ba7-450a-b7c7-3de84f237881,MOON,Nayun,15,262.4,KOR,KOR,KOR,2025,World-Championships,Senior/Open,Senior,Female,Platform,Senior Women Platform,false,false,,,,criteria-simulator/data.js
WA-4725,World Aquatics Championships - Singapore 2025,Senior Women Platform (Semifinal),Semifinal,WA-0a401555-127c-4629-87f5-66371da41c4e,TIMOSHININA,Iuliia,16,246.95,NAB,NAB,NAB,2025,World-Championships,Senior/Open,Senior,Female,Platform,Senior Women Platform,false,false,,,,criteria-simulator/data.js
WA-4725,World Aquatics Championships - Singapore 2025,Senior Women Platform (Semifinal),Semifinal,WA-bfa86c19-cd70-42f6-b8a7-c2956776a56d,KWANG,Ainslee Jia Ern,17,242.35,SGP,SGP,SGP,2025,World-Championships,Senior/Open,Senior,Female,Platform,Senior Women Platform,false,false,,,,criteria-simulator/data.js
WA-4725,World Aquatics Championships - Singapore 2025,Senior Women Platform (Semifinal),Semifinal,WA-1a81564f-65d0-475f-9e28-6544132ce9be,GONZALEZ,ROEL Abigail,18,228.5,MEX,MEX,MEX,2025,World-Championships,Senior/Open,Senior,Female,Platform,Senior Women Platform,false,false,,,,criteria-simulator/data.js
WA-4725,World Aquatics Championships - Singapore 2025,Senior Women Platform (Prelim),Prelim,WA-793b142a-8f02-4f14-9d92-62a48b72dc92,CHEN,Yuxi,1,396.5,CHN,CHN,CHN,2025,World-Championships,Senior/Open,Senior,Female,Platform,Senior Women Platform,false,false,,,,criteria-simulator/data.js
WA-4725,World Aquatics Championships - Singapore 2025,Senior Women Platform (Prelim),Prelim,WA-d54767c8-c9c3-41ed-b9b9-53db8b9d4c18,XIE,Peiling,2,337.5,CHN,CHN,CHN,2025,World-Championships,Senior/Open,Senior,Female,Platform,Senior Women Platform,false,false,,,,criteria-simulator/data.js
WA-4725,World Aquatics Championships - Singapore 2025,Senior Women Platform (Prelim),Prelim,WA-4c93c258-fdf5-4465-aefc-8a4e779e5dff,JO,Jin Mi,3,323.5,PRK,PRK,PRK,2025,World-Championships,Senior/Open,Senior,Female,Platform,Senior Women Platform,false,false,,,,criteria-simulator/data.js
WA-4725,World Aquatics Championships - Singapore 2025,Senior Women Platform (Prelim),Prelim,WA-5cf48f98-fe3e-4768-bb42-e5e5b78cca2f,PFEIF,Pauline Alexandra,4,310.95,GER,GER,GER,2025,World-Championships,Senior/Open,Senior,Female,Platform,Senior Women Platform,false,false,,,,criteria-simulator/data.js
WA-4725,World Aquatics Championships - Singapore 2025,Senior Women Platform (Prelim),Prelim,WA-b7b4a484-bb7d-4a5d-b63f-76ce016a3efb,BELIAEVA,Ekaterina,5,308.7,NAB,NAB,NAB,2025,World-Championships,Senior/Open,Senior,Female,Platform,Senior Women Platform,false,false,,,,criteria-simulator/data.js
WA-4725,World Aquatics Championships - Singapore 2025,Senior Women Platform (Prelim),Prelim,WA-2c8020f3-f57f-436c-8b5f-7d39ae05e99c,KANETO,Rin,6,306.25,JPN,JPN,JPN,2025,World-Championships,Senior/Open,Senior,Female,Platform,Senior Women Platform,false,false,,,,criteria-simulator/data.js
WA-4725,World Aquatics Championships - Singapore 2025,Senior Women Platform (Prelim),Prelim,WA-31c5555d-5a74-4411-a46b-2c4f7d16f3d6,BOND,Maisie,7,305.8,GBR,GBR,GBR,2025,World-Championships,Senior/Open,Senior,Female,Platform,Senior Women Platform,false,false,,,,criteria-simulator/data.js
WA-4725,World Aquatics Championships - Singapore 2025,Senior Women Platform (Prelim),Prelim,WA-b9f0e0e9-e11d-4b78-bf5a-b7c186cd1b8f,COLE,Ellie,8,305.7,AUS,AUS,AUS,2025,World-Championships,Senior/Open,Senior,Female,Platform,Senior Women Platform,false,false,,,,criteria-simulator/data.js
WA-4725,World Aquatics Championships - Singapore 2025,Senior Women Platform (Prelim),Prelim,WA-1047093a-62d7-4423-9f7d-4cad25542eae,ESTUDILLO,TORRES Alejandra,9,304.8,MEX,MEX,MEX,2025,World-Championships,Senior/Open,Senior,Female,Platform,Senior Women Platform,false,false,,,,criteria-simulator/data.js
WA-4725,World Aquatics Championships - Singapore 2025,Senior Women Platform (Prelim),Prelim,WA-493d3284-ccc0-458f-a306-b9ed387eb3a1,CRANFORD,Bayleigh,10,302.45,USA,USA,USA,2025,World-Championships,Senior/Open,Senior,Female,Platform,Senior Women Platform,false,false,,,,criteria-simulator/data.js
WA-4725,World Aquatics Championships - Singapore 2025,Senior Women Platform (Prelim),Prelim,WA-f63adc97-9e7d-4c6c-8c5d-dc0b1143709c,ROSELLI,Ella,11,292.5,USA,USA,USA,2025,World-Championships,Senior/Open,Senior,Female,Platform,Senior Women Platform,false,false,,,,criteria-simulator/data.js
WA-4725,World Aquatics Championships - Singapore 2025,Senior Women Platform (Prelim),Prelim,WA-def10055-0632-4178-8f19-b37cf4acd933,FUNG,Katelyn,12,285.2,CAN,CAN,CAN,2025,World-Championships,Senior/Open,Senior,Female,Platform,Senior Women Platform,false,false,,,,criteria-simulator/data.js
WA-4725,World Aquatics Championships - Singapore 2025,Senior Women Platform (Prelim),Prelim,WA-bfa86c19-cd70-42f6-b8a7-c2956776a56d,KWANG,Ainslee Jia Ern,13,285.0,SGP,SGP,SGP,2025,World-Championships,Senior/Open,Senior,Female,Platform,Senior Women Platform,false,false,,,,criteria-simulator/data.js
WA-4725,World Aquatics Championships - Singapore 2025,Senior Women Platform (Prelim),Prelim,WA-e217aff5-1ba7-450a-b7c7-3de84f237881,MOON,Nayun,14,280.0,KOR,KOR,KOR,2025,World-Championships,Senior/Open,Senior,Female,Platform,Senior Women Platform,false,false,,,,criteria-simulator/data.js
WA-4725,World Aquatics Championships - Singapore 2025,Senior Women Platform (Prelim),Prelim,WA-d230b899-c7e6-44c7-83b4-e39f8a15eb7d,PRAASTERINK,Else,15,279.05,NED,NED,NED,2025,World-Championships,Senior/Open,Senior,Female,Platform,Senior Women Platform,false,false,,,,criteria-simulator/data.js
WA-4725,World Aquatics Championships - Singapore 2025,Senior Women Platform (Prelim),Prelim,WA-0a401555-127c-4629-87f5-66371da41c4e,TIMOSHININA,Iuliia,16,273.25,NAB,NAB,NAB,2025,World-Championships,Senior/Open,Senior,Female,Platform,Senior Women Platform,false,false,,,,criteria-simulator/data.js
WA-4725,World Aquatics Championships - Singapore 2025,Senior Women Platform (Prelim),Prelim,WA-1a81564f-65d0-475f-9e28-6544132ce9be,GONZALEZ,ROEL Abigail,17,271.1,MEX,MEX,MEX,2025,World-Championships,Senior/Open,Senior,Female,Platform,Senior Women Platform,false,false,,,,criteria-simulator/data.js
WA-4725,World Aquatics Championships - Singapore 2025,Senior Women Platform (Prelim),Prelim,WA-4fc41b34-d467-48c1-a8c7-83dfb407758b,JODOIN,DI MARIA Sarah,18,267.85,ITA,ITA,ITA,2025,World-Championships,Senior/Open,Senior,Female,Platform,Senior Women Platform,false,false,,,,criteria-simulator/data.js
WA-4725,World Aquatics Championships - Singapore 2025,Senior Women Platform (Prelim),Prelim,WA-a2cedac5-474c-43b2-ad0c-550647d959d3,LYSKUN,Sofiia,19,255.95,UKR,UKR,UKR,2025,World-Championships,Senior/Open,Senior,Female,Platform,Senior Women Platform,false,false,,,,criteria-simulator/data.js
WA-4725,World Aquatics Championships - Singapore 2025,Senior Women Platform (Prelim),Prelim,WA-2a08e85f-37c1-4589-b41b-0457f0e97fe6,GARCIA,NAVARRO Anisley,20,251.75,CUB,CUB,CUB,2025,World-Championships,Senior/Open,Senior,Female,Platform,Senior Women Platform,false,false,,,,criteria-simulator/data.js
WA-4725,World Aquatics Championships - Singapore 2025,Senior Women Platform (Prelim),Prelim,WA-76144f77-dff6-49e7-95b1-5d0b435644c9,CARVAJAL,Ana,21,249.7,ESP,ESP,ESP,2025,World-Championships,Senior/Open,Senior,Female,Platform,Senior Women Platform,false,false,,,,criteria-simulator/data.js
WA-4725,World Aquatics Championships - Singapore 2025,Senior Women Platform (Prelim),Prelim,WA-45101f00-7ed3-4aa9-acfa-c54b4e1f0ac5,ANTOLINO,Valeria,22,249.0,ESP,ESP,ESP,2025,World-Championships,Senior/Open,Senior,Female,Platform,Senior Women Platform,false,false,,,,criteria-simulator/data.js
WA-4725,World Aquatics Championships - Singapore 2025,Senior Women Platform (Prelim),Prelim,WA-c160748c-6692-4368-9e6e-c61456919ae4,GARZA,Victoria,23,246.8,DOM,DOM,DOM,2025,World-Championships,Senior/Open,Senior,Female,Platform,Senior Women Platform,false,false,,,,criteria-simulator/data.js
WA-4725,World Aquatics Championships - Singapore 2025,Senior Women Platform (Prelim),Prelim,WA-ff9ec12a-24a3-448e-b6e4-bf2f1c43b1bf,GILLET,Jade,24,246.35,FRA,FRA,FRA,2025,World-Championships,Senior/Open,Senior,Female,Platform,Senior Women Platform,false,false,,,,criteria-simulator/data.js
WA-4725,World Aquatics Championships - Singapore 2025,Senior Women Platform (Prelim),Prelim,WA-331aed58-a976-4f88-be29-6d09cfdb0687,GIRON,Juliana,25,245.45,COL,COL,COL,2025,World-Championships,Senior/Open,Senior,Female,Platform,Senior Women Platform,false,false,,,,criteria-simulator/data.js
WA-4725,World Aquatics Championships - Singapore 2025,Senior Women Platform (Prelim),Prelim,WA-c53ec23f-7cba-4e2d-a365-81e033f3eae0,GREY,Maggie,26,243.6,AUS,AUS,AUS,2025,World-Championships,Senior/Open,Senior,Female,Platform,Senior Women Platform,false,false,,,,criteria-simulator/data.js
WA-4725,World Aquatics Championships - Singapore 2025,Senior Women Platform (Prelim),Prelim,WA-9d5db8c8-a45f-4745-b63d-f9c49379a79c,MILLER,Kate,27,242.05,CAN,CAN,CAN,2025,World-Championships,Senior/Open,Senior,Female,Platform,Senior Women Platform,false,false,,,,criteria-simulator/data.js
WA-4725,World Aquatics Championships - Singapore 2025,Senior Women Platform (Prelim),Prelim,WA-9fe1610a-39e9-4a2b-bbf8-f680c8fdffd0,KO,Hyeonju,28,241.95,KOR,KOR,KOR,2025,World-Championships,Senior/Open,Senior,Female,Platform,Senior Women Platform,false,false,,,,criteria-simulator/data.js
WA-4725,World Aquatics Championships - Singapore 2025,Senior Women Platform (Prelim),Prelim,WA-9684b8c5-9c18-40ee-98f6-a74ba78f1425,LEE,Yiat Qing,29,240.2,MAS,MAS,MAS,2025,World-Championships,Senior/Open,Senior,Female,Platform,Senior Women Platform,false,false,,,,criteria-simulator/data.js
WA-4725,World Aquatics Championships - Singapore 2025,Senior Women Platform (Prelim),Prelim,WA-deb5d9e0-4920-49ee-8e0f-c0c93027b9e0,HALLIFAX,Emily,30,228.1,FRA,FRA,FRA,2025,World-Championships,Senior/Open,Senior,Female,Platform,Senior Women Platform,false,false,,,,criteria-simulator/data.js
WA-4725,World Aquatics Championships - Singapore 2025,Senior Women Platform (Prelim),Prelim,WA-7067484c-a898-4c6a-b2dc-17ea6c6ba38a,PEDROSO,Giovanna,31,222.3,BRA,BRA,BRA,2025,World-Championships,Senior/Open,Senior,Female,Platform,Senior Women Platform,false,false,,,,criteria-simulator/data.js
WA-4725,World Aquatics Championships - Singapore 2025,Senior Women Platform (Prelim),Prelim,WA-bb87a28c-4aaa-40be-8dfb-e8847b91565a,OSORIO,Mariana,32,217.45,COL,COL,COL,2025,World-Championships,Senior/Open,Senior,Female,Platform,Senior Women Platform,false,false,,,,criteria-simulator/data.js
WA-4725,World Aquatics Championships - Singapore 2025,Senior Women Platform (Prelim),Prelim,WA-e2dd7abe-523f-4860-98ed-171b5188b838,LUKASZEWICZ,Maria,33,206.45,POL,POL,POL,2025,World-Championships,Senior/Open,Senior,Female,Platform,Senior Women Platform,false,false,,,,criteria-simulator/data.js
WA-4725,World Aquatics Championships - Singapore 2025,Senior Women Platform (Prelim),Prelim,WA-55d1848f-5be2-460f-8d15-0befa84bdefc,MUSCALU,Nicoleta-Angelica,34,175.15,ROU,ROU,ROU,2025,World-Championships,Senior/Open,Senior,Female,Platform,Senior Women Platform,false,false,,,,criteria-simulator/data.js
WA-4725,World Aquatics Championships - Singapore 2025,Senior Women Platform (Prelim),Prelim,WA-2a12843d-fa53-4c93-b72c-10b09e423a9b,SURYAWANSHI,Shravani Pratap,35,146.4,IND,IND,IND,2025,World-Championships,Senior/Open,Senior,Female,Platform,Senior Women Platform,false,false,,,,criteria-simulator/data.js
WA-4725,World Aquatics Championships - Singapore 2025,Senior Women Platform (Prelim),Prelim,WA-386b0e9d-bc1e-4a79-9bab-88a9ce5ee086,ZAKARYAN,Alisa,36,145.6,ARM,ARM,ARM,2025,World-Championships,Senior/Open,Senior,Female,Platform,Senior Women Platform,false,false,,,,criteria-simulator/data.js
WA-4725,World Aquatics Championships - Singapore 2025,Senior Women Platform (Prelim),Prelim,WA-71e1638d-3420-4177-90b4-3e90609e868e,SHARMA,Palak,37,132.1,IND,IND,IND,2025,World-Championships,Senior/Open,Senior,Female,Platform,Senior Women Platform,false,false,,,,criteria-simulator/data.js
WA-4725,World Aquatics Championships - Singapore 2025,Senior Women Synchronized 3m (Final),Final,WA-de013090-681e-4f1e-95a8-735340b0f124-3abd8d45-1c15-4bf9-94c8-7ebc1f3ec42e-1-CHN-1,CHEN,Yiwen / CHEN Jia,1,325.2,CHN,CHN,CHN,2025,World-Championships,Senior/Open,Senior,Female,Synchro-3m,Synchro Senior Women Synchro-3m,true,false,,,,criteria-simulator/data.js
WA-4725,World Aquatics Championships - Singapore 2025,Senior Women Synchronized 3m (Final),Final,WA-de013090-681e-4f1e-95a8-735340b0f124-3abd8d45-1c15-4bf9-94c8-7ebc1f3ec42e-2-GBR-2,HARPER,Yasmin / MEW JENSEN Scarlett,2,298.35,GBR,GBR,GBR,2025,World-Championships,Senior/Open,Senior,Female,Synchro-3m,Synchro Senior Women Synchro-3m,true,false,,,,criteria-simulator/data.js
WA-4725,World Aquatics Championships - Singapore 2025,Senior Women Synchronized 3m (Final),Final,WA-de013090-681e-4f1e-95a8-735340b0f124-3abd8d45-1c15-4bf9-94c8-7ebc1f3ec42e-3-MEX-3,CUEVA,LOBATO Lia Yatzil / CUEVA LOBATO Mia Zazil,3,294.36,MEX,MEX,MEX,2025,World-Championships,Senior/Open,Senior,Female,Synchro-3m,Synchro Senior Women Synchro-3m,true,false,,,,criteria-simulator/data.js
WA-4725,World Aquatics Championships - Singapore 2025,Senior Women Synchronized 3m (Final),Final,WA-de013090-681e-4f1e-95a8-735340b0f124-3abd8d45-1c15-4bf9-94c8-7ebc1f3ec42e-4-AUS-4,KOLOI,Alysha / KEENEY Maddison,4,285.18,AUS,AUS,AUS,2025,World-Championships,Senior/Open,Senior,Female,Synchro-3m,Synchro Senior Women Synchro-3m,true,false,,,,criteria-simulator/data.js
WA-4725,World Aquatics Championships - Singapore 2025,Senior Women Synchronized 3m (Final),Final,WA-de013090-681e-4f1e-95a8-735340b0f124-3abd8d45-1c15-4bf9-94c8-7ebc1f3ec42e-5-ITA-5,PIZZINI,Elisa / PELLACANI Chiara,5,279.27,ITA,ITA,ITA,2025,World-Championships,Senior/Open,Senior,Female,Synchro-3m,Synchro Senior Women Synchro-3m,true,false,,,,criteria-simulator/data.js
WA-4725,World Aquatics Championships - Singapore 2025,Senior Women Synchronized 3m (Final),Final,WA-de013090-681e-4f1e-95a8-735340b0f124-3abd8d45-1c15-4bf9-94c8-7ebc1f3ec42e-6-GER-6,MULLER,Jette / HENTSCHEL Lena,6,268.17,GER,GER,GER,2025,World-Championships,Senior/Open,Senior,Female,Synchro-3m,Synchro Senior Women Synchro-3m,true,false,,,,criteria-simulator/data.js
WA-4725,World Aquatics Championships - Singapore 2025,Senior Women Synchronized 3m (Final),Final,WA-de013090-681e-4f1e-95a8-735340b0f124-3abd8d45-1c15-4bf9-94c8-7ebc1f3ec42e-7-USA-7,STURGILL,Bailee / WITTE Lily,7,261.18,USA,USA,USA,2025,World-Championships,Senior/Open,Senior,Female,Synchro-3m,Synchro Senior Women Synchro-3m,true,false,,,,criteria-simulator/data.js
WA-4725,World Aquatics Championships - Singapore 2025,Senior Women Synchronized 3m (Final),Final,WA-de013090-681e-4f1e-95a8-735340b0f124-3abd8d45-1c15-4bf9-94c8-7ebc1f3ec42e-8-UKR-8,BOCHEK,Kseniia / KARNAFEL Diana,8,260.88,UKR,UKR,UKR,2025,World-Championships,Senior/Open,Senior,Female,Synchro-3m,Synchro Senior Women Synchro-3m,true,false,,,,criteria-simulator/data.js
WA-4725,World Aquatics Championships - Singapore 2025,Senior Women Synchronized 3m (Prelim),Prelim,WA-de013090-681e-4f1e-95a8-735340b0f124-ebede09d-ff20-47bb-b3ce-6e191809d084-1-CHN-1,CHEN,Yiwen / CHEN Jia,1,310.68,CHN,CHN,CHN,2025,World-Championships,Senior/Open,Senior,Female,Synchro-3m,Synchro Senior Women Synchro-3m,true,false,,,,criteria-simulator/data.js
WA-4725,World Aquatics Championships - Singapore 2025,Senior Women Synchronized 3m (Prelim),Prelim,WA-de013090-681e-4f1e-95a8-735340b0f124-ebede09d-ff20-47bb-b3ce-6e191809d084-2-GBR-2,HARPER,Yasmin / MEW JENSEN Scarlett,2,294.03,GBR,GBR,GBR,2025,World-Championships,Senior/Open,Senior,Female,Synchro-3m,Synchro Senior Women Synchro-3m,true,false,,,,criteria-simulator/data.js
WA-4725,World Aquatics Championships - Singapore 2025,Senior Women Synchronized 3m (Prelim),Prelim,WA-de013090-681e-4f1e-95a8-735340b0f124-ebede09d-ff20-47bb-b3ce-6e191809d084-3-AUS-3,KOLOI,Alysha / KEENEY Maddison,3,269.28,AUS,AUS,AUS,2025,World-Championships,Senior/Open,Senior,Female,Synchro-3m,Synchro Senior Women Synchro-3m,true,false,,,,criteria-simulator/data.js
WA-4725,World Aquatics Championships - Singapore 2025,Senior Women Synchronized 3m (Prelim),Prelim,WA-de013090-681e-4f1e-95a8-735340b0f124-ebede09d-ff20-47bb-b3ce-6e191809d084-4-MEX-4,CUEVA,LOBATO Lia Yatzil / CUEVA LOBATO Mia Zazil,4,268.38,MEX,MEX,MEX,2025,World-Championships,Senior/Open,Senior,Female,Synchro-3m,Synchro Senior Women Synchro-3m,true,false,,,,criteria-simulator/data.js
WA-4725,World Aquatics Championships - Singapore 2025,Senior Women Synchronized 3m (Prelim),Prelim,WA-de013090-681e-4f1e-95a8-735340b0f124-ebede09d-ff20-47bb-b3ce-6e191809d084-5-ITA-5,PIZZINI,Elisa / PELLACANI Chiara,5,262.56,ITA,ITA,ITA,2025,World-Championships,Senior/Open,Senior,Female,Synchro-3m,Synchro Senior Women Synchro-3m,true,false,,,,criteria-simulator/data.js
WA-4725,World Aquatics Championships - Singapore 2025,Senior Women Synchronized 3m (Prelim),Prelim,WA-de013090-681e-4f1e-95a8-735340b0f124-ebede09d-ff20-47bb-b3ce-6e191809d084-6-USA-6,STURGILL,Bailee / WITTE Lily,6,260.88,USA,USA,USA,2025,World-Championships,Senior/Open,Senior,Female,Synchro-3m,Synchro Senior Women Synchro-3m,true,false,,,,criteria-simulator/data.js
WA-4725,World Aquatics Championships - Singapore 2025,Senior Women Synchronized 3m (Prelim),Prelim,WA-de013090-681e-4f1e-95a8-735340b0f124-ebede09d-ff20-47bb-b3ce-6e191809d084-7-GER-7,MULLER,Jette / HENTSCHEL Lena,7,258.15,GER,GER,GER,2025,World-Championships,Senior/Open,Senior,Female,Synchro-3m,Synchro Senior Women Synchro-3m,true,false,,,,criteria-simulator/data.js
WA-4725,World Aquatics Championships - Singapore 2025,Senior Women Synchronized 3m (Prelim),Prelim,WA-de013090-681e-4f1e-95a8-735340b0f124-ebede09d-ff20-47bb-b3ce-6e191809d084-8-UKR-8,BOCHEK,Kseniia / KARNAFEL Diana,8,249.54,UKR,UKR,UKR,2025,World-Championships,Senior/Open,Senior,Female,Synchro-3m,Synchro Senior Women Synchro-3m,true,false,,,,criteria-simulator/data.js
WA-4725,World Aquatics Championships - Singapore 2025,Senior Women Synchronized 3m (Prelim),Prelim,WA-de013090-681e-4f1e-95a8-735340b0f124-ebede09d-ff20-47bb-b3ce-6e191809d084-9-BRA-9,SANTOS,Anna / LIRA Luana,9,246.6,BRA,BRA,BRA,2025,World-Championships,Senior/Open,Senior,Female,Synchro-3m,Synchro Senior Women Synchro-3m,true,false,,,,criteria-simulator/data.js
WA-4725,World Aquatics Championships - Singapore 2025,Senior Women Synchronized 3m (Prelim),Prelim,WA-de013090-681e-4f1e-95a8-735340b0f124-ebede09d-ff20-47bb-b3ce-6e191809d084-10-CAN-10,JASMIN,Amelie-Laura / PALKHIVALA Sonya,10,243.0,CAN,CAN,CAN,2025,World-Championships,Senior/Open,Senior,Female,Synchro-3m,Synchro Senior Women Synchro-3m,true,false,,,,criteria-simulator/data.js
WA-4725,World Aquatics Championships - Singapore 2025,Senior Women Synchronized 3m (Prelim),Prelim,WA-de013090-681e-4f1e-95a8-735340b0f124-ebede09d-ff20-47bb-b3ce-6e191809d084-11-POL-11,BLAZOWSKA,Aleksandra / SKRZEK Kaja,11,239.4,POL,POL,POL,2025,World-Championships,Senior/Open,Senior,Female,Synchro-3m,Synchro Senior Women Synchro-3m,true,false,,,,criteria-simulator/data.js
WA-4725,World Aquatics Championships - Singapore 2025,Senior Women Synchronized 3m (Prelim),Prelim,WA-de013090-681e-4f1e-95a8-735340b0f124-ebede09d-ff20-47bb-b3ce-6e191809d084-12-PRK-12,KIM,Mi Hwa / KIM Ji Hye,12,230.85,PRK,PRK,PRK,2025,World-Championships,Senior/Open,Senior,Female,Synchro-3m,Synchro Senior Women Synchro-3m,true,false,,,,criteria-simulator/data.js
WA-4725,World Aquatics Championships - Singapore 2025,Senior Women Synchronized 3m (Prelim),Prelim,WA-de013090-681e-4f1e-95a8-735340b0f124-ebede09d-ff20-47bb-b3ce-6e191809d084-13-KOR-13,LEE,Yejoo / JUNG Dayeon,13,229.53,KOR,KOR,KOR,2025,World-Championships,Senior/Open,Senior,Female,Synchro-3m,Synchro Senior Women Synchro-3m,true,false,,,,criteria-simulator/data.js
WA-4725,World Aquatics Championships - Singapore 2025,Senior Women Synchronized 3m (Prelim),Prelim,WA-de013090-681e-4f1e-95a8-735340b0f124-ebede09d-ff20-47bb-b3ce-6e191809d084-14-RSA-14,METHULA,Zalika Reuel / HEYDRA Bailey Savannah,14,214.17,RSA,RSA,RSA,2025,World-Championships,Senior/Open,Senior,Female,Synchro-3m,Synchro Senior Women Synchro-3m,true,false,,,,criteria-simulator/data.js
WA-4725,World Aquatics Championships - Singapore 2025,Senior Women Synchronized 3m (Prelim),Prelim,WA-de013090-681e-4f1e-95a8-735340b0f124-ebede09d-ff20-47bb-b3ce-6e191809d084-15-SGP-15,LIM,Alycia / LIAW Clara,15,211.83,SGP,SGP,SGP,2025,World-Championships,Senior/Open,Senior,Female,Synchro-3m,Synchro Senior Women Synchro-3m,true,false,,,,criteria-simulator/data.js
WA-4725,World Aquatics Championships - Singapore 2025,Senior Women Synchronized 3m (Prelim),Prelim,WA-de013090-681e-4f1e-95a8-735340b0f124-ebede09d-ff20-47bb-b3ce-6e191809d084-16-NAB-16,KUZINA,Elizaveta / ILINYKH Kristina,16,208.8,NAB,NAB,NAB,2025,World-Championships,Senior/Open,Senior,Female,Synchro-3m,Synchro Senior Women Synchro-3m,true,false,,,,criteria-simulator/data.js
WA-4725,World Aquatics Championships - Singapore 2025,Senior Women Synchronized 3m (Prelim),Prelim,WA-de013090-681e-4f1e-95a8-735340b0f124-ebede09d-ff20-47bb-b3ce-6e191809d084-17-CZE-17,MEDKOVA,Ivana / JELINKOVA Tereza,17,206.31,CZE,CZE,CZE,2025,World-Championships,Senior/Open,Senior,Female,Synchro-3m,Synchro Senior Women Synchro-3m,true,false,,,,criteria-simulator/data.js
WA-4725,World Aquatics Championships - Singapore 2025,Senior Women Synchronized 3m (Prelim),Prelim,WA-de013090-681e-4f1e-95a8-735340b0f124-ebede09d-ff20-47bb-b3ce-6e191809d084-18-TPE-18,CHEN,Barbara / CHEN Jacqueline,18,203.73,TPE,TPE,TPE,2025,World-Championships,Senior/Open,Senior,Female,Synchro-3m,Synchro Senior Women Synchro-3m,true,false,,,,criteria-simulator/data.js
WA-4725,World Aquatics Championships - Singapore 2025,Senior Women Synchronized 3m (Prelim),Prelim,WA-de013090-681e-4f1e-95a8-735340b0f124-ebede09d-ff20-47bb-b3ce-6e191809d084-19-HKG-19,WANG,Angel / CHAN Tsz Ming,19,202.8,HKG,HKG,HKG,2025,World-Championships,Senior/Open,Senior,Female,Synchro-3m,Synchro Senior Women Synchro-3m,true,false,,,,criteria-simulator/data.js
WA-4725,World Aquatics Championships - Singapore 2025,Senior Women Synchronized 3m (Prelim),Prelim,WA-de013090-681e-4f1e-95a8-735340b0f124-ebede09d-ff20-47bb-b3ce-6e191809d084-20-SWE-20,JANMYR,Nina / WIDERSTROM Elna,20,188.61,SWE,SWE,SWE,2025,World-Championships,Senior/Open,Senior,Female,Synchro-3m,Synchro Senior Women Synchro-3m,true,false,,,,criteria-simulator/data.js
WA-4725,World Aquatics Championships - Singapore 2025,Senior Women Synchronized 3m (Prelim),Prelim,WA-de013090-681e-4f1e-95a8-735340b0f124-ebede09d-ff20-47bb-b3ce-6e191809d084-21-INA-21,HAGA,Gladies Lariesa Garina / SUDIRMAN Nur Mufiidah,21,179.37,INA,INA,INA,2025,World-Championships,Senior/Open,Senior,Female,Synchro-3m,Synchro Senior Women Synchro-3m,true,false,,,,criteria-simulator/data.js
WA-4725,World Aquatics Championships - Singapore 2025,Senior Women Synchronized 3m (Prelim),Prelim,WA-de013090-681e-4f1e-95a8-735340b0f124-ebede09d-ff20-47bb-b3ce-6e191809d084-22-GEO-22,SHANIDZE,Mariam / SHARIA Tekle,22,160.53,GEO,GEO,GEO,2025,World-Championships,Senior/Open,Senior,Female,Synchro-3m,Synchro Senior Women Synchro-3m,true,false,,,,criteria-simulator/data.js
WA-4725,World Aquatics Championships - Singapore 2025,Senior Women Synchronized 3m (Prelim),Prelim,WA-de013090-681e-4f1e-95a8-735340b0f124-ebede09d-ff20-47bb-b3ce-6e191809d084-23-MAC-23,WONG,Cho Yi / LEONG Ian I,23,117.27,MAC,MAC,MAC,2025,World-Championships,Senior/Open,Senior,Female,Synchro-3m,Synchro Senior Women Synchro-3m,true,false,,,,criteria-simulator/data.js
WA-4725,World Aquatics Championships - Singapore 2025,Senior Women Synchronized Platform (Final),Final,WA-ef17b877-6c4f-4bf6-8a7f-f8a65e5e861a-3abd8d45-1c15-4bf9-94c8-7ebc1f3ec42e-1-CHN-1,ZHANG,Minjie / CHEN Yuxi,1,349.26,CHN,CHN,CHN,2025,World-Championships,Senior/Open,Senior,Female,Synchro-Platform,Synchro Senior Women Synchro-Platform,true,false,,,,criteria-simulator/data.js
WA-4725,World Aquatics Championships - Singapore 2025,Senior Women Synchronized Platform (Final),Final,WA-ef17b877-6c4f-4bf6-8a7f-f8a65e5e861a-3abd8d45-1c15-4bf9-94c8-7ebc1f3ec42e-2-MEX-2,ESTUDILLO,TORRES Alejandra / AGUNDEZ GARCIA Gabriela,2,304.8,MEX,MEX,MEX,2025,World-Championships,Senior/Open,Senior,Female,Synchro-Platform,Synchro Senior Women Synchro-Platform,true,false,,,,criteria-simulator/data.js
WA-4725,World Aquatics Championships - Singapore 2025,Senior Women Synchronized Platform (Final),Final,WA-ef17b877-6c4f-4bf6-8a7f-f8a65e5e861a-3abd8d45-1c15-4bf9-94c8-7ebc1f3ec42e-3-PRK-3,KIM,Mi Hwa / JO Jin Mi,3,293.34,PRK,PRK,PRK,2025,World-Championships,Senior/Open,Senior,Female,Synchro-Platform,Synchro Senior Women Synchro-Platform,true,false,,,,criteria-simulator/data.js
WA-4725,World Aquatics Championships - Singapore 2025,Senior Women Synchronized Platform (Final),Final,WA-ef17b877-6c4f-4bf6-8a7f-f8a65e5e861a-3abd8d45-1c15-4bf9-94c8-7ebc1f3ec42e-4-AUS-4,COLE,Ellie / PUCKERIDGE Milly,4,283.62,AUS,AUS,AUS,2025,World-Championships,Senior/Open,Senior,Female,Synchro-Platform,Synchro Senior Women Synchro-Platform,true,false,,,,criteria-simulator/data.js
WA-4725,World Aquatics Championships - Singapore 2025,Senior Women Synchronized Platform (Final),Final,WA-ef17b877-6c4f-4bf6-8a7f-f8a65e5e861a-3abd8d45-1c15-4bf9-94c8-7ebc1f3ec42e-5-GBR-5,BOND,Maisie / TOULSON Lois,5,282.54,GBR,GBR,GBR,2025,World-Championships,Senior/Open,Senior,Female,Synchro-Platform,Synchro Senior Women Synchro-Platform,true,false,,,,criteria-simulator/data.js
WA-4725,World Aquatics Championships - Singapore 2025,Senior Women Synchronized Platform (Final),Final,WA-ef17b877-6c4f-4bf6-8a7f-f8a65e5e861a-3abd8d45-1c15-4bf9-94c8-7ebc1f3ec42e-6-USA-6,CRANFORD,Bayleigh / WRIGHT Daryn,6,274.41,USA,USA,USA,2025,World-Championships,Senior/Open,Senior,Female,Synchro-Platform,Synchro Senior Women Synchro-Platform,true,false,,,,criteria-simulator/data.js
WA-4725,World Aquatics Championships - Singapore 2025,Senior Women Synchronized Platform (Final),Final,WA-ef17b877-6c4f-4bf6-8a7f-f8a65e5e861a-3abd8d45-1c15-4bf9-94c8-7ebc1f3ec42e-7-NAB-7,KEDRINA,Aleksandra / KONANYKHINA Anna,7,269.46,NAB,NAB,NAB,2025,World-Championships,Senior/Open,Senior,Female,Synchro-Platform,Synchro Senior Women Synchro-Platform,true,false,,,,criteria-simulator/data.js
WA-4725,World Aquatics Championships - Singapore 2025,Senior Women Synchronized Platform (Final),Final,WA-ef17b877-6c4f-4bf6-8a7f-f8a65e5e861a-3abd8d45-1c15-4bf9-94c8-7ebc1f3ec42e-8-CAN-8,FUNG,Katelyn / MILLER Kate,8,269.34,CAN,CAN,CAN,2025,World-Championships,Senior/Open,Senior,Female,Synchro-Platform,Synchro Senior Women Synchro-Platform,true,false,,,,criteria-simulator/data.js
WA-4725,World Aquatics Championships - Singapore 2025,Senior Women Synchronized Platform (Prelim),Prelim,WA-ef17b877-6c4f-4bf6-8a7f-f8a65e5e861a-ebede09d-ff20-47bb-b3ce-6e191809d084-1-CHN-1,ZHANG,Minjie / CHEN Yuxi,1,331.08,CHN,CHN,CHN,2025,World-Championships,Senior/Open,Senior,Female,Synchro-Platform,Synchro Senior Women Synchro-Platform,true,false,,,,criteria-simulator/data.js
WA-4725,World Aquatics Championships - Singapore 2025,Senior Women Synchronized Platform (Prelim),Prelim,WA-ef17b877-6c4f-4bf6-8a7f-f8a65e5e861a-ebede09d-ff20-47bb-b3ce-6e191809d084-2-PRK-2,KIM,Mi Hwa / JO Jin Mi,2,308.46,PRK,PRK,PRK,2025,World-Championships,Senior/Open,Senior,Female,Synchro-Platform,Synchro Senior Women Synchro-Platform,true,false,,,,criteria-simulator/data.js
WA-4725,World Aquatics Championships - Singapore 2025,Senior Women Synchronized Platform (Prelim),Prelim,WA-ef17b877-6c4f-4bf6-8a7f-f8a65e5e861a-ebede09d-ff20-47bb-b3ce-6e191809d084-3-GBR-3,BOND,Maisie / TOULSON Lois,3,285.54,GBR,GBR,GBR,2025,World-Championships,Senior/Open,Senior,Female,Synchro-Platform,Synchro Senior Women Synchro-Platform,true,false,,,,criteria-simulator/data.js
WA-4725,World Aquatics Championships - Singapore 2025,Senior Women Synchronized Platform (Prelim),Prelim,WA-ef17b877-6c4f-4bf6-8a7f-f8a65e5e861a-ebede09d-ff20-47bb-b3ce-6e191809d084-4-MEX-4,ESTUDILLO,TORRES Alejandra / AGUNDEZ GARCIA Gabriela,4,284.58,MEX,MEX,MEX,2025,World-Championships,Senior/Open,Senior,Female,Synchro-Platform,Synchro Senior Women Synchro-Platform,true,false,,,,criteria-simulator/data.js
WA-4725,World Aquatics Championships - Singapore 2025,Senior Women Synchronized Platform (Prelim),Prelim,WA-ef17b877-6c4f-4bf6-8a7f-f8a65e5e861a-ebede09d-ff20-47bb-b3ce-6e191809d084-5-AUS-5,COLE,Ellie / PUCKERIDGE Milly,5,284.04,AUS,AUS,AUS,2025,World-Championships,Senior/Open,Senior,Female,Synchro-Platform,Synchro Senior Women Synchro-Platform,true,false,,,,criteria-simulator/data.js
WA-4725,World Aquatics Championships - Singapore 2025,Senior Women Synchronized Platform (Prelim),Prelim,WA-ef17b877-6c4f-4bf6-8a7f-f8a65e5e861a-ebede09d-ff20-47bb-b3ce-6e191809d084-6-NAB-6,KEDRINA,Aleksandra / KONANYKHINA Anna,6,280.62,NAB,NAB,NAB,2025,World-Championships,Senior/Open,Senior,Female,Synchro-Platform,Synchro Senior Women Synchro-Platform,true,false,,,,criteria-simulator/data.js
WA-4725,World Aquatics Championships - Singapore 2025,Senior Women Synchronized Platform (Prelim),Prelim,WA-ef17b877-6c4f-4bf6-8a7f-f8a65e5e861a-ebede09d-ff20-47bb-b3ce-6e191809d084-7-USA-7,CRANFORD,Bayleigh / WRIGHT Daryn,7,279.75,USA,USA,USA,2025,World-Championships,Senior/Open,Senior,Female,Synchro-Platform,Synchro Senior Women Synchro-Platform,true,false,,,,criteria-simulator/data.js
WA-4725,World Aquatics Championships - Singapore 2025,Senior Women Synchronized Platform (Prelim),Prelim,WA-ef17b877-6c4f-4bf6-8a7f-f8a65e5e861a-ebede09d-ff20-47bb-b3ce-6e191809d084-8-CAN-8,FUNG,Katelyn / MILLER Kate,8,277.77,CAN,CAN,CAN,2025,World-Championships,Senior/Open,Senior,Female,Synchro-Platform,Synchro Senior Women Synchro-Platform,true,false,,,,criteria-simulator/data.js
WA-4725,World Aquatics Championships - Singapore 2025,Senior Women Synchronized Platform (Prelim),Prelim,WA-ef17b877-6c4f-4bf6-8a7f-f8a65e5e861a-ebede09d-ff20-47bb-b3ce-6e191809d084-9-KOR-9,KO,Hyeonju / MOON Nayun,9,270.6,KOR,KOR,KOR,2025,World-Championships,Senior/Open,Senior,Female,Synchro-Platform,Synchro Senior Women Synchro-Platform,true,false,,,,criteria-simulator/data.js
WA-4725,World Aquatics Championships - Singapore 2025,Senior Women Synchronized Platform (Prelim),Prelim,WA-ef17b877-6c4f-4bf6-8a7f-f8a65e5e861a-ebede09d-ff20-47bb-b3ce-6e191809d084-10-UKR-10,BAILO,Kseniia / LYSKUN Sofiia,10,270.0,UKR,UKR,UKR,2025,World-Championships,Senior/Open,Senior,Female,Synchro-Platform,Synchro Senior Women Synchro-Platform,true,false,,,,criteria-simulator/data.js
WA-4725,World Aquatics Championships - Singapore 2025,Senior Women Synchronized Platform (Prelim),Prelim,WA-ef17b877-6c4f-4bf6-8a7f-f8a65e5e861a-ebede09d-ff20-47bb-b3ce-6e191809d084-11-ESP-11,ANTOLINO,Valeria / CARVAJAL Ana,11,260.7,ESP,ESP,ESP,2025,World-Championships,Senior/Open,Senior,Female,Synchro-Platform,Synchro Senior Women Synchro-Platform,true,false,,,,criteria-simulator/data.js
WA-4725,World Aquatics Championships - Singapore 2025,Senior Women Synchronized Platform (Prelim),Prelim,WA-ef17b877-6c4f-4bf6-8a7f-f8a65e5e861a-ebede09d-ff20-47bb-b3ce-6e191809d084-12-GER-12,COORDES,Carolina / PFEIF Pauline Alexandra,12,253.68,GER,GER,GER,2025,World-Championships,Senior/Open,Senior,Female,Synchro-Platform,Synchro Senior Women Synchro-Platform,true,false,,,,criteria-simulator/data.js
WA-4725,World Aquatics Championships - Singapore 2025,Senior Women Synchronized Platform (Prelim),Prelim,WA-ef17b877-6c4f-4bf6-8a7f-f8a65e5e861a-ebede09d-ff20-47bb-b3ce-6e191809d084-13-BRA-13,OLIVEIRA,Ingrid / PEDROSO Giovanna,13,249.84,BRA,BRA,BRA,2025,World-Championships,Senior/Open,Senior,Female,Synchro-Platform,Synchro Senior Women Synchro-Platform,true,false,,,,criteria-simulator/data.js
WA-4725,World Aquatics Championships - Singapore 2025,Senior Women Synchronized Platform (Prelim),Prelim,WA-ef17b877-6c4f-4bf6-8a7f-f8a65e5e861a-ebede09d-ff20-47bb-b3ce-6e191809d084-14-MAS-14,PAMG,Pandelela / LEE Yiat Qing,,87.0,MAS,MAS,MAS,2025,World-Championships,Senior/Open,Senior,Female,Synchro-Platform,Synchro Senior Women Synchro-Platform,true,false,,,,criteria-simulator/data.js
WA-4725,World Aquatics Championships - Singapore 2025,Senior Men 1m (Final),Final,WA-f59e659b-c088-4f4d-9765-2a31b3b03829,ZHENG,Jiuyuan,1,443.7,CHN,CHN,CHN,2025,World-Championships,Senior/Open,Senior,Male,1M,Senior Men 1M,false,false,,,,criteria-simulator/data.js
WA-4725,World Aquatics Championships - Singapore 2025,Senior Men 1m (Final),Final,WA-5897f289-5e02-45ac-9fa1-6e9d5eb6b5e1,OLVERA,IBARRA Osmar,2,429.6,MEX,MEX,MEX,2025,World-Championships,Senior/Open,Senior,Male,1M,Senior Men 1M,false,false,,,,criteria-simulator/data.js
WA-4725,World Aquatics Championships - Singapore 2025,Senior Men 1m (Final),Final,WA-2e7f2127-e5f7-4ca4-a5b6-1bfa954b9bdf,YAN,Siyu,3,405.5,CHN,CHN,CHN,2025,World-Championships,Senior/Open,Senior,Male,1M,Senior Men 1M,false,false,,,,criteria-simulator/data.js
WA-4725,World Aquatics Championships - Singapore 2025,Senior Men 1m (Final),Final,WA-be7b1b42-1768-4fb7-932c-ce98cf550bfc,HOULDEN,Jordan,4,405.15,GBR,GBR,GBR,2025,World-Championships,Senior/Open,Senior,Male,1M,Senior Men 1M,false,false,,,,criteria-simulator/data.js
WA-4725,World Aquatics Championships - Singapore 2025,Senior Men 1m (Final),Final,WA-33cc39a9-4bcd-4d35-afcc-a957e6cc06fc,BOUYER,Jules,5,390.15,FRA,FRA,FRA,2025,World-Championships,Senior/Open,Senior,Male,1M,Senior Men 1M,false,false,,,,criteria-simulator/data.js
WA-4725,World Aquatics Championships - Singapore 2025,Senior Men 1m (Final),Final,WA-1342b7e3-5cc5-4f94-80b7-a95d42b1450a,WESEMANN,Moritz,6,386.7,GER,GER,GER,2025,World-Championships,Senior/Open,Senior,Male,1M,Senior Men 1M,false,false,,,,criteria-simulator/data.js
WA-4725,World Aquatics Championships - Singapore 2025,Senior Men 1m (Final),Final,WA-e95b1145-f762-4997-b77c-82dd798ae8e5,MARSAGLIA,Lorenzo,7,383.7,ITA,ITA,ITA,2025,World-Championships,Senior/Open,Senior,Male,1M,Senior Men 1M,false,false,,,,criteria-simulator/data.js
WA-4725,World Aquatics Championships - Singapore 2025,Senior Men 1m (Final),Final,WA-f2a184e9-5916-4ed8-af15-d43633f236c0,FOKIN,Gennadii,8,381.0,NAB,NAB,NAB,2025,World-Championships,Senior/Open,Senior,Male,1M,Senior Men 1M,false,false,,,,criteria-simulator/data.js
WA-4725,World Aquatics Championships - Singapore 2025,Senior Men 1m (Final),Final,WA-6b6710f5-9141-4226-b937-ae9b6751a8bb,MASSENBERG,Lou Noel Guy,9,360.45,GER,GER,GER,2025,World-Championships,Senior/Open,Senior,Male,1M,Senior Men 1M,false,false,,,,criteria-simulator/data.js
WA-4725,World Aquatics Championships - Singapore 2025,Senior Men 1m (Final),Final,WA-e0e5ecb2-f40b-4231-87b6-ce5f496ed68f,RUVALCABA,Jonathan,10,354.5,DOM,DOM,DOM,2025,World-Championships,Senior/Open,Senior,Male,1M,Senior Men 1M,false,false,,,,criteria-simulator/data.js
WA-4725,World Aquatics Championships - Singapore 2025,Senior Men 1m (Final),Final,WA-24a31d48-3571-4b45-939b-53490a5762f0,TOCCI,Giovanni,11,340.25,ITA,ITA,ITA,2025,World-Championships,Senior/Open,Senior,Male,1M,Senior Men 1M,false,false,,,,criteria-simulator/data.js
WA-4725,World Aquatics Championships - Singapore 2025,Senior Men 1m (Final),Final,WA-d6b76e58-2ed5-4cb6-a78e-05e8c75801ec,CHYZHOVSKYI,Bohdan,12,316.4,UKR,UKR,UKR,2025,World-Championships,Senior/Open,Senior,Male,1M,Senior Men 1M,false,false,,,,criteria-simulator/data.js
WA-4725,World Aquatics Championships - Singapore 2025,Senior Men 1m (Prelim),Prelim,WA-f59e659b-c088-4f4d-9765-2a31b3b03829,ZHENG,Jiuyuan,1,428.0,CHN,CHN,CHN,2025,World-Championships,Senior/Open,Senior,Male,1M,Senior Men 1M,false,false,,,,criteria-simulator/data.js
WA-4725,World Aquatics Championships - Singapore 2025,Senior Men 1m (Prelim),Prelim,WA-be7b1b42-1768-4fb7-932c-ce98cf550bfc,HOULDEN,Jordan,2,407.45,GBR,GBR,GBR,2025,World-Championships,Senior/Open,Senior,Male,1M,Senior Men 1M,false,false,,,,criteria-simulator/data.js
WA-4725,World Aquatics Championships - Singapore 2025,Senior Men 1m (Prelim),Prelim,WA-e95b1145-f762-4997-b77c-82dd798ae8e5,MARSAGLIA,Lorenzo,3,381.3,ITA,ITA,ITA,2025,World-Championships,Senior/Open,Senior,Male,1M,Senior Men 1M,false,false,,,,criteria-simulator/data.js
WA-4725,World Aquatics Championships - Singapore 2025,Senior Men 1m (Prelim),Prelim,WA-2e7f2127-e5f7-4ca4-a5b6-1bfa954b9bdf,YAN,Siyu,4,372.25,CHN,CHN,CHN,2025,World-Championships,Senior/Open,Senior,Male,1M,Senior Men 1M,false,false,,,,criteria-simulator/data.js
WA-4725,World Aquatics Championships - Singapore 2025,Senior Men 1m (Prelim),Prelim,WA-33cc39a9-4bcd-4d35-afcc-a957e6cc06fc,BOUYER,Jules,5,370.15,FRA,FRA,FRA,2025,World-Championships,Senior/Open,Senior,Male,1M,Senior Men 1M,false,false,,,,criteria-simulator/data.js
WA-4725,World Aquatics Championships - Singapore 2025,Senior Men 1m (Prelim),Prelim,WA-5897f289-5e02-45ac-9fa1-6e9d5eb6b5e1,OLVERA,IBARRA Osmar,6,366.95,MEX,MEX,MEX,2025,World-Championships,Senior/Open,Senior,Male,1M,Senior Men 1M,false,false,,,,criteria-simulator/data.js
WA-4725,World Aquatics Championships - Singapore 2025,Senior Men 1m (Prelim),Prelim,WA-24a31d48-3571-4b45-939b-53490a5762f0,TOCCI,Giovanni,7,365.15,ITA,ITA,ITA,2025,World-Championships,Senior/Open,Senior,Male,1M,Senior Men 1M,false,false,,,,criteria-simulator/data.js
WA-4725,World Aquatics Championships - Singapore 2025,Senior Men 1m (Prelim),Prelim,WA-f2a184e9-5916-4ed8-af15-d43633f236c0,FOKIN,Gennadii,8,359.75,NAB,NAB,NAB,2025,World-Championships,Senior/Open,Senior,Male,1M,Senior Men 1M,false,false,,,,criteria-simulator/data.js
WA-4725,World Aquatics Championships - Singapore 2025,Senior Men 1m (Prelim),Prelim,WA-e0e5ecb2-f40b-4231-87b6-ce5f496ed68f,RUVALCABA,Jonathan,9,358.3,DOM,DOM,DOM,2025,World-Championships,Senior/Open,Senior,Male,1M,Senior Men 1M,false,false,,,,criteria-simulator/data.js
WA-4725,World Aquatics Championships - Singapore 2025,Senior Men 1m (Prelim),Prelim,WA-6b6710f5-9141-4226-b937-ae9b6751a8bb,MASSENBERG,Lou Noel Guy,10,357.8,GER,GER,GER,2025,World-Championships,Senior/Open,Senior,Male,1M,Senior Men 1M,false,false,,,,criteria-simulator/data.js
WA-4725,World Aquatics Championships - Singapore 2025,Senior Men 1m (Prelim),Prelim,WA-d6b76e58-2ed5-4cb6-a78e-05e8c75801ec,CHYZHOVSKYI,Bohdan,11,351.0,UKR,UKR,UKR,2025,World-Championships,Senior/Open,Senior,Male,1M,Senior Men 1M,false,false,,,,criteria-simulator/data.js
WA-4725,World Aquatics Championships - Singapore 2025,Senior Men 1m (Prelim),Prelim,WA-1342b7e3-5cc5-4f94-80b7-a95d42b1450a,WESEMANN,Moritz,12,350.6,GER,GER,GER,2025,World-Championships,Senior/Open,Senior,Male,1M,Senior Men 1M,false,false,,,,criteria-simulator/data.js
WA-4725,World Aquatics Championships - Singapore 2025,Senior Men 1m (Prelim),Prelim,WA-faf09aef-775d-4e28-9f6b-abc27ffc1cc8,STONE,Liam,13,349.8,NZL,NZL,NZL,2025,World-Championships,Senior/Open,Senior,Male,1M,Senior Men 1M,false,false,,,,criteria-simulator/data.js
WA-4725,World Aquatics Championships - Singapore 2025,Senior Men 1m (Prelim),Prelim,WA-7f6e93d4-fc79-471b-ac09-85d9557831ca,CELAYA,HERNANDEZ Juan Manuel,14,347.2,MEX,MEX,MEX,2025,World-Championships,Senior/Open,Senior,Male,1M,Senior Men 1M,false,false,,,,criteria-simulator/data.js
WA-4725,World Aquatics Championships - Singapore 2025,Senior Men 1m (Prelim),Prelim,WA-1bb3aa57-7120-47c5-8832-e2cbf61d4a15,KONOVALOV,Danylo,15,343.75,UKR,UKR,UKR,2025,World-Championships,Senior/Open,Senior,Male,1M,Senior Men 1M,false,false,,,,criteria-simulator/data.js
WA-4725,World Aquatics Championships - Singapore 2025,Senior Men 1m (Prelim),Prelim,WA-98f23ca1-3a73-4b03-8f02-83efee4cbddc,HARRIS,Nick,16,339.8,USA,USA,USA,2025,World-Championships,Senior/Open,Senior,Male,1M,Senior Men 1M,false,false,,,,criteria-simulator/data.js
WA-4725,World Aquatics Championships - Singapore 2025,Senior Men 1m (Prelim),Prelim,WA-efae9e1c-3571-42b6-a51a-48d62edc98d4,PENMAN,Noah George,17,337.05,GBR,GBR,GBR,2025,World-Championships,Senior/Open,Senior,Male,1M,Senior Men 1M,false,false,,,,criteria-simulator/data.js
WA-4725,World Aquatics Championships - Singapore 2025,Senior Men 1m (Prelim),Prelim,WA-710dc9f8-ca65-4838-b84e-8aaddccdfd1a,NEVESCANIN,Matej,18,334.4,CRO,CRO,CRO,2025,World-Championships,Senior/Open,Senior,Male,1M,Senior Men 1M,false,false,,,,criteria-simulator/data.js
WA-4725,World Aquatics Championships - Singapore 2025,Senior Men 1m (Prelim),Prelim,WA-9a5cbddb-f7bb-4749-a0ad-d48cf10e761d,LESIAK,Kacper,19,334.35,POL,POL,POL,2025,World-Championships,Senior/Open,Senior,Male,1M,Senior Men 1M,false,false,,,,criteria-simulator/data.js
WA-4725,World Aquatics Championships - Singapore 2025,Senior Men 1m (Prelim),Prelim,WA-c5a91a19-d7e2-46ae-a545-8dc4e9dfb0a7,ROSALES,TRIANA Frank Abel,20,334.1,CUB,CUB,CUB,2025,World-Championships,Senior/Open,Senior,Male,1M,Senior Men 1M,false,false,,,,criteria-simulator/data.js
WA-4725,World Aquatics Championships - Singapore 2025,Senior Men 1m (Prelim),Prelim,WA-eee8dd81-56fd-4116-9872-2c9337622f27,BISCH,Gwendal,21,332.55,FRA,FRA,FRA,2025,World-Championships,Senior/Open,Senior,Male,1M,Senior Men 1M,false,false,,,,criteria-simulator/data.js
WA-4725,World Aquatics Championships - Singapore 2025,Senior Men 1m (Prelim),Prelim,WA-a1ac1cc4-d8d8-40c2-8585-ba9e1c4deb6f,NEGLIA,Donato,22,328.0,CHI,CHI,CHI,2025,World-Championships,Senior/Open,Senior,Male,1M,Senior Men 1M,false,false,,,,criteria-simulator/data.js
WA-4725,World Aquatics Championships - Singapore 2025,Senior Men 1m (Prelim),Prelim,WA-f28cc9b5-9012-4ded-94b3-cc436ad32482,LINAN,Max,23,325.6,ESP,ESP,ESP,2025,World-Championships,Senior/Open,Senior,Male,1M,Senior Men 1M,false,false,,,,criteria-simulator/data.js
WA-4725,World Aquatics Championships - Singapore 2025,Senior Men 1m (Prelim),Prelim,WA-1c6caa13-28e3-44af-abe3-604d67ab6169,AHMED,FAROUK Mohamed,24,324.5,EGY,EGY,EGY,2025,World-Championships,Senior/Open,Senior,Male,1M,Senior Men 1M,false,false,,,,criteria-simulator/data.js
WA-4725,World Aquatics Championships - Singapore 2025,Senior Men 1m (Prelim),Prelim,WA-fb457094-94de-40d9-8f32-84b2b0f2eac7,KANG,Minhyeok,25,324.0,KOR,KOR,KOR,2025,World-Championships,Senior/Open,Senior,Male,1M,Senior Men 1M,false,false,,,,criteria-simulator/data.js
WA-4725,World Aquatics Championships - Singapore 2025,Senior Men 1m (Prelim),Prelim,WA-c6fb7d80-994e-495f-ac4d-25a69f3c5490,SKINNER,Hudson,26,318.0,AUS,AUS,AUS,2025,World-Championships,Senior/Open,Senior,Male,1M,Senior Men 1M,false,false,,,,criteria-simulator/data.js
WA-4725,World Aquatics Championships - Singapore 2025,Senior Men 1m (Prelim),Prelim,WA-3d74d650-1527-4910-9a32-d70bcc37e777,RZESZUTEK,Andrzej,27,317.85,POL,POL,POL,2025,World-Championships,Senior/Open,Senior,Male,1M,Senior Men 1M,false,false,,,,criteria-simulator/data.js
WA-4725,World Aquatics Championships - Singapore 2025,Senior Men 1m (Prelim),Prelim,WA-919d23a7-dda5-4fbc-b05d-36aff677c63f,THAM,Avvir,28,314.65,SGP,SGP,SGP,2025,World-Championships,Senior/Open,Senior,Male,1M,Senior Men 1M,false,false,,,,criteria-simulator/data.js
WA-4725,World Aquatics Championships - Singapore 2025,Senior Men 1m (Prelim),Prelim,WA-5618bc3c-f3a1-4887-aa5a-0cc7745ed08e,LAPIN,Egor,29,313.4,NAB,NAB,NAB,2025,World-Championships,Senior/Open,Senior,Male,1M,Senior Men 1M,false,false,,,,criteria-simulator/data.js
WA-4725,World Aquatics Championships - Singapore 2025,Senior Men 1m (Prelim),Prelim,WA-ce03e214-fd17-4164-92e1-6464850fff59,LISAUSKAS,Martynas,30,311.25,LTU,LTU,LTU,2025,World-Championships,Senior/Open,Senior,Male,1M,Senior Men 1M,false,false,,,,criteria-simulator/data.js
WA-4725,World Aquatics Championships - Singapore 2025,Senior Men 1m (Prelim),Prelim,WA-8e8d7766-902e-407b-83bc-173027f910b1,AVASILOAE,Alexandru,31,310.25,ROU,ROU,ROU,2025,World-Championships,Senior/Open,Senior,Male,1M,Senior Men 1M,false,false,,,,criteria-simulator/data.js
WA-4725,World Aquatics Championships - Singapore 2025,Senior Men 1m (Prelim),Prelim,WA-53331ba7-1513-4e4a-89ad-b2be96573ede,YI,Jaegyeong,32,308.0,KOR,KOR,KOR,2025,World-Championships,Senior/Open,Senior,Male,1M,Senior Men 1M,false,false,,,,criteria-simulator/data.js
WA-4725,World Aquatics Championships - Singapore 2025,Senior Men 1m (Prelim),Prelim,WA-7d0647f1-9a7c-4f4b-9d03-9703c1cb4f9d,YOST,Lyle,33,304.7,USA,USA,USA,2025,World-Championships,Senior/Open,Senior,Male,1M,Senior Men 1M,false,false,,,,criteria-simulator/data.js
WA-4725,World Aquatics Championships - Singapore 2025,Senior Men 1m (Prelim),Prelim,WA-52c7de54-bc37-4725-9ee5-bf0cb7ede6c7,KACHANOV,Vyacheslav,34,302.4,UZB,UZB,UZB,2025,World-Championships,Senior/Open,Senior,Male,1M,Senior Men 1M,false,false,,,,criteria-simulator/data.js
WA-4725,World Aquatics Championships - Singapore 2025,Senior Men 1m (Prelim),Prelim,WA-ad340462-2fd3-41f0-9d46-73124660c4ca,AFTHINOS,Theofilos,35,296.6,GRE,GRE,GRE,2025,World-Championships,Senior/Open,Senior,Male,1M,Senior Men 1M,false,false,,,,criteria-simulator/data.js
WA-4725,World Aquatics Championships - Singapore 2025,Senior Men 1m (Prelim),Prelim,WA-ca384db8-573d-437b-b113-8157db6ee2d7,BONFIM,DOS SANTOS MOURA Luis Felipe,36,294.9,BRA,BRA,BRA,2025,World-Championships,Senior/Open,Senior,Male,1M,Senior Men 1M,false,false,,,,criteria-simulator/data.js
WA-4725,World Aquatics Championships - Singapore 2025,Senior Men 1m (Prelim),Prelim,WA-1c54fc69-bc16-422f-8d7a-7ad814a57ffb,PETERSEN,Elias,37,294.4,SWE,SWE,SWE,2025,World-Championships,Senior/Open,Senior,Male,1M,Senior Men 1M,false,false,,,,criteria-simulator/data.js
WA-4725,World Aquatics Championships - Singapore 2025,Senior Men 1m (Prelim),Prelim,WA-2b0d613a-f9d4-433a-85ea-fba91cee31f0,ONIKASHVILI,Tornike,38,292.3,GEO,GEO,GEO,2025,World-Championships,Senior/Open,Senior,Male,1M,Senior Men 1M,false,false,,,,criteria-simulator/data.js
WA-4725,World Aquatics Championships - Singapore 2025,Senior Men 1m (Prelim),Prelim,WA-b8a5bd31-48ac-4fb6-868f-dd40afbf4142,ABRAMOWICZ,Tazman,39,288.45,CAN,CAN,CAN,2025,World-Championships,Senior/Open,Senior,Male,1M,Senior Men 1M,false,false,,,,criteria-simulator/data.js
WA-4725,World Aquatics Championships - Singapore 2025,Senior Men 1m (Prelim),Prelim,WA-14a98aee-c93b-4138-be41-56e4740aca21,MADSEN,Jonas Brockstedt,40,285.45,DEN,DEN,DEN,2025,World-Championships,Senior/Open,Senior,Male,1M,Senior Men 1M,false,false,,,,criteria-simulator/data.js
WA-4725,World Aquatics Championships - Singapore 2025,Senior Men 1m (Prelim),Prelim,WA-878e4e0f-348b-42e0-837f-3caa871144f3,YONG,Rui Jie,41,283.9,MAS,MAS,MAS,2025,World-Championships,Senior/Open,Senior,Male,1M,Senior Men 1M,false,false,,,,criteria-simulator/data.js
WA-4725,World Aquatics Championships - Singapore 2025,Senior Men 1m (Prelim),Prelim,WA-0f5b3b94-2f96-493b-a0c1-0106c226836e,KONECKI,Sebastian,42,279.85,LTU,LTU,LTU,2025,World-Championships,Senior/Open,Senior,Male,1M,Senior Men 1M,false,false,,,,criteria-simulator/data.js
WA-4725,World Aquatics Championships - Singapore 2025,Senior Men 1m (Prelim),Prelim,WA-68f81f85-4c20-44ab-b44e-2f45b97b3922,KOZHANOV,Nazar,43,276.7,KAZ,KAZ,KAZ,2025,World-Championships,Senior/Open,Senior,Male,1M,Senior Men 1M,false,false,,,,criteria-simulator/data.js
WA-4725,World Aquatics Championships - Singapore 2025,Senior Men 1m (Prelim),Prelim,WA-3fdb5f95-5177-4cd7-9a97-dbf9a96619fd,BIN,MOHAMAD NAZIM Nurqayyum Nazmi,44,274.35,MAS,MAS,MAS,2025,World-Championships,Senior/Open,Senior,Male,1M,Senior Men 1M,false,false,,,,criteria-simulator/data.js
WA-4725,World Aquatics Championships - Singapore 2025,Senior Men 1m (Prelim),Prelim,WA-0e7989ba-953a-46f9-adbb-a33d7b32ef7d,GOMEZ,Frandiel,45,270.9,DOM,DOM,DOM,2025,World-Championships,Senior/Open,Senior,Male,1M,Senior Men 1M,false,false,,,,criteria-simulator/data.js
WA-4725,World Aquatics Championships - Singapore 2025,Senior Men 1m (Prelim),Prelim,WA-b5007d59-663f-4aad-a203-b80270615469,MAX,Rafael,46,269.4,BRA,BRA,BRA,2025,World-Championships,Senior/Open,Senior,Male,1M,Senior Men 1M,false,false,,,,criteria-simulator/data.js
WA-4725,World Aquatics Championships - Singapore 2025,Senior Men 1m (Prelim),Prelim,WA-0d61633a-0b63-42ec-8b0a-e864b60275fa,MIOCIC,Mikula,47,263.2,CRO,CRO,CRO,2025,World-Championships,Senior/Open,Senior,Male,1M,Senior Men 1M,false,false,,,,criteria-simulator/data.js
WA-4725,World Aquatics Championships - Singapore 2025,Senior Men 1m (Prelim),Prelim,WA-640e9e7c-4bdc-4d0b-b5c8-d34df9c66b78,LEE,Shen Oon Max,48,261.0,SGP,SGP,SGP,2025,World-Championships,Senior/Open,Senior,Male,1M,Senior Men 1M,false,false,,,,criteria-simulator/data.js
WA-4725,World Aquatics Championships - Singapore 2025,Senior Men 1m (Prelim),Prelim,WA-d49d801f-297f-439d-bcdb-625bc85c4881,EKDAHL,David,49,257.25,SWE,SWE,SWE,2025,World-Championships,Senior/Open,Senior,Male,1M,Senior Men 1M,false,false,,,,criteria-simulator/data.js
WA-4725,World Aquatics Championships - Singapore 2025,Senior Men 1m (Prelim),Prelim,WA-b66e1100-a868-40ff-9ce6-9a78caae7a64,YUEN,Pak Yin Curtis,50,257.0,HKG,HKG,HKG,2025,World-Championships,Senior/Open,Senior,Male,1M,Senior Men 1M,false,false,,,,criteria-simulator/data.js
WA-4725,World Aquatics Championships - Singapore 2025,Senior Men 1m (Prelim),Prelim,WA-205c41e0-9f89-4596-8c55-7ee5339bc4ef,JUNTAPHADAWON,Chawanwat,51,254.5,THA,THA,THA,2025,World-Championships,Senior/Open,Senior,Male,1M,Senior Men 1M,false,false,,,,criteria-simulator/data.js
WA-4725,World Aquatics Championships - Singapore 2025,Senior Men 1m (Prelim),Prelim,WA-957003d6-6d4b-44ae-861c-b3b5a6036243,WILSON,Benjamin,52,253.7,AUS,AUS,AUS,2025,World-Championships,Senior/Open,Senior,Male,1M,Senior Men 1M,false,false,,,,criteria-simulator/data.js
WA-4725,World Aquatics Championships - Singapore 2025,Senior Men 1m (Prelim),Prelim,WA-cba6fd2a-bbb5-4f19-8c3b-5b9c1f95360d,TRAVIESO,Juan,53,251.0,VEN,VEN,VEN,2025,World-Championships,Senior/Open,Senior,Male,1M,Senior Men 1M,false,false,,,,criteria-simulator/data.js
WA-4725,World Aquatics Championships - Singapore 2025,Senior Men 1m (Prelim),Prelim,WA-07440404-e332-461b-9f3b-76b8079424d9,TSKHOMELIDZE,Aleksandre,54,248.4,GEO,GEO,GEO,2025,World-Championships,Senior/Open,Senior,Male,1M,Senior Men 1M,false,false,,,,criteria-simulator/data.js
WA-4725,World Aquatics Championships - Singapore 2025,Senior Men 1m (Prelim),Prelim,WA-a0d81bfa-d45d-4a5a-9c2b-f693f3973b9f,VAJERHELABAD,Sam,55,242.85,IRI,IRI,IRI,2025,World-Championships,Senior/Open,Senior,Male,1M,Senior Men 1M,false,false,,,,criteria-simulator/data.js
WA-4725,World Aquatics Championships - Singapore 2025,Senior Men 1m (Prelim),Prelim,WA-e1262687-1a36-4387-8a86-41d3669f76b4,RAJBANSHI,Surajit,56,238.8,IND,IND,IND,2025,World-Championships,Senior/Open,Senior,Male,1M,Senior Men 1M,false,false,,,,criteria-simulator/data.js
WA-4725,World Aquatics Championships - Singapore 2025,Senior Men 1m (Prelim),Prelim,WA-9f4331a8-352b-4b53-af0e-2251c8d08e1b,YIU,Lok Pan Robben,57,236.35,HKG,HKG,HKG,2025,World-Championships,Senior/Open,Senior,Male,1M,Senior Men 1M,false,false,,,,criteria-simulator/data.js
WA-4725,World Aquatics Championships - Singapore 2025,Senior Men 1m (Prelim),Prelim,WA-73c25dc2-2326-42d5-af56-104916825f08,EREMINOV,Tsvetomir,58,232.6,BUL,BUL,BUL,2025,World-Championships,Senior/Open,Senior,Male,1M,Senior Men 1M,false,false,,,,criteria-simulator/data.js
WA-4725,World Aquatics Championships - Singapore 2025,Senior Men 1m (Prelim),Prelim,WA-d988ec16-fdda-48a7-bff3-efedbea3287f,YUMNAM,Premson Meitei,59,219.15,IND,IND,IND,2025,World-Championships,Senior/Open,Senior,Male,1M,Senior Men 1M,false,false,,,,criteria-simulator/data.js
WA-4725,World Aquatics Championships - Singapore 2025,Senior Men 1m (Prelim),Prelim,WA-6b1f4f07-9ebd-43ac-b78a-b959ccebfe30,IKUMA,Senri,,,JPN,JPN,JPN,2025,World-Championships,Senior/Open,Senior,Male,1M,Senior Men 1M,false,false,,,,criteria-simulator/data.js
WA-4725,World Aquatics Championships - Singapore 2025,Senior Men 3m (Final),Final,WA-5897f289-5e02-45ac-9fa1-6e9d5eb6b5e1,OLVERA,IBARRA Osmar,1,529.55,MEX,MEX,MEX,2025,World-Championships,Senior/Open,Senior,Male,3M,Senior Men 3M,false,false,,,,criteria-simulator/data.js
WA-4725,World Aquatics Championships - Singapore 2025,Senior Men 3m (Final),Final,WA-c668b261-1b9c-4789-8a28-4d4a6430ee64,CAO,Yuan,2,522.7,CHN,CHN,CHN,2025,World-Championships,Senior/Open,Senior,Male,3M,Senior Men 3M,false,false,,,,criteria-simulator/data.js
WA-4725,World Aquatics Championships - Singapore 2025,Senior Men 3m (Final),Final,WA-71b4cb2f-b22a-4b66-af54-05eeadbbba89,WANG,Zongyuan,3,515.55,CHN,CHN,CHN,2025,World-Championships,Senior/Open,Senior,Male,3M,Senior Men 3M,false,false,,,,criteria-simulator/data.js
WA-4725,World Aquatics Championships - Singapore 2025,Senior Men 3m (Final),Final,WA-be7b1b42-1768-4fb7-932c-ce98cf550bfc,HOULDEN,Jordan,4,492.1,GBR,GBR,GBR,2025,World-Championships,Senior/Open,Senior,Male,3M,Senior Men 3M,false,false,,,,criteria-simulator/data.js
WA-4725,World Aquatics Championships - Singapore 2025,Senior Men 3m (Final),Final,WA-33cc39a9-4bcd-4d35-afcc-a957e6cc06fc,BOUYER,Jules,5,478.3,FRA,FRA,FRA,2025,World-Championships,Senior/Open,Senior,Male,3M,Senior Men 3M,false,false,,,,criteria-simulator/data.js
WA-4725,World Aquatics Championships - Singapore 2025,Senior Men 3m (Final),Final,WA-1342b7e3-5cc5-4f94-80b7-a95d42b1450a,WESEMANN,Moritz,6,467.1,GER,GER,GER,2025,World-Championships,Senior/Open,Senior,Male,3M,Senior Men 3M,false,false,,,,criteria-simulator/data.js
WA-4725,World Aquatics Championships - Singapore 2025,Senior Men 3m (Final),Final,WA-a3a5a658-0f22-40d4-a027-22beb83664ea,SHLEIKHER,Nikita,7,452.75,NAB,NAB,NAB,2025,World-Championships,Senior/Open,Senior,Male,3M,Senior Men 3M,false,false,,,,criteria-simulator/data.js
WA-4725,World Aquatics Championships - Singapore 2025,Senior Men 3m (Final),Final,WA-e4d7cca6-67fb-4b6b-843e-744a62d0566f,URIBE,BERMUDEZ Luis Felipe,8,443.25,COL,COL,COL,2025,World-Championships,Senior/Open,Senior,Male,3M,Senior Men 3M,false,false,,,,criteria-simulator/data.js
WA-4725,World Aquatics Championships - Singapore 2025,Senior Men 3m (Final),Final,WA-797575f0-e4e6-47c2-9597-4d9414e797eb,MOLCHANOV,Ilia,9,440.25,NAB,NAB,NAB,2025,World-Championships,Senior/Open,Senior,Male,3M,Senior Men 3M,false,false,,,,criteria-simulator/data.js
WA-4725,World Aquatics Championships - Singapore 2025,Senior Men 3m (Final),Final,WA-faf09aef-775d-4e28-9f6b-abc27ffc1cc8,STONE,Liam,10,430.45,NZL,NZL,NZL,2025,World-Championships,Senior/Open,Senior,Male,3M,Senior Men 3M,false,false,,,,criteria-simulator/data.js
WA-4725,World Aquatics Championships - Singapore 2025,Senior Men 3m (Final),Final,WA-62201372-1ce5-471f-a757-f556483d168c,SAKAI,Sho,11,406.45,JPN,JPN,JPN,2025,World-Championships,Senior/Open,Senior,Male,3M,Senior Men 3M,false,false,,,,criteria-simulator/data.js
WA-4725,World Aquatics Championships - Singapore 2025,Senior Men 3m (Final),Final,WA-e0e5ecb2-f40b-4231-87b6-ce5f496ed68f,RUVALCABA,Jonathan,12,404.5,DOM,DOM,DOM,2025,World-Championships,Senior/Open,Senior,Male,3M,Senior Men 3M,false,false,,,,criteria-simulator/data.js
WA-4725,World Aquatics Championships - Singapore 2025,Senior Men 3m (Semifinal),Semifinal,WA-71b4cb2f-b22a-4b66-af54-05eeadbbba89,WANG,Zongyuan,1,547.3,CHN,CHN,CHN,2025,World-Championships,Senior/Open,Senior,Male,3M,Senior Men 3M,false,false,,,,criteria-simulator/data.js
WA-4725,World Aquatics Championships - Singapore 2025,Senior Men 3m (Semifinal),Semifinal,WA-c668b261-1b9c-4789-8a28-4d4a6430ee64,CAO,Yuan,2,512.15,CHN,CHN,CHN,2025,World-Championships,Senior/Open,Senior,Male,3M,Senior Men 3M,false,false,,,,criteria-simulator/data.js
WA-4725,World Aquatics Championships - Singapore 2025,Senior Men 3m (Semifinal),Semifinal,WA-5897f289-5e02-45ac-9fa1-6e9d5eb6b5e1,OLVERA,IBARRA Osmar,3,472.5,MEX,MEX,MEX,2025,World-Championships,Senior/Open,Senior,Male,3M,Senior Men 3M,false,false,,,,criteria-simulator/data.js
WA-4725,World Aquatics Championships - Singapore 2025,Senior Men 3m (Semifinal),Semifinal,WA-be7b1b42-1768-4fb7-932c-ce98cf550bfc,HOULDEN,Jordan,4,461.6,GBR,GBR,GBR,2025,World-Championships,Senior/Open,Senior,Male,3M,Senior Men 3M,false,false,,,,criteria-simulator/data.js
WA-4725,World Aquatics Championships - Singapore 2025,Senior Men 3m (Semifinal),Semifinal,WA-1342b7e3-5cc5-4f94-80b7-a95d42b1450a,WESEMANN,Moritz,5,431.65,GER,GER,GER,2025,World-Championships,Senior/Open,Senior,Male,3M,Senior Men 3M,false,false,,,,criteria-simulator/data.js
WA-4725,World Aquatics Championships - Singapore 2025,Senior Men 3m (Semifinal),Semifinal,WA-e4d7cca6-67fb-4b6b-843e-744a62d0566f,URIBE,BERMUDEZ Luis Felipe,6,429.55,COL,COL,COL,2025,World-Championships,Senior/Open,Senior,Male,3M,Senior Men 3M,false,false,,,,criteria-simulator/data.js
WA-4725,World Aquatics Championships - Singapore 2025,Senior Men 3m (Semifinal),Semifinal,WA-a3a5a658-0f22-40d4-a027-22beb83664ea,SHLEIKHER,Nikita,7,427.7,NAB,NAB,NAB,2025,World-Championships,Senior/Open,Senior,Male,3M,Senior Men 3M,false,false,,,,criteria-simulator/data.js
WA-4725,World Aquatics Championships - Singapore 2025,Senior Men 3m (Semifinal),Semifinal,WA-faf09aef-775d-4e28-9f6b-abc27ffc1cc8,STONE,Liam,8,417.0,NZL,NZL,NZL,2025,World-Championships,Senior/Open,Senior,Male,3M,Senior Men 3M,false,false,,,,criteria-simulator/data.js
WA-4725,World Aquatics Championships - Singapore 2025,Senior Men 3m (Semifinal),Semifinal,WA-33cc39a9-4bcd-4d35-afcc-a957e6cc06fc,BOUYER,Jules,9,407.75,FRA,FRA,FRA,2025,World-Championships,Senior/Open,Senior,Male,3M,Senior Men 3M,false,false,,,,criteria-simulator/data.js
WA-4725,World Aquatics Championships - Singapore 2025,Senior Men 3m (Semifinal),Semifinal,WA-e0e5ecb2-f40b-4231-87b6-ce5f496ed68f,RUVALCABA,Jonathan,10,400.4,DOM,DOM,DOM,2025,World-Championships,Senior/Open,Senior,Male,3M,Senior Men 3M,false,false,,,,criteria-simulator/data.js
WA-4725,World Aquatics Championships - Singapore 2025,Senior Men 3m (Semifinal),Semifinal,WA-797575f0-e4e6-47c2-9597-4d9414e797eb,MOLCHANOV,Ilia,11,397.05,NAB,NAB,NAB,2025,World-Championships,Senior/Open,Senior,Male,3M,Senior Men 3M,false,false,,,,criteria-simulator/data.js
WA-4725,World Aquatics Championships - Singapore 2025,Senior Men 3m (Semifinal),Semifinal,WA-62201372-1ce5-471f-a757-f556483d168c,SAKAI,Sho,12,395.75,JPN,JPN,JPN,2025,World-Championships,Senior/Open,Senior,Male,3M,Senior Men 3M,false,false,,,,criteria-simulator/data.js
WA-4725,World Aquatics Championships - Singapore 2025,Senior Men 3m (Semifinal),Semifinal,WA-99fd1ea3-6c37-4bfb-9ddf-ff2db475aaab,DYER,Collier,13,393.05,USA,USA,USA,2025,World-Championships,Senior/Open,Senior,Male,3M,Senior Men 3M,false,false,,,,criteria-simulator/data.js
WA-4725,World Aquatics Championships - Singapore 2025,Senior Men 3m (Semifinal),Semifinal,WA-c68a085b-7bc8-45a8-bebe-bb078cb7de51,PAUL,Carson,14,392.65,CAN,CAN,CAN,2025,World-Championships,Senior/Open,Senior,Male,3M,Senior Men 3M,false,false,,,,criteria-simulator/data.js
WA-4725,World Aquatics Championships - Singapore 2025,Senior Men 3m (Semifinal),Semifinal,WA-53331ba7-1513-4e4a-89ad-b2be96573ede,YI,Jaegyeong,15,384.9,KOR,KOR,KOR,2025,World-Championships,Senior/Open,Senior,Male,3M,Senior Men 3M,false,false,,,,criteria-simulator/data.js
WA-4725,World Aquatics Championships - Singapore 2025,Senior Men 3m (Semifinal),Semifinal,WA-1c6caa13-28e3-44af-abe3-604d67ab6169,AHMED,FAROUK Mohamed,16,351.45,EGY,EGY,EGY,2025,World-Championships,Senior/Open,Senior,Male,3M,Senior Men 3M,false,false,,,,criteria-simulator/data.js
WA-4725,World Aquatics Championships - Singapore 2025,Senior Men 3m (Semifinal),Semifinal,WA-f48d8866-1f4e-4155-9271-c5b396e2c4f1,SHIN,Jungwhi,17,347.35,KOR,KOR,KOR,2025,World-Championships,Senior/Open,Senior,Male,3M,Senior Men 3M,false,false,,,,criteria-simulator/data.js
WA-4725,World Aquatics Championships - Singapore 2025,Senior Men 3m (Semifinal),Semifinal,WA-d6b76e58-2ed5-4cb6-a78e-05e8c75801ec,CHYZHOVSKYI,Bohdan,18,341.7,UKR,UKR,UKR,2025,World-Championships,Senior/Open,Senior,Male,3M,Senior Men 3M,false,false,,,,criteria-simulator/data.js
WA-4725,World Aquatics Championships - Singapore 2025,Senior Men 3m (Prelim),Prelim,WA-71b4cb2f-b22a-4b66-af54-05eeadbbba89,WANG,Zongyuan,1,478.6,CHN,CHN,CHN,2025,World-Championships,Senior/Open,Senior,Male,3M,Senior Men 3M,false,false,,,,criteria-simulator/data.js
WA-4725,World Aquatics Championships - Singapore 2025,Senior Men 3m (Prelim),Prelim,WA-5897f289-5e02-45ac-9fa1-6e9d5eb6b5e1,OLVERA,IBARRA Osmar,2,451.9,MEX,MEX,MEX,2025,World-Championships,Senior/Open,Senior,Male,3M,Senior Men 3M,false,false,,,,criteria-simulator/data.js
WA-4725,World Aquatics Championships - Singapore 2025,Senior Men 3m (Prelim),Prelim,WA-c668b261-1b9c-4789-8a28-4d4a6430ee64,CAO,Yuan,3,447.15,CHN,CHN,CHN,2025,World-Championships,Senior/Open,Senior,Male,3M,Senior Men 3M,false,false,,,,criteria-simulator/data.js
WA-4725,World Aquatics Championships - Singapore 2025,Senior Men 3m (Prelim),Prelim,WA-a3a5a658-0f22-40d4-a027-22beb83664ea,SHLEIKHER,Nikita,4,445.15,NAB,NAB,NAB,2025,World-Championships,Senior/Open,Senior,Male,3M,Senior Men 3M,false,false,,,,criteria-simulator/data.js
WA-4725,World Aquatics Championships - Singapore 2025,Senior Men 3m (Prelim),Prelim,WA-be7b1b42-1768-4fb7-932c-ce98cf550bfc,HOULDEN,Jordan,5,441.85,GBR,GBR,GBR,2025,World-Championships,Senior/Open,Senior,Male,3M,Senior Men 3M,false,false,,,,criteria-simulator/data.js
WA-4725,World Aquatics Championships - Singapore 2025,Senior Men 3m (Prelim),Prelim,WA-1342b7e3-5cc5-4f94-80b7-a95d42b1450a,WESEMANN,Moritz,6,441.25,GER,GER,GER,2025,World-Championships,Senior/Open,Senior,Male,3M,Senior Men 3M,false,false,,,,criteria-simulator/data.js
WA-4725,World Aquatics Championships - Singapore 2025,Senior Men 3m (Prelim),Prelim,WA-e4d7cca6-67fb-4b6b-843e-744a62d0566f,URIBE,BERMUDEZ Luis Felipe,7,418.1,COL,COL,COL,2025,World-Championships,Senior/Open,Senior,Male,3M,Senior Men 3M,false,false,,,,criteria-simulator/data.js
WA-4725,World Aquatics Championships - Singapore 2025,Senior Men 3m (Prelim),Prelim,WA-faf09aef-775d-4e28-9f6b-abc27ffc1cc8,STONE,Liam,8,416.95,NZL,NZL,NZL,2025,World-Championships,Senior/Open,Senior,Male,3M,Senior Men 3M,false,false,,,,criteria-simulator/data.js
WA-4725,World Aquatics Championships - Singapore 2025,Senior Men 3m (Prelim),Prelim,WA-33cc39a9-4bcd-4d35-afcc-a957e6cc06fc,BOUYER,Jules,9,404.8,FRA,FRA,FRA,2025,World-Championships,Senior/Open,Senior,Male,3M,Senior Men 3M,false,false,,,,criteria-simulator/data.js
WA-4725,World Aquatics Championships - Singapore 2025,Senior Men 3m (Prelim),Prelim,WA-62201372-1ce5-471f-a757-f556483d168c,SAKAI,Sho,10,396.8,JPN,JPN,JPN,2025,World-Championships,Senior/Open,Senior,Male,3M,Senior Men 3M,false,false,,,,criteria-simulator/data.js
WA-4725,World Aquatics Championships - Singapore 2025,Senior Men 3m (Prelim),Prelim,WA-797575f0-e4e6-47c2-9597-4d9414e797eb,MOLCHANOV,Ilia,11,394.8,NAB,NAB,NAB,2025,World-Championships,Senior/Open,Senior,Male,3M,Senior Men 3M,false,false,,,,criteria-simulator/data.js
WA-4725,World Aquatics Championships - Singapore 2025,Senior Men 3m (Prelim),Prelim,WA-c68a085b-7bc8-45a8-bebe-bb078cb7de51,PAUL,Carson,12,391.75,CAN,CAN,CAN,2025,World-Championships,Senior/Open,Senior,Male,3M,Senior Men 3M,false,false,,,,criteria-simulator/data.js
WA-4725,World Aquatics Championships - Singapore 2025,Senior Men 3m (Prelim),Prelim,WA-d6b76e58-2ed5-4cb6-a78e-05e8c75801ec,CHYZHOVSKYI,Bohdan,13,387.65,UKR,UKR,UKR,2025,World-Championships,Senior/Open,Senior,Male,3M,Senior Men 3M,false,false,,,,criteria-simulator/data.js
WA-4725,World Aquatics Championships - Singapore 2025,Senior Men 3m (Prelim),Prelim,WA-53331ba7-1513-4e4a-89ad-b2be96573ede,YI,Jaegyeong,14,384.1,KOR,KOR,KOR,2025,World-Championships,Senior/Open,Senior,Male,3M,Senior Men 3M,false,false,,,,criteria-simulator/data.js
WA-4725,World Aquatics Championships - Singapore 2025,Senior Men 3m (Prelim),Prelim,WA-99fd1ea3-6c37-4bfb-9ddf-ff2db475aaab,DYER,Collier,15,381.75,USA,USA,USA,2025,World-Championships,Senior/Open,Senior,Male,3M,Senior Men 3M,false,false,,,,criteria-simulator/data.js
WA-4725,World Aquatics Championships - Singapore 2025,Senior Men 3m (Prelim),Prelim,WA-1c6caa13-28e3-44af-abe3-604d67ab6169,AHMED,FAROUK Mohamed,16,381.4,EGY,EGY,EGY,2025,World-Championships,Senior/Open,Senior,Male,3M,Senior Men 3M,false,false,,,,criteria-simulator/data.js
WA-4725,World Aquatics Championships - Singapore 2025,Senior Men 3m (Prelim),Prelim,WA-f48d8866-1f4e-4155-9271-c5b396e2c4f1,SHIN,Jungwhi,17,379.2,KOR,KOR,KOR,2025,World-Championships,Senior/Open,Senior,Male,3M,Senior Men 3M,false,false,,,,criteria-simulator/data.js
WA-4725,World Aquatics Championships - Singapore 2025,Senior Men 3m (Prelim),Prelim,WA-e0e5ecb2-f40b-4231-87b6-ce5f496ed68f,RUVALCABA,Jonathan,18,374.05,DOM,DOM,DOM,2025,World-Championships,Senior/Open,Senior,Male,3M,Senior Men 3M,false,false,,,,criteria-simulator/data.js
WA-4725,World Aquatics Championships - Singapore 2025,Senior Men 3m (Prelim),Prelim,WA-24a31d48-3571-4b45-939b-53490a5762f0,TOCCI,Giovanni,19,374.0,ITA,ITA,ITA,2025,World-Championships,Senior/Open,Senior,Male,3M,Senior Men 3M,false,false,,,,criteria-simulator/data.js
WA-4725,World Aquatics Championships - Singapore 2025,Senior Men 3m (Prelim),Prelim,WA-52c7de54-bc37-4725-9ee5-bf0cb7ede6c7,KACHANOV,Vyacheslav,20,371.15,UZB,UZB,UZB,2025,World-Championships,Senior/Open,Senior,Male,3M,Senior Men 3M,false,false,,,,criteria-simulator/data.js
WA-4725,World Aquatics Championships - Singapore 2025,Senior Men 3m (Prelim),Prelim,WA-f28cc9b5-9012-4ded-94b3-cc436ad32482,LINAN,Max,21,368.0,ESP,ESP,ESP,2025,World-Championships,Senior/Open,Senior,Male,3M,Senior Men 3M,false,false,,,,criteria-simulator/data.js
WA-4725,World Aquatics Championships - Singapore 2025,Senior Men 3m (Prelim),Prelim,WA-919d23a7-dda5-4fbc-b05d-36aff677c63f,THAM,Avvir,22,363.9,SGP,SGP,SGP,2025,World-Championships,Senior/Open,Senior,Male,3M,Senior Men 3M,false,false,,,,criteria-simulator/data.js
WA-4725,World Aquatics Championships - Singapore 2025,Senior Men 3m (Prelim),Prelim,WA-7f6e93d4-fc79-471b-ac09-85d9557831ca,CELAYA,HERNANDEZ Juan Manuel,23,362.75,MEX,MEX,MEX,2025,World-Championships,Senior/Open,Senior,Male,3M,Senior Men 3M,false,false,,,,criteria-simulator/data.js
WA-4725,World Aquatics Championships - Singapore 2025,Senior Men 3m (Prelim),Prelim,WA-34242449-d4e6-4372-b12b-1b74d404f268,SANTORO,Matteo,24,361.65,ITA,ITA,ITA,2025,World-Championships,Senior/Open,Senior,Male,3M,Senior Men 3M,false,false,,,,criteria-simulator/data.js
WA-4725,World Aquatics Championships - Singapore 2025,Senior Men 3m (Prelim),Prelim,WA-99c888c4-3153-475b-8531-238813674f57,TAVENER,Frazer,25,360.95,NZL,NZL,NZL,2025,World-Championships,Senior/Open,Senior,Male,3M,Senior Men 3M,false,false,,,,criteria-simulator/data.js
WA-4725,World Aquatics Championships - Singapore 2025,Senior Men 3m (Prelim),Prelim,WA-f55bcccf-c30d-4b58-ad52-276f456ad1b4,LAUGHER,Jack,26,360.8,GBR,GBR,GBR,2025,World-Championships,Senior/Open,Senior,Male,3M,Senior Men 3M,false,false,,,,criteria-simulator/data.js
WA-4725,World Aquatics Championships - Singapore 2025,Senior Men 3m (Prelim),Prelim,WA-8f069b37-d951-44b0-82f8-ef91d4d64708,PASSMORE,Jake,27,360.6,IRL,IRL,IRL,2025,World-Championships,Senior/Open,Senior,Male,3M,Senior Men 3M,false,false,,,,criteria-simulator/data.js
WA-4725,World Aquatics Championships - Singapore 2025,Senior Men 3m (Prelim),Prelim,WA-3d74d650-1527-4910-9a32-d70bcc37e777,RZESZUTEK,Andrzej,28,357.55,POL,POL,POL,2025,World-Championships,Senior/Open,Senior,Male,3M,Senior Men 3M,false,false,,,,criteria-simulator/data.js
WA-4725,World Aquatics Championships - Singapore 2025,Senior Men 3m (Prelim),Prelim,WA-205c41e0-9f89-4596-8c55-7ee5339bc4ef,JUNTAPHADAWON,Chawanwat,29,357.0,THA,THA,THA,2025,World-Championships,Senior/Open,Senior,Male,3M,Senior Men 3M,false,false,,,,criteria-simulator/data.js
WA-4725,World Aquatics Championships - Singapore 2025,Senior Men 3m (Prelim),Prelim,WA-eee8dd81-56fd-4116-9872-2c9337622f27,BISCH,Gwendal,30,354.7,FRA,FRA,FRA,2025,World-Championships,Senior/Open,Senior,Male,3M,Senior Men 3M,false,false,,,,criteria-simulator/data.js
WA-4725,World Aquatics Championships - Singapore 2025,Senior Men 3m (Prelim),Prelim,WA-c947886d-c4b2-413d-8c36-4a5c084b3bcd,GONZALEZ,REYES Jesus Eduardo,31,353.15,VEN,VEN,VEN,2025,World-Championships,Senior/Open,Senior,Male,3M,Senior Men 3M,false,false,,,,criteria-simulator/data.js
WA-4725,World Aquatics Championships - Singapore 2025,Senior Men 3m (Prelim),Prelim,WA-9a5cbddb-f7bb-4749-a0ad-d48cf10e761d,LESIAK,Kacper,32,351.75,POL,POL,POL,2025,World-Championships,Senior/Open,Senior,Male,3M,Senior Men 3M,false,false,,,,criteria-simulator/data.js
WA-4725,World Aquatics Championships - Singapore 2025,Senior Men 3m (Prelim),Prelim,WA-410c0356-2f6b-42f1-a3e6-3d76aa5b080b,LOTFI,Dariush,33,347.25,AUT,AUT,AUT,2025,World-Championships,Senior/Open,Senior,Male,3M,Senior Men 3M,false,false,,,,criteria-simulator/data.js
WA-4725,World Aquatics Championships - Singapore 2025,Senior Men 3m (Prelim),Prelim,WA-ea31df52-8712-4684-b42a-95b1fe49d0dc,FLORY,Maxwell,34,345.6,USA,USA,USA,2025,World-Championships,Senior/Open,Senior,Male,3M,Senior Men 3M,false,false,,,,criteria-simulator/data.js
WA-4725,World Aquatics Championships - Singapore 2025,Senior Men 3m (Prelim),Prelim,WA-ad340462-2fd3-41f0-9d46-73124660c4ca,AFTHINOS,Theofilos,35,344.9,GRE,GRE,GRE,2025,World-Championships,Senior/Open,Senior,Male,3M,Senior Men 3M,false,false,,,,criteria-simulator/data.js
WA-4725,World Aquatics Championships - Singapore 2025,Senior Men 3m (Prelim),Prelim,WA-ce03e214-fd17-4164-92e1-6464850fff59,LISAUSKAS,Martynas,36,344.6,LTU,LTU,LTU,2025,World-Championships,Senior/Open,Senior,Male,3M,Senior Men 3M,false,false,,,,criteria-simulator/data.js
WA-4725,World Aquatics Championships - Singapore 2025,Senior Men 3m (Prelim),Prelim,WA-fe351c8c-310e-4d08-81ce-bdda0e437006,BOLIUKH,Kirill,36,344.6,UKR,UKR,UKR,2025,World-Championships,Senior/Open,Senior,Male,3M,Senior Men 3M,false,false,,,,criteria-simulator/data.js
WA-4725,World Aquatics Championships - Singapore 2025,Senior Men 3m (Prelim),Prelim,WA-a0d81bfa-d45d-4a5a-9c2b-f693f3973b9f,VAJERHELABAD,Sam,38,344.55,IRI,IRI,IRI,2025,World-Championships,Senior/Open,Senior,Male,3M,Senior Men 3M,false,false,,,,criteria-simulator/data.js
WA-4725,World Aquatics Championships - Singapore 2025,Senior Men 3m (Prelim),Prelim,WA-7412f6c2-0ea5-410b-ac56-643825177880,SUYAMA,Haruki,39,343.3,JPN,JPN,JPN,2025,World-Championships,Senior/Open,Senior,Male,3M,Senior Men 3M,false,false,,,,criteria-simulator/data.js
WA-4725,World Aquatics Championships - Singapore 2025,Senior Men 3m (Prelim),Prelim,WA-a5d3ed15-9e7e-44a5-b383-ff049337f2c2,CORTES,ZAPATA Juan Pablo,40,340.3,ESP,ESP,ESP,2025,World-Championships,Senior/Open,Senior,Male,3M,Senior Men 3M,false,false,,,,criteria-simulator/data.js
WA-4725,World Aquatics Championships - Singapore 2025,Senior Men 3m (Prelim),Prelim,WA-c5a91a19-d7e2-46ae-a545-8dc4e9dfb0a7,ROSALES,TRIANA Frank Abel,41,339.75,CUB,CUB,CUB,2025,World-Championships,Senior/Open,Senior,Male,3M,Senior Men 3M,false,false,,,,criteria-simulator/data.js
WA-4725,World Aquatics Championships - Singapore 2025,Senior Men 3m (Prelim),Prelim,WA-1c54fc69-bc16-422f-8d7a-7ad814a57ffb,PETERSEN,Elias,42,336.0,SWE,SWE,SWE,2025,World-Championships,Senior/Open,Senior,Male,3M,Senior Men 3M,false,false,,,,criteria-simulator/data.js
WA-4725,World Aquatics Championships - Singapore 2025,Senior Men 3m (Prelim),Prelim,WA-c6fb7d80-994e-495f-ac4d-25a69f3c5490,SKINNER,Hudson,43,329.1,AUS,AUS,AUS,2025,World-Championships,Senior/Open,Senior,Male,3M,Senior Men 3M,false,false,,,,criteria-simulator/data.js
WA-4725,World Aquatics Championships - Singapore 2025,Senior Men 3m (Prelim),Prelim,WA-640e9e7c-4bdc-4d0b-b5c8-d34df9c66b78,LEE,Shen Oon Max,44,326.25,SGP,SGP,SGP,2025,World-Championships,Senior/Open,Senior,Male,3M,Senior Men 3M,false,false,,,,criteria-simulator/data.js
WA-4725,World Aquatics Championships - Singapore 2025,Senior Men 3m (Prelim),Prelim,WA-68f81f85-4c20-44ab-b44e-2f45b97b3922,KOZHANOV,Nazar,45,324.55,KAZ,KAZ,KAZ,2025,World-Championships,Senior/Open,Senior,Male,3M,Senior Men 3M,false,false,,,,criteria-simulator/data.js
WA-4725,World Aquatics Championships - Singapore 2025,Senior Men 3m (Prelim),Prelim,WA-930a8e54-6b0d-4157-9521-8603a5c86477,BARTHEL,Timo,46,323.15,GER,GER,GER,2025,World-Championships,Senior/Open,Senior,Male,3M,Senior Men 3M,false,false,,,,criteria-simulator/data.js
WA-4725,World Aquatics Championships - Singapore 2025,Senior Men 3m (Prelim),Prelim,WA-b5007d59-663f-4aad-a203-b80270615469,MAX,Rafael,47,323.05,BRA,BRA,BRA,2025,World-Championships,Senior/Open,Senior,Male,3M,Senior Men 3M,false,false,,,,criteria-simulator/data.js
WA-4725,World Aquatics Championships - Singapore 2025,Senior Men 3m (Prelim),Prelim,WA-8e8d7766-902e-407b-83bc-173027f910b1,AVASILOAE,Alexandru,48,321.75,ROU,ROU,ROU,2025,World-Championships,Senior/Open,Senior,Male,3M,Senior Men 3M,false,false,,,,criteria-simulator/data.js
WA-4725,World Aquatics Championships - Singapore 2025,Senior Men 3m (Prelim),Prelim,WA-cba6fd2a-bbb5-4f19-8c3b-5b9c1f95360d,TRAVIESO,Juan,49,319.4,VEN,VEN,VEN,2025,World-Championships,Senior/Open,Senior,Male,3M,Senior Men 3M,false,false,,,,criteria-simulator/data.js
WA-4725,World Aquatics Championships - Singapore 2025,Senior Men 3m (Prelim),Prelim,WA-2b0d613a-f9d4-433a-85ea-fba91cee31f0,ONIKASHVILI,Tornike,50,318.65,GEO,GEO,GEO,2025,World-Championships,Senior/Open,Senior,Male,3M,Senior Men 3M,false,false,,,,criteria-simulator/data.js
WA-4725,World Aquatics Championships - Singapore 2025,Senior Men 3m (Prelim),Prelim,WA-95823117-9a8d-45ed-8aeb-c69c07b5583a,MYALIN,Igor,51,318.3,UZB,UZB,UZB,2025,World-Championships,Senior/Open,Senior,Male,3M,Senior Men 3M,false,false,,,,criteria-simulator/data.js
WA-4725,World Aquatics Championships - Singapore 2025,Senior Men 3m (Prelim),Prelim,WA-97c30827-4ba6-4025-acf5-2c540dfa5686,BORSLIEN,Isak,52,312.6,NOR,NOR,NOR,2025,World-Championships,Senior/Open,Senior,Male,3M,Senior Men 3M,false,false,,,,criteria-simulator/data.js
WA-4725,World Aquatics Championships - Singapore 2025,Senior Men 3m (Prelim),Prelim,WA-3f6871ad-13a3-45ba-bcce-33f02849317e,PUTEH,Muhammad Syafiq,53,310.55,MAS,MAS,MAS,2025,World-Championships,Senior/Open,Senior,Male,3M,Senior Men 3M,false,false,,,,criteria-simulator/data.js
WA-4725,World Aquatics Championships - Singapore 2025,Senior Men 3m (Prelim),Prelim,WA-3fdb5f95-5177-4cd7-9a97-dbf9a96619fd,BIN,MOHAMAD NAZIM Nurqayyum Nazmi,54,303.55,MAS,MAS,MAS,2025,World-Championships,Senior/Open,Senior,Male,3M,Senior Men 3M,false,false,,,,criteria-simulator/data.js
WA-4725,World Aquatics Championships - Singapore 2025,Senior Men 3m (Prelim),Prelim,WA-ca384db8-573d-437b-b113-8157db6ee2d7,BONFIM,DOS SANTOS MOURA Luis Felipe,55,299.65,BRA,BRA,BRA,2025,World-Championships,Senior/Open,Senior,Male,3M,Senior Men 3M,false,false,,,,criteria-simulator/data.js
WA-4725,World Aquatics Championships - Singapore 2025,Senior Men 3m (Prelim),Prelim,WA-0e7989ba-953a-46f9-adbb-a33d7b32ef7d,GOMEZ,Frandiel,56,298.7,DOM,DOM,DOM,2025,World-Championships,Senior/Open,Senior,Male,3M,Senior Men 3M,false,false,,,,criteria-simulator/data.js
WA-4725,World Aquatics Championships - Singapore 2025,Senior Men 3m (Prelim),Prelim,WA-a1ac1cc4-d8d8-40c2-8585-ba9e1c4deb6f,NEGLIA,Donato,57,284.4,CHI,CHI,CHI,2025,World-Championships,Senior/Open,Senior,Male,3M,Senior Men 3M,false,false,,,,criteria-simulator/data.js
WA-4725,World Aquatics Championships - Singapore 2025,Senior Men 3m (Prelim),Prelim,WA-d49d801f-297f-439d-bcdb-625bc85c4881,EKDAHL,David,58,283.8,SWE,SWE,SWE,2025,World-Championships,Senior/Open,Senior,Male,3M,Senior Men 3M,false,false,,,,criteria-simulator/data.js
WA-4725,World Aquatics Championships - Singapore 2025,Senior Men 3m (Prelim),Prelim,WA-4911fec3-fd41-4530-9de8-d7d677214a82,HULJEV,Marko,59,283.1,CRO,CRO,CRO,2025,World-Championships,Senior/Open,Senior,Male,3M,Senior Men 3M,false,false,,,,criteria-simulator/data.js
WA-4725,World Aquatics Championships - Singapore 2025,Senior Men 3m (Prelim),Prelim,WA-e1262687-1a36-4387-8a86-41d3669f76b4,RAJBANSHI,Surajit,60,271.7,IND,IND,IND,2025,World-Championships,Senior/Open,Senior,Male,3M,Senior Men 3M,false,false,,,,criteria-simulator/data.js
WA-4725,World Aquatics Championships - Singapore 2025,Senior Men 3m (Prelim),Prelim,WA-7047d47a-357e-4386-9070-515fe7fea3a9,TSULUKIDZE,Giorgi,61,265.45,GEO,GEO,GEO,2025,World-Championships,Senior/Open,Senior,Male,3M,Senior Men 3M,false,false,,,,criteria-simulator/data.js
WA-4725,World Aquatics Championships - Singapore 2025,Senior Men 3m (Prelim),Prelim,WA-b66e1100-a868-40ff-9ce6-9a78caae7a64,YUEN,Pak Yin Curtis,62,264.15,HKG,HKG,HKG,2025,World-Championships,Senior/Open,Senior,Male,3M,Senior Men 3M,false,false,,,,criteria-simulator/data.js
WA-4725,World Aquatics Championships - Singapore 2025,Senior Men 3m (Prelim),Prelim,WA-d988ec16-fdda-48a7-bff3-efedbea3287f,YUMNAM,Premson Meitei,63,261.7,IND,IND,IND,2025,World-Championships,Senior/Open,Senior,Male,3M,Senior Men 3M,false,false,,,,criteria-simulator/data.js
WA-4725,World Aquatics Championships - Singapore 2025,Senior Men 3m (Prelim),Prelim,WA-0f5b3b94-2f96-493b-a0c1-0106c226836e,KONECKI,Sebastian,64,258.85,LTU,LTU,LTU,2025,World-Championships,Senior/Open,Senior,Male,3M,Senior Men 3M,false,false,,,,criteria-simulator/data.js
WA-4725,World Aquatics Championships - Singapore 2025,Senior Men 3m (Prelim),Prelim,WA-9f4331a8-352b-4b53-af0e-2251c8d08e1b,YIU,Lok Pan Robben,65,222.5,HKG,HKG,HKG,2025,World-Championships,Senior/Open,Senior,Male,3M,Senior Men 3M,false,false,,,,criteria-simulator/data.js
WA-4725,World Aquatics Championships - Singapore 2025,Senior Men 3m (Prelim),Prelim,WA-710dc9f8-ca65-4838-b84e-8aaddccdfd1a,NEVESCANIN,Matej,,,CRO,CRO,CRO,2025,World-Championships,Senior/Open,Senior,Male,3M,Senior Men 3M,false,false,,,,criteria-simulator/data.js
WA-4725,World Aquatics Championships - Singapore 2025,Senior Men Platform (Final),Final,WA-608b9f19-6769-487c-8e10-efc2d4dad412,ROUSSEAU,Cassiel,1,534.8,AUS,AUS,AUS,2025,World-Championships,Senior/Open,Senior,Male,Platform,Senior Men Platform,false,false,,,,criteria-simulator/data.js
WA-4725,World Aquatics Championships - Singapore 2025,Senior Men Platform (Final),Final,WA-ab9ea005-2bd6-4c22-82cf-bbf9275a35f3,SEREDA,Oleksii,2,515.2,UKR,UKR,UKR,2025,World-Championships,Senior/Open,Senior,Male,Platform,Senior Men Platform,false,false,,,,criteria-simulator/data.js
WA-4725,World Aquatics Championships - Singapore 2025,Senior Men Platform (Final),Final,WA-2b7dac5a-8afb-409a-a0b2-01e2f99f1d6d,WILLARS,VALDEZ Randal,3,511.95,MEX,MEX,MEX,2025,World-Championships,Senior/Open,Senior,Male,Platform,Senior Men Platform,false,false,,,,criteria-simulator/data.js
WA-4725,World Aquatics Championships - Singapore 2025,Senior Men Platform (Final),Final,WA-e0568c62-eb22-4c46-8a1a-98dc83ce3c8c,ZHU,Zifeng,4,506.1,CHN,CHN,CHN,2025,World-Championships,Senior/Open,Senior,Male,Platform,Senior Men Platform,false,false,,,,criteria-simulator/data.js
WA-4725,World Aquatics Championships - Singapore 2025,Senior Men Platform (Final),Final,WA-a66f8c8c-e623-4b40-9bbd-a210b30f9e8b,ZHAO,Renjie,5,499.95,CHN,CHN,CHN,2025,World-Championships,Senior/Open,Senior,Male,Platform,Senior Men Platform,false,false,,,,criteria-simulator/data.js
WA-4725,World Aquatics Championships - Singapore 2025,Senior Men Platform (Final),Final,WA-60bc57fa-bec2-48aa-bf6b-3b3fe4bea191,TAMAI,Rikuto,6,492.55,JPN,JPN,JPN,2025,World-Championships,Senior/Open,Senior,Male,Platform,Senior Men Platform,false,false,,,,criteria-simulator/data.js
WA-4725,World Aquatics Championships - Singapore 2025,Senior Men Platform (Final),Final,WA-c8112a56-8ffc-405f-9b8e-b592ed090046,TERNOVOI,Ruslan,7,459.05,NAB,NAB,NAB,2025,World-Championships,Senior/Open,Senior,Male,Platform,Senior Men Platform,false,false,,,,criteria-simulator/data.js
WA-4725,World Aquatics Championships - Singapore 2025,Senior Men Platform (Final),Final,WA-56d8cf84-80c5-4bc8-85b8-ec23fd18e46f,CHOE,Wi Hyon,8,456.2,PRK,PRK,PRK,2025,World-Championships,Senior/Open,Senior,Male,Platform,Senior Men Platform,false,false,,,,criteria-simulator/data.js
WA-4725,World Aquatics Championships - Singapore 2025,Senior Men Platform (Final),Final,WA-f15599d8-6c10-4f2d-90ca-5a832439004e,TESSIER,Benjamin,9,445.3,CAN,CAN,CAN,2025,World-Championships,Senior/Open,Senior,Male,Platform,Senior Men Platform,false,false,,,,criteria-simulator/data.js
WA-4725,World Aquatics Championships - Singapore 2025,Senior Men Platform (Final),Final,WA-00006ce3-63d8-439c-a41b-2ab95bbffdc0,EIKERMANN,GREGORCHUK Jaden Shiloh,10,442.3,GER,GER,GER,2025,World-Championships,Senior/Open,Senior,Male,Platform,Senior Men Platform,false,false,,,,criteria-simulator/data.js
WA-4725,World Aquatics Championships - Singapore 2025,Senior Men Platform (Final),Final,WA-a3a5a658-0f22-40d4-a027-22beb83664ea,SHLEIKHER,Nikita,11,441.8,NAB,NAB,NAB,2025,World-Championships,Senior/Open,Senior,Male,Platform,Senior Men Platform,false,false,,,,criteria-simulator/data.js
WA-4725,World Aquatics Championships - Singapore 2025,Senior Men Platform (Final),Final,WA-4047085f-2b5e-4359-94d1-bdc06ecfb69d,LEE,Robbie,12,433.85,GBR,GBR,GBR,2025,World-Championships,Senior/Open,Senior,Male,Platform,Senior Men Platform,false,false,,,,criteria-simulator/data.js
WA-4725,World Aquatics Championships - Singapore 2025,Senior Men Platform (Semifinal),Semifinal,WA-e0568c62-eb22-4c46-8a1a-98dc83ce3c8c,ZHU,Zifeng,1,502.55,CHN,CHN,CHN,2025,World-Championships,Senior/Open,Senior,Male,Platform,Senior Men Platform,false,false,,,,criteria-simulator/data.js
WA-4725,World Aquatics Championships - Singapore 2025,Senior Men Platform (Semifinal),Semifinal,WA-a66f8c8c-e623-4b40-9bbd-a210b30f9e8b,ZHAO,Renjie,2,491.35,CHN,CHN,CHN,2025,World-Championships,Senior/Open,Senior,Male,Platform,Senior Men Platform,false,false,,,,criteria-simulator/data.js
WA-4725,World Aquatics Championships - Singapore 2025,Senior Men Platform (Semifinal),Semifinal,WA-60bc57fa-bec2-48aa-bf6b-3b3fe4bea191,TAMAI,Rikuto,3,480.2,JPN,JPN,JPN,2025,World-Championships,Senior/Open,Senior,Male,Platform,Senior Men Platform,false,false,,,,criteria-simulator/data.js
WA-4725,World Aquatics Championships - Singapore 2025,Senior Men Platform (Semifinal),Semifinal,WA-608b9f19-6769-487c-8e10-efc2d4dad412,ROUSSEAU,Cassiel,4,478.2,AUS,AUS,AUS,2025,World-Championships,Senior/Open,Senior,Male,Platform,Senior Men Platform,false,false,,,,criteria-simulator/data.js
WA-4725,World Aquatics Championships - Singapore 2025,Senior Men Platform (Semifinal),Semifinal,WA-ab9ea005-2bd6-4c22-82cf-bbf9275a35f3,SEREDA,Oleksii,5,471.8,UKR,UKR,UKR,2025,World-Championships,Senior/Open,Senior,Male,Platform,Senior Men Platform,false,false,,,,criteria-simulator/data.js
WA-4725,World Aquatics Championships - Singapore 2025,Senior Men Platform (Semifinal),Semifinal,WA-a3a5a658-0f22-40d4-a027-22beb83664ea,SHLEIKHER,Nikita,6,464.6,NAB,NAB,NAB,2025,World-Championships,Senior/Open,Senior,Male,Platform,Senior Men Platform,false,false,,,,criteria-simulator/data.js
WA-4725,World Aquatics Championships - Singapore 2025,Senior Men Platform (Semifinal),Semifinal,WA-c8112a56-8ffc-405f-9b8e-b592ed090046,TERNOVOI,Ruslan,7,458.55,NAB,NAB,NAB,2025,World-Championships,Senior/Open,Senior,Male,Platform,Senior Men Platform,false,false,,,,criteria-simulator/data.js
WA-4725,World Aquatics Championships - Singapore 2025,Senior Men Platform (Semifinal),Semifinal,WA-2b7dac5a-8afb-409a-a0b2-01e2f99f1d6d,WILLARS,VALDEZ Randal,8,446.2,MEX,MEX,MEX,2025,World-Championships,Senior/Open,Senior,Male,Platform,Senior Men Platform,false,false,,,,criteria-simulator/data.js
WA-4725,World Aquatics Championships - Singapore 2025,Senior Men Platform (Semifinal),Semifinal,WA-f15599d8-6c10-4f2d-90ca-5a832439004e,TESSIER,Benjamin,9,443.2,CAN,CAN,CAN,2025,World-Championships,Senior/Open,Senior,Male,Platform,Senior Men Platform,false,false,,,,criteria-simulator/data.js
WA-4725,World Aquatics Championships - Singapore 2025,Senior Men Platform (Semifinal),Semifinal,WA-00006ce3-63d8-439c-a41b-2ab95bbffdc0,EIKERMANN,GREGORCHUK Jaden Shiloh,10,433.2,GER,GER,GER,2025,World-Championships,Senior/Open,Senior,Male,Platform,Senior Men Platform,false,false,,,,criteria-simulator/data.js
WA-4725,World Aquatics Championships - Singapore 2025,Senior Men Platform (Semifinal),Semifinal,WA-56d8cf84-80c5-4bc8-85b8-ec23fd18e46f,CHOE,Wi Hyon,11,428.75,PRK,PRK,PRK,2025,World-Championships,Senior/Open,Senior,Male,Platform,Senior Men Platform,false,false,,,,criteria-simulator/data.js
WA-4725,World Aquatics Championships - Singapore 2025,Senior Men Platform (Semifinal),Semifinal,WA-4047085f-2b5e-4359-94d1-bdc06ecfb69d,LEE,Robbie,12,421.2,GBR,GBR,GBR,2025,World-Championships,Senior/Open,Senior,Male,Platform,Senior Men Platform,false,false,,,,criteria-simulator/data.js
WA-4725,World Aquatics Championships - Singapore 2025,Senior Men Platform (Semifinal),Semifinal,WA-a93824ac-e59e-4dcb-ba1f-08650c02217b,RZEPKA,Jordan,13,410.7,USA,USA,USA,2025,World-Championships,Senior/Open,Senior,Male,Platform,Senior Men Platform,false,false,,,,criteria-simulator/data.js
WA-4725,World Aquatics Championships - Singapore 2025,Senior Men Platform (Semifinal),Semifinal,WA-82fe3d83-82d9-4d7c-a052-68e5490af75d,GIOVANNINI,Riccardo,14,409.15,ITA,ITA,ITA,2025,World-Championships,Senior/Open,Senior,Male,Platform,Senior Men Platform,false,false,,,,criteria-simulator/data.js
WA-4725,World Aquatics Championships - Singapore 2025,Senior Men Platform (Semifinal),Semifinal,WA-209ad056-b688-4a4e-b78a-439614c8ccd1,HRYTSENKO,Mark,15,405.35,UKR,UKR,UKR,2025,World-Championships,Senior/Open,Senior,Male,Platform,Senior Men Platform,false,false,,,,criteria-simulator/data.js
WA-4725,World Aquatics Championships - Singapore 2025,Senior Men Platform (Semifinal),Semifinal,WA-e86d7ed9-6457-4fc7-8ecc-bf4cc3d62034,ANAK,CLEMENT Elvis Priestly,16,399.8,MAS,MAS,MAS,2025,World-Championships,Senior/Open,Senior,Male,Platform,Senior Men Platform,false,false,,,,criteria-simulator/data.js
WA-4725,World Aquatics Championships - Singapore 2025,Senior Men Platform (Semifinal),Semifinal,WA-0c1c8461-4f28-472f-aa1e-fe290feef36b,RODRIGUEZ,LEDESMA Jorge,17,379.95,ESP,ESP,ESP,2025,World-Championships,Senior/Open,Senior,Male,Platform,Senior Men Platform,false,false,,,,criteria-simulator/data.js
WA-4725,World Aquatics Championships - Singapore 2025,Senior Men Platform (Semifinal),Semifinal,WA-06045885-36a8-4872-8640-c726a741ef97,MCCABE,Euan,18,368.15,GBR,GBR,GBR,2025,World-Championships,Senior/Open,Senior,Male,Platform,Senior Men Platform,false,false,,,,criteria-simulator/data.js
WA-4725,World Aquatics Championships - Singapore 2025,Senior Men Platform (Prelim),Prelim,WA-a66f8c8c-e623-4b40-9bbd-a210b30f9e8b,ZHAO,Renjie,1,489.25,CHN,CHN,CHN,2025,World-Championships,Senior/Open,Senior,Male,Platform,Senior Men Platform,false,false,,,,criteria-simulator/data.js
WA-4725,World Aquatics Championships - Singapore 2025,Senior Men Platform (Prelim),Prelim,WA-608b9f19-6769-487c-8e10-efc2d4dad412,ROUSSEAU,Cassiel,2,483.5,AUS,AUS,AUS,2025,World-Championships,Senior/Open,Senior,Male,Platform,Senior Men Platform,false,false,,,,criteria-simulator/data.js
WA-4725,World Aquatics Championships - Singapore 2025,Senior Men Platform (Prelim),Prelim,WA-60bc57fa-bec2-48aa-bf6b-3b3fe4bea191,TAMAI,Rikuto,3,466.6,JPN,JPN,JPN,2025,World-Championships,Senior/Open,Senior,Male,Platform,Senior Men Platform,false,false,,,,criteria-simulator/data.js
WA-4725,World Aquatics Championships - Singapore 2025,Senior Men Platform (Prelim),Prelim,WA-e0568c62-eb22-4c46-8a1a-98dc83ce3c8c,ZHU,Zifeng,4,461.7,CHN,CHN,CHN,2025,World-Championships,Senior/Open,Senior,Male,Platform,Senior Men Platform,false,false,,,,criteria-simulator/data.js
WA-4725,World Aquatics Championships - Singapore 2025,Senior Men Platform (Prelim),Prelim,WA-a93824ac-e59e-4dcb-ba1f-08650c02217b,RZEPKA,Jordan,5,449.8,USA,USA,USA,2025,World-Championships,Senior/Open,Senior,Male,Platform,Senior Men Platform,false,false,,,,criteria-simulator/data.js
WA-4725,World Aquatics Championships - Singapore 2025,Senior Men Platform (Prelim),Prelim,WA-a3a5a658-0f22-40d4-a027-22beb83664ea,SHLEIKHER,Nikita,6,448.7,NAB,NAB,NAB,2025,World-Championships,Senior/Open,Senior,Male,Platform,Senior Men Platform,false,false,,,,criteria-simulator/data.js
WA-4725,World Aquatics Championships - Singapore 2025,Senior Men Platform (Prelim),Prelim,WA-ab9ea005-2bd6-4c22-82cf-bbf9275a35f3,SEREDA,Oleksii,7,447.35,UKR,UKR,UKR,2025,World-Championships,Senior/Open,Senior,Male,Platform,Senior Men Platform,false,false,,,,criteria-simulator/data.js
WA-4725,World Aquatics Championships - Singapore 2025,Senior Men Platform (Prelim),Prelim,WA-2b7dac5a-8afb-409a-a0b2-01e2f99f1d6d,WILLARS,VALDEZ Randal,8,441.75,MEX,MEX,MEX,2025,World-Championships,Senior/Open,Senior,Male,Platform,Senior Men Platform,false,false,,,,criteria-simulator/data.js
WA-4725,World Aquatics Championships - Singapore 2025,Senior Men Platform (Prelim),Prelim,WA-c8112a56-8ffc-405f-9b8e-b592ed090046,TERNOVOI,Ruslan,9,434.65,NAB,NAB,NAB,2025,World-Championships,Senior/Open,Senior,Male,Platform,Senior Men Platform,false,false,,,,criteria-simulator/data.js
WA-4725,World Aquatics Championships - Singapore 2025,Senior Men Platform (Prelim),Prelim,WA-e86d7ed9-6457-4fc7-8ecc-bf4cc3d62034,ANAK,CLEMENT Elvis Priestly,10,432.9,MAS,MAS,MAS,2025,World-Championships,Senior/Open,Senior,Male,Platform,Senior Men Platform,false,false,,,,criteria-simulator/data.js
WA-4725,World Aquatics Championships - Singapore 2025,Senior Men Platform (Prelim),Prelim,WA-4047085f-2b5e-4359-94d1-bdc06ecfb69d,LEE,Robbie,11,431.1,GBR,GBR,GBR,2025,World-Championships,Senior/Open,Senior,Male,Platform,Senior Men Platform,false,false,,,,criteria-simulator/data.js
WA-4725,World Aquatics Championships - Singapore 2025,Senior Men Platform (Prelim),Prelim,WA-209ad056-b688-4a4e-b78a-439614c8ccd1,HRYTSENKO,Mark,12,418.3,UKR,UKR,UKR,2025,World-Championships,Senior/Open,Senior,Male,Platform,Senior Men Platform,false,false,,,,criteria-simulator/data.js
WA-4725,World Aquatics Championships - Singapore 2025,Senior Men Platform (Prelim),Prelim,WA-06045885-36a8-4872-8640-c726a741ef97,MCCABE,Euan,13,412.55,GBR,GBR,GBR,2025,World-Championships,Senior/Open,Senior,Male,Platform,Senior Men Platform,false,false,,,,criteria-simulator/data.js
WA-4725,World Aquatics Championships - Singapore 2025,Senior Men Platform (Prelim),Prelim,WA-56d8cf84-80c5-4bc8-85b8-ec23fd18e46f,CHOE,Wi Hyon,14,392.7,PRK,PRK,PRK,2025,World-Championships,Senior/Open,Senior,Male,Platform,Senior Men Platform,false,false,,,,criteria-simulator/data.js
WA-4725,World Aquatics Championships - Singapore 2025,Senior Men Platform (Prelim),Prelim,WA-00006ce3-63d8-439c-a41b-2ab95bbffdc0,EIKERMANN,GREGORCHUK Jaden Shiloh,15,391.5,GER,GER,GER,2025,World-Championships,Senior/Open,Senior,Male,Platform,Senior Men Platform,false,false,,,,criteria-simulator/data.js
WA-4725,World Aquatics Championships - Singapore 2025,Senior Men Platform (Prelim),Prelim,WA-f15599d8-6c10-4f2d-90ca-5a832439004e,TESSIER,Benjamin,16,387.1,CAN,CAN,CAN,2025,World-Championships,Senior/Open,Senior,Male,Platform,Senior Men Platform,false,false,,,,criteria-simulator/data.js
WA-4725,World Aquatics Championships - Singapore 2025,Senior Men Platform (Prelim),Prelim,WA-82fe3d83-82d9-4d7c-a052-68e5490af75d,GIOVANNINI,Riccardo,17,383.8,ITA,ITA,ITA,2025,World-Championships,Senior/Open,Senior,Male,Platform,Senior Men Platform,false,false,,,,criteria-simulator/data.js
WA-4725,World Aquatics Championships - Singapore 2025,Senior Men Platform (Prelim),Prelim,WA-0c1c8461-4f28-472f-aa1e-fe290feef36b,RODRIGUEZ,LEDESMA Jorge,18,378.95,ESP,ESP,ESP,2025,World-Championships,Senior/Open,Senior,Male,Platform,Senior Men Platform,false,false,,,,criteria-simulator/data.js
WA-4725,World Aquatics Championships - Singapore 2025,Senior Men Platform (Prelim),Prelim,WA-bce51102-8bdd-4d8c-88c5-349ed4242695,MERCIECA,Jonah,19,371.65,AUS,AUS,AUS,2025,World-Championships,Senior/Open,Senior,Male,Platform,Senior Men Platform,false,false,,,,criteria-simulator/data.js
WA-4725,World Aquatics Championships - Singapore 2025,Senior Men Platform (Prelim),Prelim,WA-d7d389de-1265-4ece-9fd8-52f62d8cb5d8,HEDBERG,Joshua,20,371.0,USA,USA,USA,2025,World-Championships,Senior/Open,Senior,Male,Platform,Senior Men Platform,false,false,,,,criteria-simulator/data.js
WA-4725,World Aquatics Championships - Singapore 2025,Senior Men Platform (Prelim),Prelim,WA-49641f9d-3163-46e7-a7ea-449aaf2b9299,TREVINO,LAUREANO Emilio,21,367.3,MEX,MEX,MEX,2025,World-Championships,Senior/Open,Senior,Male,Platform,Senior Men Platform,false,false,,,,criteria-simulator/data.js
WA-4725,World Aquatics Championships - Singapore 2025,Senior Men Platform (Prelim),Prelim,WA-97c30827-4ba6-4025-acf5-2c540dfa5686,BORSLIEN,Isak,22,364.5,NOR,NOR,NOR,2025,World-Championships,Senior/Open,Senior,Male,Platform,Senior Men Platform,false,false,,,,criteria-simulator/data.js
WA-4725,World Aquatics Championships - Singapore 2025,Senior Men Platform (Prelim),Prelim,WA-a2804907-3875-44f5-8468-069bc2ef7d59,KNOLL,Anton,23,361.5,AUT,AUT,AUT,2025,World-Championships,Senior/Open,Senior,Male,Platform,Senior Men Platform,false,false,,,,criteria-simulator/data.js
WA-4725,World Aquatics Championships - Singapore 2025,Senior Men Platform (Prelim),Prelim,WA-f48d8866-1f4e-4155-9271-c5b396e2c4f1,SHIN,Jungwhi,24,360.5,KOR,KOR,KOR,2025,World-Championships,Senior/Open,Senior,Male,Platform,Senior Men Platform,false,false,,,,criteria-simulator/data.js
WA-4725,World Aquatics Championships - Singapore 2025,Senior Men Platform (Prelim),Prelim,WA-f9d056bc-3c7a-4b61-8d6c-c6d75c61dee0,CONTE,Simone,25,359.95,ITA,ITA,ITA,2025,World-Championships,Senior/Open,Senior,Male,Platform,Senior Men Platform,false,false,,,,criteria-simulator/data.js
WA-4725,World Aquatics Championships - Singapore 2025,Senior Men Platform (Prelim),Prelim,WA-c947886d-c4b2-413d-8c36-4a5c084b3bcd,GONZALEZ,REYES Jesus Eduardo,26,358.45,VEN,VEN,VEN,2025,World-Championships,Senior/Open,Senior,Male,Platform,Senior Men Platform,false,false,,,,criteria-simulator/data.js
WA-4725,World Aquatics Championships - Singapore 2025,Senior Men Platform (Prelim),Prelim,WA-fb457094-94de-40d9-8f32-84b2b0f2eac7,KANG,Minhyeok,27,355.35,KOR,KOR,KOR,2025,World-Championships,Senior/Open,Senior,Male,Platform,Senior Men Platform,false,false,,,,criteria-simulator/data.js
WA-4725,World Aquatics Championships - Singapore 2025,Senior Men Platform (Prelim),Prelim,WA-4d60ca5a-e24f-4525-a727-886c6db51180,BROWN,Nathan,28,354.5,NZL,NZL,NZL,2025,World-Championships,Senior/Open,Senior,Male,Platform,Senior Men Platform,false,false,,,,criteria-simulator/data.js
WA-4725,World Aquatics Championships - Singapore 2025,Senior Men Platform (Prelim),Prelim,WA-a6b38d64-1ed1-44d6-becb-5eda34b95052,RAMOS,RODRIGUEZ Carlos Daniel,29,354.15,CUB,CUB,CUB,2025,World-Championships,Senior/Open,Senior,Male,Platform,Senior Men Platform,false,false,,,,criteria-simulator/data.js
WA-4725,World Aquatics Championships - Singapore 2025,Senior Men Platform (Prelim),Prelim,WA-42dff7b0-f442-433a-a3e3-b39ac9b3f694,CARDONA,HERRERO Rodrigo,30,351.2,ESP,ESP,ESP,2025,World-Championships,Senior/Open,Senior,Male,Platform,Senior Men Platform,false,false,,,,criteria-simulator/data.js
WA-4725,World Aquatics Championships - Singapore 2025,Senior Men Platform (Prelim),Prelim,WA-410c0356-2f6b-42f1-a3e6-3d76aa5b080b,LOTFI,Dariush,31,345.65,AUT,AUT,AUT,2025,World-Championships,Senior/Open,Senior,Male,Platform,Senior Men Platform,false,false,,,,criteria-simulator/data.js
WA-4725,World Aquatics Championships - Singapore 2025,Senior Men Platform (Prelim),Prelim,WA-95823117-9a8d-45ed-8aeb-c69c07b5583a,MYALIN,Igor,32,343.95,UZB,UZB,UZB,2025,World-Championships,Senior/Open,Senior,Male,Platform,Senior Men Platform,false,false,,,,criteria-simulator/data.js
WA-4725,World Aquatics Championships - Singapore 2025,Senior Men Platform (Prelim),Prelim,WA-01fd576f-d13f-4279-9dca-7bd481d8344f,CULLEN,Matt,33,342.55,CAN,CAN,CAN,2025,World-Championships,Senior/Open,Senior,Male,Platform,Senior Men Platform,false,false,,,,criteria-simulator/data.js
WA-4725,World Aquatics Championships - Singapore 2025,Senior Men Platform (Prelim),Prelim,WA-6adf6db2-6355-4e9a-809e-1a15483588bd,NISHIDA,Reo,34,335.1,JPN,JPN,JPN,2025,World-Championships,Senior/Open,Senior,Male,Platform,Senior Men Platform,false,false,,,,criteria-simulator/data.js
WA-4725,World Aquatics Championships - Singapore 2025,Senior Men Platform (Prelim),Prelim,WA-640e9e7c-4bdc-4d0b-b5c8-d34df9c66b78,LEE,Shen Oon Max,35,330.85,SGP,SGP,SGP,2025,World-Championships,Senior/Open,Senior,Male,Platform,Senior Men Platform,false,false,,,,criteria-simulator/data.js
WA-4725,World Aquatics Championships - Singapore 2025,Senior Men Platform (Prelim),Prelim,WA-85bb14fc-c76d-45c4-8935-e77d273002a7,ROSLER,Ole Johannes,36,326.95,GER,GER,GER,2025,World-Championships,Senior/Open,Senior,Male,Platform,Senior Men Platform,false,false,,,,criteria-simulator/data.js
WA-4725,World Aquatics Championships - Singapore 2025,Senior Men Platform (Prelim),Prelim,WA-9bc22687-2e17-4e30-b453-13ec62d41748,HAROLD,Enrique,37,323.45,MAS,MAS,MAS,2025,World-Championships,Senior/Open,Senior,Male,Platform,Senior Men Platform,false,false,,,,criteria-simulator/data.js
WA-4725,World Aquatics Championships - Singapore 2025,Senior Men Platform (Prelim),Prelim,WA-bb9d6188-447b-4acf-88c4-836399a30f94,JO,Ryu Myong,38,318.5,PRK,PRK,PRK,2025,World-Championships,Senior/Open,Senior,Male,Platform,Senior Men Platform,false,false,,,,criteria-simulator/data.js
WA-4725,World Aquatics Championships - Singapore 2025,Senior Men Platform (Prelim),Prelim,WA-1a124d6f-8525-4849-b58e-5d8bb5220acb,TEOFILOVIC,Aleksa,39,307.05,SRB,SRB,SRB,2025,World-Championships,Senior/Open,Senior,Male,Platform,Senior Men Platform,false,false,,,,criteria-simulator/data.js
WA-4725,World Aquatics Championships - Singapore 2025,Senior Men Platform (Prelim),Prelim,WA-ec687703-2ebb-4317-9ad9-a939a631bff6,BAYANDURYAN,Vartan,40,305.2,ARM,ARM,ARM,2025,World-Championships,Senior/Open,Senior,Male,Platform,Senior Men Platform,false,false,,,,criteria-simulator/data.js
WA-4725,World Aquatics Championships - Singapore 2025,Senior Men Platform (Prelim),Prelim,WA-73c25dc2-2326-42d5-af56-104916825f08,EREMINOV,Tsvetomir,41,295.25,BUL,BUL,BUL,2025,World-Championships,Senior/Open,Senior,Male,Platform,Senior Men Platform,false,false,,,,criteria-simulator/data.js
WA-4725,World Aquatics Championships - Singapore 2025,Senior Men Platform (Prelim),Prelim,WA-d2e4723a-be3a-43f6-935c-c589f87648a3,OLIVEIRA,Jackson,42,294.2,BRA,BRA,BRA,2025,World-Championships,Senior/Open,Senior,Male,Platform,Senior Men Platform,false,false,,,,criteria-simulator/data.js
WA-4725,World Aquatics Championships - Singapore 2025,Senior Men Platform (Prelim),Prelim,WA-3cc77791-86e0-4a42-bc27-66c1eeed6d68,CARDOSO,Miguel,43,289.2,BRA,BRA,BRA,2025,World-Championships,Senior/Open,Senior,Male,Platform,Senior Men Platform,false,false,,,,criteria-simulator/data.js
WA-4725,World Aquatics Championships - Singapore 2025,Senior Men Platform (Prelim),Prelim,WA-a7f8f926-37ad-4ee3-b8eb-9243e159bb17,ARIAS,PENA Bernaldo,44,288.2,CUB,CUB,CUB,2025,World-Championships,Senior/Open,Senior,Male,Platform,Senior Men Platform,false,false,,,,criteria-simulator/data.js
WA-4725,World Aquatics Championships - Singapore 2025,Senior Men Platform (Prelim),Prelim,WA-f9eab961-ce0d-4165-aa75-fb86a07f8aa8,SIFNAIOS,Stavros,45,262.7,GRE,GRE,GRE,2025,World-Championships,Senior/Open,Senior,Male,Platform,Senior Men Platform,false,false,,,,criteria-simulator/data.js
WA-4725,World Aquatics Championships - Singapore 2025,Senior Men Platform (Prelim),Prelim,WA-745f6f1e-7714-4d05-9658-8e95c73240da,SAIREM,Indiver,46,253.9,IND,IND,IND,2025,World-Championships,Senior/Open,Senior,Male,Platform,Senior Men Platform,false,false,,,,criteria-simulator/data.js
WA-4725,World Aquatics Championships - Singapore 2025,Senior Men Platform (Prelim),Prelim,WA-391f02d0-fce0-45b3-ac53-d597edca0975,WILLSON,SINGH Ningthoujam,47,233.0,IND,IND,IND,2025,World-Championships,Senior/Open,Senior,Male,Platform,Senior Men Platform,false,false,,,,criteria-simulator/data.js
WA-4725,World Aquatics Championships - Singapore 2025,Senior Men Platform (Prelim),Prelim,WA-8670559a-f197-4002-be66-d15321e57dac,SANCHEZ,Saymol,48,155.5,DOM,DOM,DOM,2025,World-Championships,Senior/Open,Senior,Male,Platform,Senior Men Platform,false,false,,,,criteria-simulator/data.js
WA-4725,World Aquatics Championships - Singapore 2025,Senior Men Synchronized 3m (Final),Final,WA-445d2e81-02ba-4efc-a785-86cfa094b854-3abd8d45-1c15-4bf9-94c8-7ebc1f3ec42e-1-CHN-1,WANG,Zongyuan / ZHENG Jiuyuan,1,467.31,CHN,CHN,CHN,2025,World-Championships,Senior/Open,Senior,Male,Synchro-3m,Synchro Senior Men Synchro-3m,true,false,,,,criteria-simulator/data.js
WA-4725,World Aquatics Championships - Singapore 2025,Senior Men Synchronized 3m (Final),Final,WA-445d2e81-02ba-4efc-a785-86cfa094b854-3abd8d45-1c15-4bf9-94c8-7ebc1f3ec42e-2-MEX-2,CELAYA,HERNANDEZ Juan Manuel / OLVERA IBARRA Osmar,2,449.28,MEX,MEX,MEX,2025,World-Championships,Senior/Open,Senior,Male,Synchro-3m,Synchro Senior Men Synchro-3m,true,false,,,,criteria-simulator/data.js
WA-4725,World Aquatics Championships - Singapore 2025,Senior Men Synchronized 3m (Final),Final,WA-445d2e81-02ba-4efc-a785-86cfa094b854-3abd8d45-1c15-4bf9-94c8-7ebc1f3ec42e-3-GBR-3,LAUGHER,Jack / HARDING Anthony,3,405.33,GBR,GBR,GBR,2025,World-Championships,Senior/Open,Senior,Male,Synchro-3m,Synchro Senior Men Synchro-3m,true,false,,,,criteria-simulator/data.js
WA-4725,World Aquatics Championships - Singapore 2025,Senior Men Synchronized 3m (Final),Final,WA-445d2e81-02ba-4efc-a785-86cfa094b854-3abd8d45-1c15-4bf9-94c8-7ebc1f3ec42e-4-UKR-4,BOLIUKH,Kirill / OLIFERCHYK Stanislav,4,387.99,UKR,UKR,UKR,2025,World-Championships,Senior/Open,Senior,Male,Synchro-3m,Synchro Senior Men Synchro-3m,true,false,,,,criteria-simulator/data.js
WA-4725,World Aquatics Championships - Singapore 2025,Senior Men Synchronized 3m (Final),Final,WA-445d2e81-02ba-4efc-a785-86cfa094b854-3abd8d45-1c15-4bf9-94c8-7ebc1f3ec42e-5-ITA-5,MARSAGLIA,Lorenzo / TOCCI Giovanni,5,375.6,ITA,ITA,ITA,2025,World-Championships,Senior/Open,Senior,Male,Synchro-3m,Synchro Senior Men Synchro-3m,true,false,,,,criteria-simulator/data.js
WA-4725,World Aquatics Championships - Singapore 2025,Senior Men Synchronized 3m (Final),Final,WA-445d2e81-02ba-4efc-a785-86cfa094b854-3abd8d45-1c15-4bf9-94c8-7ebc1f3ec42e-6-USA-6,CAMPBELL,Grayson / RYAN Jack,6,374.82,USA,USA,USA,2025,World-Championships,Senior/Open,Senior,Male,Synchro-3m,Synchro Senior Men Synchro-3m,true,false,,,,criteria-simulator/data.js
WA-4725,World Aquatics Championships - Singapore 2025,Senior Men Synchronized 3m (Final),Final,WA-445d2e81-02ba-4efc-a785-86cfa094b854-3abd8d45-1c15-4bf9-94c8-7ebc1f3ec42e-7-NZL-7,TAVENER,Frazer / STONE Liam,7,361.11,NZL,NZL,NZL,2025,World-Championships,Senior/Open,Senior,Male,Synchro-3m,Synchro Senior Men Synchro-3m,true,false,,,,criteria-simulator/data.js
WA-4725,World Aquatics Championships - Singapore 2025,Senior Men Synchronized 3m (Final),Final,WA-445d2e81-02ba-4efc-a785-86cfa094b854-3abd8d45-1c15-4bf9-94c8-7ebc1f3ec42e-8-GER-8,BARTHEL,Timo / WESEMANN Moritz,8,319.89,GER,GER,GER,2025,World-Championships,Senior/Open,Senior,Male,Synchro-3m,Synchro Senior Men Synchro-3m,true,false,,,,criteria-simulator/data.js
WA-4725,World Aquatics Championships - Singapore 2025,Senior Men Synchronized 3m (Prelim),Prelim,WA-445d2e81-02ba-4efc-a785-86cfa094b854-ebede09d-ff20-47bb-b3ce-6e191809d084-1-CHN-1,WANG,Zongyuan / ZHENG Jiuyuan,1,445.83,CHN,CHN,CHN,2025,World-Championships,Senior/Open,Senior,Male,Synchro-3m,Synchro Senior Men Synchro-3m,true,false,,,,criteria-simulator/data.js
WA-4725,World Aquatics Championships - Singapore 2025,Senior Men Synchronized 3m (Prelim),Prelim,WA-445d2e81-02ba-4efc-a785-86cfa094b854-ebede09d-ff20-47bb-b3ce-6e191809d084-2-MEX-2,CELAYA,HERNANDEZ Juan Manuel / OLVERA IBARRA Osmar,2,405.54,MEX,MEX,MEX,2025,World-Championships,Senior/Open,Senior,Male,Synchro-3m,Synchro Senior Men Synchro-3m,true,false,,,,criteria-simulator/data.js
WA-4725,World Aquatics Championships - Singapore 2025,Senior Men Synchronized 3m (Prelim),Prelim,WA-445d2e81-02ba-4efc-a785-86cfa094b854-ebede09d-ff20-47bb-b3ce-6e191809d084-3-GBR-3,LAUGHER,Jack / HARDING Anthony,3,394.29,GBR,GBR,GBR,2025,World-Championships,Senior/Open,Senior,Male,Synchro-3m,Synchro Senior Men Synchro-3m,true,false,,,,criteria-simulator/data.js
WA-4725,World Aquatics Championships - Singapore 2025,Senior Men Synchronized 3m (Prelim),Prelim,WA-445d2e81-02ba-4efc-a785-86cfa094b854-ebede09d-ff20-47bb-b3ce-6e191809d084-4-GER-4,BARTHEL,Timo / WESEMANN Moritz,4,388.62,GER,GER,GER,2025,World-Championships,Senior/Open,Senior,Male,Synchro-3m,Synchro Senior Men Synchro-3m,true,false,,,,criteria-simulator/data.js
WA-4725,World Aquatics Championships - Singapore 2025,Senior Men Synchronized 3m (Prelim),Prelim,WA-445d2e81-02ba-4efc-a785-86cfa094b854-ebede09d-ff20-47bb-b3ce-6e191809d084-5-USA-5,CAMPBELL,Grayson / RYAN Jack,5,382.68,USA,USA,USA,2025,World-Championships,Senior/Open,Senior,Male,Synchro-3m,Synchro Senior Men Synchro-3m,true,false,,,,criteria-simulator/data.js
WA-4725,World Aquatics Championships - Singapore 2025,Senior Men Synchronized 3m (Prelim),Prelim,WA-445d2e81-02ba-4efc-a785-86cfa094b854-ebede09d-ff20-47bb-b3ce-6e191809d084-6-NZL-6,TAVENER,Frazer / STONE Liam,6,375.66,NZL,NZL,NZL,2025,World-Championships,Senior/Open,Senior,Male,Synchro-3m,Synchro Senior Men Synchro-3m,true,false,,,,criteria-simulator/data.js
WA-4725,World Aquatics Championships - Singapore 2025,Senior Men Synchronized 3m (Prelim),Prelim,WA-445d2e81-02ba-4efc-a785-86cfa094b854-ebede09d-ff20-47bb-b3ce-6e191809d084-7-UKR-7,BOLIUKH,Kirill / OLIFERCHYK Stanislav,7,374.91,UKR,UKR,UKR,2025,World-Championships,Senior/Open,Senior,Male,Synchro-3m,Synchro Senior Men Synchro-3m,true,false,,,,criteria-simulator/data.js
WA-4725,World Aquatics Championships - Singapore 2025,Senior Men Synchronized 3m (Prelim),Prelim,WA-445d2e81-02ba-4efc-a785-86cfa094b854-ebede09d-ff20-47bb-b3ce-6e191809d084-8-ITA-8,MARSAGLIA,Lorenzo / TOCCI Giovanni,8,371.58,ITA,ITA,ITA,2025,World-Championships,Senior/Open,Senior,Male,Synchro-3m,Synchro Senior Men Synchro-3m,true,false,,,,criteria-simulator/data.js
WA-4725,World Aquatics Championships - Singapore 2025,Senior Men Synchronized 3m (Prelim),Prelim,WA-445d2e81-02ba-4efc-a785-86cfa094b854-ebede09d-ff20-47bb-b3ce-6e191809d084-9-FRA-9,BOUYER,Jules / BISCH Gwendal,9,370.05,FRA,FRA,FRA,2025,World-Championships,Senior/Open,Senior,Male,Synchro-3m,Synchro Senior Men Synchro-3m,true,false,,,,criteria-simulator/data.js
WA-4725,World Aquatics Championships - Singapore 2025,Senior Men Synchronized 3m (Prelim),Prelim,WA-445d2e81-02ba-4efc-a785-86cfa094b854-ebede09d-ff20-47bb-b3ce-6e191809d084-10-KOR-10,SHIN,Jungwhi / YI Jaegyeong,10,364.41,KOR,KOR,KOR,2025,World-Championships,Senior/Open,Senior,Male,Synchro-3m,Synchro Senior Men Synchro-3m,true,false,,,,criteria-simulator/data.js
WA-4725,World Aquatics Championships - Singapore 2025,Senior Men Synchronized 3m (Prelim),Prelim,WA-445d2e81-02ba-4efc-a785-86cfa094b854-ebede09d-ff20-47bb-b3ce-6e191809d084-11-JPN-11,SUYAMA,Haruki / IKUMA Senri,11,362.91,JPN,JPN,JPN,2025,World-Championships,Senior/Open,Senior,Male,Synchro-3m,Synchro Senior Men Synchro-3m,true,false,,,,criteria-simulator/data.js
WA-4725,World Aquatics Championships - Singapore 2025,Senior Men Synchronized 3m (Prelim),Prelim,WA-445d2e81-02ba-4efc-a785-86cfa094b854-ebede09d-ff20-47bb-b3ce-6e191809d084-12-NAB-12,FOKIN,Gennadii / MOLCHANOV Ilia,12,358.8,NAB,NAB,NAB,2025,World-Championships,Senior/Open,Senior,Male,Synchro-3m,Synchro Senior Men Synchro-3m,true,false,,,,criteria-simulator/data.js
WA-4725,World Aquatics Championships - Singapore 2025,Senior Men Synchronized 3m (Prelim),Prelim,WA-445d2e81-02ba-4efc-a785-86cfa094b854-ebede09d-ff20-47bb-b3ce-6e191809d084-13-POL-13,LESIAK,Kacper / RZESZUTEK Andrzej,13,348.6,POL,POL,POL,2025,World-Championships,Senior/Open,Senior,Male,Synchro-3m,Synchro Senior Men Synchro-3m,true,false,,,,criteria-simulator/data.js
WA-4725,World Aquatics Championships - Singapore 2025,Senior Men Synchronized 3m (Prelim),Prelim,WA-445d2e81-02ba-4efc-a785-86cfa094b854-ebede09d-ff20-47bb-b3ce-6e191809d084-14-ESP-14,CORTES,ZAPATA Juan Pablo / LINAN Max,14,342.42,ESP,ESP,ESP,2025,World-Championships,Senior/Open,Senior,Male,Synchro-3m,Synchro Senior Men Synchro-3m,true,false,,,,criteria-simulator/data.js
WA-4725,World Aquatics Championships - Singapore 2025,Senior Men Synchronized 3m (Prelim),Prelim,WA-445d2e81-02ba-4efc-a785-86cfa094b854-ebede09d-ff20-47bb-b3ce-6e191809d084-15-CAN-15,PAUL,Carson / ABRAMOWICZ Tazman,15,338.04,CAN,CAN,CAN,2025,World-Championships,Senior/Open,Senior,Male,Synchro-3m,Synchro Senior Men Synchro-3m,true,false,,,,criteria-simulator/data.js
WA-4725,World Aquatics Championships - Singapore 2025,Senior Men Synchronized 3m (Prelim),Prelim,WA-445d2e81-02ba-4efc-a785-86cfa094b854-ebede09d-ff20-47bb-b3ce-6e191809d084-16-CRO-16,NEVESCANIN,Matej / MARTINOVIC Luka,16,337.44,CRO,CRO,CRO,2025,World-Championships,Senior/Open,Senior,Male,Synchro-3m,Synchro Senior Men Synchro-3m,true,false,,,,criteria-simulator/data.js
WA-4725,World Aquatics Championships - Singapore 2025,Senior Men Synchronized 3m (Prelim),Prelim,WA-445d2e81-02ba-4efc-a785-86cfa094b854-ebede09d-ff20-47bb-b3ce-6e191809d084-17-DOM-17,RUVALCABA,Jonathan / GOMEZ Frandiel,17,334.32,DOM,DOM,DOM,2025,World-Championships,Senior/Open,Senior,Male,Synchro-3m,Synchro Senior Men Synchro-3m,true,false,,,,criteria-simulator/data.js
WA-4725,World Aquatics Championships - Singapore 2025,Senior Men Synchronized 3m (Prelim),Prelim,WA-445d2e81-02ba-4efc-a785-86cfa094b854-ebede09d-ff20-47bb-b3ce-6e191809d084-18-UZB-18,KACHANOV,Vyacheslav / MYALIN Igor,18,326.58,UZB,UZB,UZB,2025,World-Championships,Senior/Open,Senior,Male,Synchro-3m,Synchro Senior Men Synchro-3m,true,false,,,,criteria-simulator/data.js
WA-4725,World Aquatics Championships - Singapore 2025,Senior Men Synchronized 3m (Prelim),Prelim,WA-445d2e81-02ba-4efc-a785-86cfa094b854-ebede09d-ff20-47bb-b3ce-6e191809d084-19-AUS-19,SKINNER,Hudson / WILSON Benjamin,19,319.47,AUS,AUS,AUS,2025,World-Championships,Senior/Open,Senior,Male,Synchro-3m,Synchro Senior Men Synchro-3m,true,false,,,,criteria-simulator/data.js
WA-4725,World Aquatics Championships - Singapore 2025,Senior Men Synchronized 3m (Prelim),Prelim,WA-445d2e81-02ba-4efc-a785-86cfa094b854-ebede09d-ff20-47bb-b3ce-6e191809d084-20-BRA-20,BONFIM,DOS SANTOS MOURA Luis Felipe / BORGES Rafael,20,318.18,BRA,BRA,BRA,2025,World-Championships,Senior/Open,Senior,Male,Synchro-3m,Synchro Senior Men Synchro-3m,true,false,,,,criteria-simulator/data.js
WA-4725,World Aquatics Championships - Singapore 2025,Senior Men Synchronized 3m (Prelim),Prelim,WA-445d2e81-02ba-4efc-a785-86cfa094b854-ebede09d-ff20-47bb-b3ce-6e191809d084-21-MAS-21,BIN,MOHAMAD NAZIM Nurqayyum Nazmi / YONG Rui Jie,21,302.76,MAS,MAS,MAS,2025,World-Championships,Senior/Open,Senior,Male,Synchro-3m,Synchro Senior Men Synchro-3m,true,false,,,,criteria-simulator/data.js
WA-4725,World Aquatics Championships - Singapore 2025,Senior Men Synchronized 3m (Prelim),Prelim,WA-445d2e81-02ba-4efc-a785-86cfa094b854-ebede09d-ff20-47bb-b3ce-6e191809d084-22-SGP-22,NG,Geng Wee Ayden / LEE Shen Oon Max,22,302.1,SGP,SGP,SGP,2025,World-Championships,Senior/Open,Senior,Male,Synchro-3m,Synchro Senior Men Synchro-3m,true,false,,,,criteria-simulator/data.js
WA-4725,World Aquatics Championships - Singapore 2025,Senior Men Synchronized 3m (Prelim),Prelim,WA-445d2e81-02ba-4efc-a785-86cfa094b854-ebede09d-ff20-47bb-b3ce-6e191809d084-23-VEN-23,GONZALEZ,REYES Jesus Eduardo / TRAVIESO Juan,23,298.65,VEN,VEN,VEN,2025,World-Championships,Senior/Open,Senior,Male,Synchro-3m,Synchro Senior Men Synchro-3m,true,false,,,,criteria-simulator/data.js
WA-4725,World Aquatics Championships - Singapore 2025,Senior Men Synchronized 3m (Prelim),Prelim,WA-445d2e81-02ba-4efc-a785-86cfa094b854-ebede09d-ff20-47bb-b3ce-6e191809d084-24-GEO-24,TSKHOMELIDZE,Aleksandre / TSULUKIDZE Giorgi,24,291.42,GEO,GEO,GEO,2025,World-Championships,Senior/Open,Senior,Male,Synchro-3m,Synchro Senior Men Synchro-3m,true,false,,,,criteria-simulator/data.js
WA-4725,World Aquatics Championships - Singapore 2025,Senior Men Synchronized 3m (Prelim),Prelim,WA-445d2e81-02ba-4efc-a785-86cfa094b854-ebede09d-ff20-47bb-b3ce-6e191809d084-25-KAZ-25,NOVIKOV,Kirill / KOZHANOV Nazar,25,275.13,KAZ,KAZ,KAZ,2025,World-Championships,Senior/Open,Senior,Male,Synchro-3m,Synchro Senior Men Synchro-3m,true,false,,,,criteria-simulator/data.js
WA-4725,World Aquatics Championships - Singapore 2025,Senior Men Synchronized 3m (Prelim),Prelim,WA-445d2e81-02ba-4efc-a785-86cfa094b854-ebede09d-ff20-47bb-b3ce-6e191809d084-26-IND-26,YUMNAM,Premson Meitei / RAJBANSHI Surajit,26,254.04,IND,IND,IND,2025,World-Championships,Senior/Open,Senior,Male,Synchro-3m,Synchro Senior Men Synchro-3m,true,false,,,,criteria-simulator/data.js
WA-4725,World Aquatics Championships - Singapore 2025,Senior Men Synchronized Platform (Final),Final,WA-b1c2df93-994e-4e6a-827d-ab298f02ecb3-3abd8d45-1c15-4bf9-94c8-7ebc1f3ec42e-1-CHN-1,CHENG,Zilong / ZHU Zifeng,1,429.63,CHN,CHN,CHN,2025,World-Championships,Senior/Open,Senior,Male,Synchro-Platform,Synchro Senior Men Synchro-Platform,true,false,,,,criteria-simulator/data.js
WA-4725,World Aquatics Championships - Singapore 2025,Senior Men Synchronized Platform (Final),Final,WA-b1c2df93-994e-4e6a-827d-ab298f02ecb3-3abd8d45-1c15-4bf9-94c8-7ebc1f3ec42e-2-NAB-2,SHLEIKHER,Nikita / TERNOVOI Ruslan,2,428.7,NAB,NAB,NAB,2025,World-Championships,Senior/Open,Senior,Male,Synchro-Platform,Synchro Senior Men Synchro-Platform,true,false,,,,criteria-simulator/data.js
WA-4725,World Aquatics Championships - Singapore 2025,Senior Men Synchronized Platform (Final),Final,WA-b1c2df93-994e-4e6a-827d-ab298f02ecb3-3abd8d45-1c15-4bf9-94c8-7ebc1f3ec42e-3-USA-3,TYLER,Carson / HEDBERG Joshua,3,410.7,USA,USA,USA,2025,World-Championships,Senior/Open,Senior,Male,Synchro-Platform,Synchro Senior Men Synchro-Platform,true,false,,,,criteria-simulator/data.js
WA-4725,World Aquatics Championships - Singapore 2025,Senior Men Synchronized Platform (Final),Final,WA-b1c2df93-994e-4e6a-827d-ab298f02ecb3-3abd8d45-1c15-4bf9-94c8-7ebc1f3ec42e-4-GBR-4,LEE,Robbie / KOTHARI Kyle,4,399.27,GBR,GBR,GBR,2025,World-Championships,Senior/Open,Senior,Male,Synchro-Platform,Synchro Senior Men Synchro-Platform,true,false,,,,criteria-simulator/data.js
WA-4725,World Aquatics Championships - Singapore 2025,Senior Men Synchronized Platform (Final),Final,WA-b1c2df93-994e-4e6a-827d-ab298f02ecb3-3abd8d45-1c15-4bf9-94c8-7ebc1f3ec42e-5-UKR-5,SEREDA,Oleksii / HRYTSENKO Mark,5,391.23,UKR,UKR,UKR,2025,World-Championships,Senior/Open,Senior,Male,Synchro-Platform,Synchro Senior Men Synchro-Platform,true,false,,,,criteria-simulator/data.js
WA-4725,World Aquatics Championships - Singapore 2025,Senior Men Synchronized Platform (Final),Final,WA-b1c2df93-994e-4e6a-827d-ab298f02ecb3-3abd8d45-1c15-4bf9-94c8-7ebc1f3ec42e-6-GER-6,AVILA,SANCHEZ Luis Carlo / EIKERMANN GREGORCHUK Jaden Shiloh,6,377.37,GER,GER,GER,2025,World-Championships,Senior/Open,Senior,Male,Synchro-Platform,Synchro Senior Men Synchro-Platform,true,false,,,,criteria-simulator/data.js
WA-4725,World Aquatics Championships - Singapore 2025,Senior Men Synchronized Platform (Final),Final,WA-b1c2df93-994e-4e6a-827d-ab298f02ecb3-3abd8d45-1c15-4bf9-94c8-7ebc1f3ec42e-7-MAS-7,HAROLD,Enrique / ANAK CLEMENT Elvis Priestly,7,374.7,MAS,MAS,MAS,2025,World-Championships,Senior/Open,Senior,Male,Synchro-Platform,Synchro Senior Men Synchro-Platform,true,false,,,,criteria-simulator/data.js
WA-4725,World Aquatics Championships - Singapore 2025,Senior Men Synchronized Platform (Final),Final,WA-b1c2df93-994e-4e6a-827d-ab298f02ecb3-3abd8d45-1c15-4bf9-94c8-7ebc1f3ec42e-8-JPN-8,TAMAI,Rikuto / OHKUBO Shu,8,369.24,JPN,JPN,JPN,2025,World-Championships,Senior/Open,Senior,Male,Synchro-Platform,Synchro Senior Men Synchro-Platform,true,false,,,,criteria-simulator/data.js
WA-4725,World Aquatics Championships - Singapore 2025,Senior Men Synchronized Platform (Prelim),Prelim,WA-b1c2df93-994e-4e6a-827d-ab298f02ecb3-ebede09d-ff20-47bb-b3ce-6e191809d084-1-CHN-1,CHENG,Zilong / ZHU Zifeng,1,423.33,CHN,CHN,CHN,2025,World-Championships,Senior/Open,Senior,Male,Synchro-Platform,Synchro Senior Men Synchro-Platform,true,false,,,,criteria-simulator/data.js
WA-4725,World Aquatics Championships - Singapore 2025,Senior Men Synchronized Platform (Prelim),Prelim,WA-b1c2df93-994e-4e6a-827d-ab298f02ecb3-ebede09d-ff20-47bb-b3ce-6e191809d084-2-NAB-2,SHLEIKHER,Nikita / TERNOVOI Ruslan,2,407.91,NAB,NAB,NAB,2025,World-Championships,Senior/Open,Senior,Male,Synchro-Platform,Synchro Senior Men Synchro-Platform,true,false,,,,criteria-simulator/data.js
WA-4725,World Aquatics Championships - Singapore 2025,Senior Men Synchronized Platform (Prelim),Prelim,WA-b1c2df93-994e-4e6a-827d-ab298f02ecb3-ebede09d-ff20-47bb-b3ce-6e191809d084-3-GBR-3,LEE,Robbie / KOTHARI Kyle,3,394.86,GBR,GBR,GBR,2025,World-Championships,Senior/Open,Senior,Male,Synchro-Platform,Synchro Senior Men Synchro-Platform,true,false,,,,criteria-simulator/data.js
WA-4725,World Aquatics Championships - Singapore 2025,Senior Men Synchronized Platform (Prelim),Prelim,WA-b1c2df93-994e-4e6a-827d-ab298f02ecb3-ebede09d-ff20-47bb-b3ce-6e191809d084-4-USA-4,TYLER,Carson / HEDBERG Joshua,4,392.64,USA,USA,USA,2025,World-Championships,Senior/Open,Senior,Male,Synchro-Platform,Synchro Senior Men Synchro-Platform,true,false,,,,criteria-simulator/data.js
WA-4725,World Aquatics Championships - Singapore 2025,Senior Men Synchronized Platform (Prelim),Prelim,WA-b1c2df93-994e-4e6a-827d-ab298f02ecb3-ebede09d-ff20-47bb-b3ce-6e191809d084-5-UKR-5,SEREDA,Oleksii / HRYTSENKO Mark,5,392.49,UKR,UKR,UKR,2025,World-Championships,Senior/Open,Senior,Male,Synchro-Platform,Synchro Senior Men Synchro-Platform,true,false,,,,criteria-simulator/data.js
WA-4725,World Aquatics Championships - Singapore 2025,Senior Men Synchronized Platform (Prelim),Prelim,WA-b1c2df93-994e-4e6a-827d-ab298f02ecb3-ebede09d-ff20-47bb-b3ce-6e191809d084-6-MAS-6,HAROLD,Enrique / ANAK CLEMENT Elvis Priestly,6,378.36,MAS,MAS,MAS,2025,World-Championships,Senior/Open,Senior,Male,Synchro-Platform,Synchro Senior Men Synchro-Platform,true,false,,,,criteria-simulator/data.js
WA-4725,World Aquatics Championships - Singapore 2025,Senior Men Synchronized Platform (Prelim),Prelim,WA-b1c2df93-994e-4e6a-827d-ab298f02ecb3-ebede09d-ff20-47bb-b3ce-6e191809d084-7-JPN-7,TAMAI,Rikuto / OHKUBO Shu,7,373.38,JPN,JPN,JPN,2025,World-Championships,Senior/Open,Senior,Male,Synchro-Platform,Synchro Senior Men Synchro-Platform,true,false,,,,criteria-simulator/data.js
WA-4725,World Aquatics Championships - Singapore 2025,Senior Men Synchronized Platform (Prelim),Prelim,WA-b1c2df93-994e-4e6a-827d-ab298f02ecb3-ebede09d-ff20-47bb-b3ce-6e191809d084-8-GER-8,AVILA,SANCHEZ Luis Carlo / EIKERMANN GREGORCHUK Jaden Shiloh,8,373.14,GER,GER,GER,2025,World-Championships,Senior/Open,Senior,Male,Synchro-Platform,Synchro Senior Men Synchro-Platform,true,false,,,,criteria-simulator/data.js
WA-4725,World Aquatics Championships - Singapore 2025,Senior Men Synchronized Platform (Prelim),Prelim,WA-b1c2df93-994e-4e6a-827d-ab298f02ecb3-ebede09d-ff20-47bb-b3ce-6e191809d084-9-MEX-9,WILLARS,VALDEZ Randal / BERLIN REYES Kevin,9,356.94,MEX,MEX,MEX,2025,World-Championships,Senior/Open,Senior,Male,Synchro-Platform,Synchro Senior Men Synchro-Platform,true,false,,,,criteria-simulator/data.js
WA-4725,World Aquatics Championships - Singapore 2025,Senior Men Synchronized Platform (Prelim),Prelim,WA-b1c2df93-994e-4e6a-827d-ab298f02ecb3-ebede09d-ff20-47bb-b3ce-6e191809d084-10-KOR-10,SHIN,Jungwhi / KANG Minhyeok,10,356.64,KOR,KOR,KOR,2025,World-Championships,Senior/Open,Senior,Male,Synchro-Platform,Synchro Senior Men Synchro-Platform,true,false,,,,criteria-simulator/data.js
WA-4725,World Aquatics Championships - Singapore 2025,Senior Men Synchronized Platform (Prelim),Prelim,WA-b1c2df93-994e-4e6a-827d-ab298f02ecb3-ebede09d-ff20-47bb-b3ce-6e191809d084-11-CAN-11,CULLEN,Matt / TESSIER Benjamin,11,343.41,CAN,CAN,CAN,2025,World-Championships,Senior/Open,Senior,Male,Synchro-Platform,Synchro Senior Men Synchro-Platform,true,false,,,,criteria-simulator/data.js
WA-4725,World Aquatics Championships - Singapore 2025,Senior Men Synchronized Platform (Prelim),Prelim,WA-b1c2df93-994e-4e6a-827d-ab298f02ecb3-ebede09d-ff20-47bb-b3ce-6e191809d084-12-ITA-12,CONTE,Simone / GIOVANNINI Riccardo,12,337.98,ITA,ITA,ITA,2025,World-Championships,Senior/Open,Senior,Male,Synchro-Platform,Synchro Senior Men Synchro-Platform,true,false,,,,criteria-simulator/data.js
WA-4725,World Aquatics Championships - Singapore 2025,Senior Men Synchronized Platform (Prelim),Prelim,WA-b1c2df93-994e-4e6a-827d-ab298f02ecb3-ebede09d-ff20-47bb-b3ce-6e191809d084-13-PRK-13,JO,Ryu Myong / KO Che Won,13,335.61,PRK,PRK,PRK,2025,World-Championships,Senior/Open,Senior,Male,Synchro-Platform,Synchro Senior Men Synchro-Platform,true,false,,,,criteria-simulator/data.js
WA-4725,World Aquatics Championships - Singapore 2025,Senior Men Synchronized Platform (Prelim),Prelim,WA-b1c2df93-994e-4e6a-827d-ab298f02ecb3-ebede09d-ff20-47bb-b3ce-6e191809d084-14-AUS-14,MERCIECA,Jonah / BOWSHIRE Jaxon,14,333.09,AUS,AUS,AUS,2025,World-Championships,Senior/Open,Senior,Male,Synchro-Platform,Synchro Senior Men Synchro-Platform,true,false,,,,criteria-simulator/data.js
WA-4725,World Aquatics Championships - Singapore 2025,Senior Men Synchronized Platform (Prelim),Prelim,WA-b1c2df93-994e-4e6a-827d-ab298f02ecb3-ebede09d-ff20-47bb-b3ce-6e191809d084-15-BRA-15,DALMASO,Caio / CARDOSO Miguel,15,320.58,BRA,BRA,BRA,2025,World-Championships,Senior/Open,Senior,Male,Synchro-Platform,Synchro Senior Men Synchro-Platform,true,false,,,,criteria-simulator/data.js
WA-4725,World Aquatics Championships - Singapore 2025,Senior Men Synchronized Platform (Prelim),Prelim,WA-b1c2df93-994e-4e6a-827d-ab298f02ecb3-ebede09d-ff20-47bb-b3ce-6e191809d084-16-CUB-16,RAMOS,RODRIGUEZ Carlos Daniel / ARIAS PENA Bernaldo,16,320.43,CUB,CUB,CUB,2025,World-Championships,Senior/Open,Senior,Male,Synchro-Platform,Synchro Senior Men Synchro-Platform,true,false,,,,criteria-simulator/data.js
WA-4725,World Aquatics Championships - Singapore 2025,Senior Men Synchronized Platform (Prelim),Prelim,WA-b1c2df93-994e-4e6a-827d-ab298f02ecb3-ebede09d-ff20-47bb-b3ce-6e191809d084-17-AUT-17,KNOLL,Anton / LOTFI Dariush,17,319.68,AUT,AUT,AUT,2025,World-Championships,Senior/Open,Senior,Male,Synchro-Platform,Synchro Senior Men Synchro-Platform,true,false,,,,criteria-simulator/data.js
WA-4725,World Aquatics Championships - Singapore 2025,Senior Men Synchronized Platform (Prelim),Prelim,WA-b1c2df93-994e-4e6a-827d-ab298f02ecb3-ebede09d-ff20-47bb-b3ce-6e191809d084-18-SGP-18,NG,Geng Wee Ayden / LEE Shen Oon Max,18,300.09,SGP,SGP,SGP,2025,World-Championships,Senior/Open,Senior,Male,Synchro-Platform,Synchro Senior Men Synchro-Platform,true,false,,,,criteria-simulator/data.js
WA-4725,World Aquatics Championships - Singapore 2025,Senior Men Synchronized Platform (Prelim),Prelim,WA-b1c2df93-994e-4e6a-827d-ab298f02ecb3-ebede09d-ff20-47bb-b3ce-6e191809d084-19-IND-19,WILLSON,SINGH Ningthoujam / SAIREM Indiver,19,299.88,IND,IND,IND,2025,World-Championships,Senior/Open,Senior,Male,Synchro-Platform,Synchro Senior Men Synchro-Platform,true,false,,,,criteria-simulator/data.js
WA-4725,World Aquatics Championships - Singapore 2025,Senior Men Synchronized Platform (Prelim),Prelim,WA-b1c2df93-994e-4e6a-827d-ab298f02ecb3-ebede09d-ff20-47bb-b3ce-6e191809d084-20-INA-20,YUDHA,PRASTIYO Muhamad / ANDRIYAN Andriyan,20,297.3,INA,INA,INA,2025,World-Championships,Senior/Open,Senior,Male,Synchro-Platform,Synchro Senior Men Synchro-Platform,true,false,,,,criteria-simulator/data.js
WA-4725,World Aquatics Championships - Singapore 2025,Senior Men Synchronized 3m (Final),Final,WA-32c46805-93c2-4853-8c2e-908adde52f8d-3abd8d45-1c15-4bf9-94c8-7ebc1f3ec42e-1-ITA-1,PELLACANI,Chiara / SANTORO Matteo,1,308.13,ITA,ITA,ITA,2025,World-Championships,Senior/Open,Senior,Mixed,Synchro-3m,Synchro Senior Mixed Synchro-3m,true,false,,,,criteria-simulator/data.js
WA-4725,World Aquatics Championships - Singapore 2025,Senior Men Synchronized 3m (Final),Final,WA-32c46805-93c2-4853-8c2e-908adde52f8d-3abd8d45-1c15-4bf9-94c8-7ebc1f3ec42e-2-AUS-2,ROUSSEAU,Cassiel / KEENEY Maddison,2,307.26,AUS,AUS,AUS,2025,World-Championships,Senior/Open,Senior,Mixed,Synchro-3m,Synchro Senior Mixed Synchro-3m,true,false,,,,criteria-simulator/data.js
WA-4725,World Aquatics Championships - Singapore 2025,Senior Men Synchronized 3m (Final),Final,WA-32c46805-93c2-4853-8c2e-908adde52f8d-3abd8d45-1c15-4bf9-94c8-7ebc1f3ec42e-3-CHN-3,LI,Yajie / CHENG Zilong,3,305.7,CHN,CHN,CHN,2025,World-Championships,Senior/Open,Senior,Mixed,Synchro-3m,Synchro Senior Mixed Synchro-3m,true,false,,,,criteria-simulator/data.js
WA-4725,World Aquatics Championships - Singapore 2025,Senior Men Synchronized 3m (Final),Final,WA-32c46805-93c2-4853-8c2e-908adde52f8d-3abd8d45-1c15-4bf9-94c8-7ebc1f3ec42e-4-MEX-4,PARRA,MARTIN Zyanya Yunuen / OLVERA IBARRA Osmar,4,278.82,MEX,MEX,MEX,2025,World-Championships,Senior/Open,Senior,Mixed,Synchro-3m,Synchro Senior Mixed Synchro-3m,true,false,,,,criteria-simulator/data.js
WA-4725,World Aquatics Championships - Singapore 2025,Senior Men Synchronized 3m (Final),Final,WA-32c46805-93c2-4853-8c2e-908adde52f8d-3abd8d45-1c15-4bf9-94c8-7ebc1f3ec42e-5-NAB-5,KUZINA,Elizaveta / MOLCHANOV Ilia,5,273.84,NAB,NAB,NAB,2025,World-Championships,Senior/Open,Senior,Mixed,Synchro-3m,Synchro Senior Mixed Synchro-3m,true,false,,,,criteria-simulator/data.js
WA-4725,World Aquatics Championships - Singapore 2025,Senior Men Synchronized 3m (Final),Final,WA-32c46805-93c2-4853-8c2e-908adde52f8d-3abd8d45-1c15-4bf9-94c8-7ebc1f3ec42e-6-PRK-6,KIM,Mi Hwa / KO Che Won,6,267.63,PRK,PRK,PRK,2025,World-Championships,Senior/Open,Senior,Mixed,Synchro-3m,Synchro Senior Mixed Synchro-3m,true,false,,,,criteria-simulator/data.js
WA-4725,World Aquatics Championships - Singapore 2025,Senior Men Synchronized 3m (Final),Final,WA-32c46805-93c2-4853-8c2e-908adde52f8d-3abd8d45-1c15-4bf9-94c8-7ebc1f3ec42e-7-USA-7,KNIGHT,Kyndal / HERNANDEZ Luke Anthony,7,267.6,USA,USA,USA,2025,World-Championships,Senior/Open,Senior,Mixed,Synchro-3m,Synchro Senior Mixed Synchro-3m,true,false,,,,criteria-simulator/data.js
WA-4725,World Aquatics Championships - Singapore 2025,Senior Men Synchronized 3m (Final),Final,WA-32c46805-93c2-4853-8c2e-908adde52f8d-3abd8d45-1c15-4bf9-94c8-7ebc1f3ec42e-8-GER-8,HENTSCHEL,Lena / AVILA SANCHEZ Luis Carlo,8,257.61,GER,GER,GER,2025,World-Championships,Senior/Open,Senior,Mixed,Synchro-3m,Synchro Senior Mixed Synchro-3m,true,false,,,,criteria-simulator/data.js
WA-4725,World Aquatics Championships - Singapore 2025,Senior Men Synchronized 3m (Final),Final,WA-32c46805-93c2-4853-8c2e-908adde52f8d-3abd8d45-1c15-4bf9-94c8-7ebc1f3ec42e-9-POL-9,SKRZEK,Kaja / RZESZUTEK Andrzej,9,250.44,POL,POL,POL,2025,World-Championships,Senior/Open,Senior,Mixed,Synchro-3m,Synchro Senior Mixed Synchro-3m,true,false,,,,criteria-simulator/data.js
WA-4725,World Aquatics Championships - Singapore 2025,Senior Men Synchronized 3m (Final),Final,WA-32c46805-93c2-4853-8c2e-908adde52f8d-3abd8d45-1c15-4bf9-94c8-7ebc1f3ec42e-10-BRA-10,CARDOSO,Miguel / SANTOS Anna,10,242.4,BRA,BRA,BRA,2025,World-Championships,Senior/Open,Senior,Mixed,Synchro-3m,Synchro Senior Mixed Synchro-3m,true,false,,,,criteria-simulator/data.js
WA-4725,World Aquatics Championships - Singapore 2025,Senior Men Synchronized 3m (Final),Final,WA-32c46805-93c2-4853-8c2e-908adde52f8d-3abd8d45-1c15-4bf9-94c8-7ebc1f3ec42e-11-VEN-11,GONZALEZ,REYES Jesus Eduardo / PEREZ Elizabeth,11,236.28,VEN,VEN,VEN,2025,World-Championships,Senior/Open,Senior,Mixed,Synchro-3m,Synchro Senior Mixed Synchro-3m,true,false,,,,criteria-simulator/data.js
WA-4725,World Aquatics Championships - Singapore 2025,Senior Men Synchronized 3m (Final),Final,WA-32c46805-93c2-4853-8c2e-908adde52f8d-3abd8d45-1c15-4bf9-94c8-7ebc1f3ec42e-12-SGP-12,TAN,Ashlee Yi Xuan / LEE Shen Oon Max,12,233.91,SGP,SGP,SGP,2025,World-Championships,Senior/Open,Senior,Mixed,Synchro-3m,Synchro Senior Mixed Synchro-3m,true,false,,,,criteria-simulator/data.js
WA-4725,World Aquatics Championships - Singapore 2025,Senior Men Synchronized 3m (Final),Final,WA-32c46805-93c2-4853-8c2e-908adde52f8d-3abd8d45-1c15-4bf9-94c8-7ebc1f3ec42e-13-INA-13,HAGA,Gladies Lariesa Garina / ANDRIYAN Andriyan,13,229.2,INA,INA,INA,2025,World-Championships,Senior/Open,Senior,Mixed,Synchro-3m,Synchro Senior Mixed Synchro-3m,true,false,,,,criteria-simulator/data.js
WA-4725,World Aquatics Championships - Singapore 2025,Senior Men Synchronized 3m (Final),Final,WA-32c46805-93c2-4853-8c2e-908adde52f8d-3abd8d45-1c15-4bf9-94c8-7ebc1f3ec42e-14-KOR-14,YI,Jaegyeong / JUNG Dayeon,14,228.72,KOR,KOR,KOR,2025,World-Championships,Senior/Open,Senior,Mixed,Synchro-3m,Synchro Senior Mixed Synchro-3m,true,false,,,,criteria-simulator/data.js
WA-4725,World Aquatics Championships - Singapore 2025,Senior Men Synchronized 3m (Final),Final,WA-32c46805-93c2-4853-8c2e-908adde52f8d-3abd8d45-1c15-4bf9-94c8-7ebc1f3ec42e-15-HKG-15,WANG,Ziyi / YIU Lok Pan Robben,15,222.69,HKG,HKG,HKG,2025,World-Championships,Senior/Open,Senior,Mixed,Synchro-3m,Synchro Senior Mixed Synchro-3m,true,false,,,,criteria-simulator/data.js
WA-4725,World Aquatics Championships - Singapore 2025,Senior Men Synchronized 3m (Final),Final,WA-32c46805-93c2-4853-8c2e-908adde52f8d-3abd8d45-1c15-4bf9-94c8-7ebc1f3ec42e-16-SWE-16,JANMYR,Nina / PETERSEN Elias,16,221.34,SWE,SWE,SWE,2025,World-Championships,Senior/Open,Senior,Mixed,Synchro-3m,Synchro Senior Mixed Synchro-3m,true,false,,,,criteria-simulator/data.js
WA-4725,World Aquatics Championships - Singapore 2025,Senior Men Synchronized 3m (Final),Final,WA-32c46805-93c2-4853-8c2e-908adde52f8d-3abd8d45-1c15-4bf9-94c8-7ebc1f3ec42e-17-ARM-17,BIBIKINA,Aleksandra / BAYANDURYAN Vartan,17,220.32,ARM,ARM,ARM,2025,World-Championships,Senior/Open,Senior,Mixed,Synchro-3m,Synchro Senior Mixed Synchro-3m,true,false,,,,criteria-simulator/data.js
WA-4725,World Aquatics Championships - Singapore 2025,Senior Men Synchronized 3m (Final),Final,WA-32c46805-93c2-4853-8c2e-908adde52f8d-3abd8d45-1c15-4bf9-94c8-7ebc1f3ec42e-18-MAC-18,ZHAO,Hang U / HE Heung Wing,18,184.62,MAC,MAC,MAC,2025,World-Championships,Senior/Open,Senior,Mixed,Synchro-3m,Synchro Senior Mixed Synchro-3m,true,false,,,,criteria-simulator/data.js
WA-4725,World Aquatics Championships - Singapore 2025,Senior Men Synchronized 3m (Final),Final,WA-32c46805-93c2-4853-8c2e-908adde52f8d-3abd8d45-1c15-4bf9-94c8-7ebc1f3ec42e-19-DOM-19,GARZA,Victoria / SANCHEZ Saymol,19,146.76,DOM,DOM,DOM,2025,World-Championships,Senior/Open,Senior,Mixed,Synchro-3m,Synchro Senior Mixed Synchro-3m,true,false,,,,criteria-simulator/data.js
WA-4725,World Aquatics Championships - Singapore 2025,Senior Men Synchronized 3m (Final),Final,WA-32c46805-93c2-4853-8c2e-908adde52f8d-3abd8d45-1c15-4bf9-94c8-7ebc1f3ec42e-20-GBR-20,PENMAN,Noah George / REID Grace,,,GBR,GBR,GBR,2025,World-Championships,Senior/Open,Senior,Mixed,Synchro-3m,Synchro Senior Mixed Synchro-3m,true,false,,,,criteria-simulator/data.js
WA-4725,World Aquatics Championships - Singapore 2025,Senior Men Synchronized Platform (Final),Final,WA-c8ccb461-e38c-4eac-ac92-168f123d8709-3abd8d45-1c15-4bf9-94c8-7ebc1f3ec42e-1-CHN-1,ZHU,Yongxin / XIE Peiling,1,323.04,CHN,CHN,CHN,2025,World-Championships,Senior/Open,Senior,Mixed,Synchro-Platform,Synchro Senior Mixed Synchro-Platform,true,false,,,,criteria-simulator/data.js
WA-4725,World Aquatics Championships - Singapore 2025,Senior Men Synchronized Platform (Final),Final,WA-c8ccb461-e38c-4eac-ac92-168f123d8709-3abd8d45-1c15-4bf9-94c8-7ebc1f3ec42e-2-PRK-2,CHOE,Wi Hyon / JO Jin Mi,2,322.98,PRK,PRK,PRK,2025,World-Championships,Senior/Open,Senior,Mixed,Synchro-Platform,Synchro Senior Mixed Synchro-Platform,true,false,,,,criteria-simulator/data.js
WA-4725,World Aquatics Championships - Singapore 2025,Senior Men Synchronized Platform (Final),Final,WA-c8ccb461-e38c-4eac-ac92-168f123d8709-3abd8d45-1c15-4bf9-94c8-7ebc1f3ec42e-3-NAB-3,BONDAR,Aleksandr / KONANYKHINA Anna,3,311.88,NAB,NAB,NAB,2025,World-Championships,Senior/Open,Senior,Mixed,Synchro-Platform,Synchro Senior Mixed Synchro-Platform,true,false,,,,criteria-simulator/data.js
WA-4725,World Aquatics Championships - Singapore 2025,Senior Men Synchronized Platform (Final),Final,WA-c8ccb461-e38c-4eac-ac92-168f123d8709-3abd8d45-1c15-4bf9-94c8-7ebc1f3ec42e-4-MEX-4,ESTUDILLO,TORRES Alejandra / BERLIN REYES Kevin,4,304.56,MEX,MEX,MEX,2025,World-Championships,Senior/Open,Senior,Mixed,Synchro-Platform,Synchro Senior Mixed Synchro-Platform,true,false,,,,criteria-simulator/data.js
WA-4725,World Aquatics Championships - Singapore 2025,Senior Men Synchronized Platform (Final),Final,WA-c8ccb461-e38c-4eac-ac92-168f123d8709-3abd8d45-1c15-4bf9-94c8-7ebc1f3ec42e-5-USA-5,CRANFORD,Bayleigh / WILLS Tyler,5,296.13,USA,USA,USA,2025,World-Championships,Senior/Open,Senior,Mixed,Synchro-Platform,Synchro Senior Mixed Synchro-Platform,true,false,,,,criteria-simulator/data.js
WA-4725,World Aquatics Championships - Singapore 2025,Senior Men Synchronized Platform (Final),Final,WA-c8ccb461-e38c-4eac-ac92-168f123d8709-3abd8d45-1c15-4bf9-94c8-7ebc1f3ec42e-6-UKR-6,BAILO,Kseniia / BOLIUKH Kirill,6,294.66,UKR,UKR,UKR,2025,World-Championships,Senior/Open,Senior,Mixed,Synchro-Platform,Synchro Senior Mixed Synchro-Platform,true,false,,,,criteria-simulator/data.js
WA-4725,World Aquatics Championships - Singapore 2025,Senior Men Synchronized Platform (Final),Final,WA-c8ccb461-e38c-4eac-ac92-168f123d8709-3abd8d45-1c15-4bf9-94c8-7ebc1f3ec42e-7-ITA-7,JODOIN,DI MARIA Sarah / GIOVANNINI Riccardo,7,280.14,ITA,ITA,ITA,2025,World-Championships,Senior/Open,Senior,Mixed,Synchro-Platform,Synchro Senior Mixed Synchro-Platform,true,false,,,,criteria-simulator/data.js
WA-4725,World Aquatics Championships - Singapore 2025,Senior Men Synchronized Platform (Final),Final,WA-c8ccb461-e38c-4eac-ac92-168f123d8709-3abd8d45-1c15-4bf9-94c8-7ebc1f3ec42e-8-AUS-8,ROUSSEAU,Cassiel / PUCKERIDGE Milly,8,279.48,AUS,AUS,AUS,2025,World-Championships,Senior/Open,Senior,Mixed,Synchro-Platform,Synchro Senior Mixed Synchro-Platform,true,false,,,,criteria-simulator/data.js
WA-4725,World Aquatics Championships - Singapore 2025,Senior Men Synchronized Platform (Final),Final,WA-c8ccb461-e38c-4eac-ac92-168f123d8709-3abd8d45-1c15-4bf9-94c8-7ebc1f3ec42e-9-CUB-9,GARCIA,NAVARRO Anisley / RAMOS RODRIGUEZ Carlos Daniel,9,267.78,CUB,CUB,CUB,2025,World-Championships,Senior/Open,Senior,Mixed,Synchro-Platform,Synchro Senior Mixed Synchro-Platform,true,false,,,,criteria-simulator/data.js
WA-4725,World Aquatics Championships - Singapore 2025,Senior Men Synchronized Platform (Final),Final,WA-c8ccb461-e38c-4eac-ac92-168f123d8709-3abd8d45-1c15-4bf9-94c8-7ebc1f3ec42e-10-KOR-10,SHIN,Jungwhi / MOON Nayun,10,259.62,KOR,KOR,KOR,2025,World-Championships,Senior/Open,Senior,Mixed,Synchro-Platform,Synchro Senior Mixed Synchro-Platform,true,false,,,,criteria-simulator/data.js
WA-4725,World Aquatics Championships - Singapore 2025,Senior Men Synchronized Platform (Final),Final,WA-c8ccb461-e38c-4eac-ac92-168f123d8709-3abd8d45-1c15-4bf9-94c8-7ebc1f3ec42e-11-MAS-11,ANAK,CLEMENT Elvis Priestly / LEE Yiat Qing,11,247.86,MAS,MAS,MAS,2025,World-Championships,Senior/Open,Senior,Mixed,Synchro-Platform,Synchro Senior Mixed Synchro-Platform,true,false,,,,criteria-simulator/data.js
WA-4725,World Aquatics Championships - Singapore 2025,Senior Men Synchronized Platform (Final),Final,WA-c8ccb461-e38c-4eac-ac92-168f123d8709-3abd8d45-1c15-4bf9-94c8-7ebc1f3ec42e-12-SGP-12,KWANG,Ainslee Jia Ern / YIM Shek Yen,12,238.62,SGP,SGP,SGP,2025,World-Championships,Senior/Open,Senior,Mixed,Synchro-Platform,Synchro Senior Mixed Synchro-Platform,true,false,,,,criteria-simulator/data.js
WA-4725,World Aquatics Championships - Singapore 2025,Senior Men 3m (Final),Final,WA-3b1653bb-07fa-4209-bfc6-ef3bc69d10ef-3abd8d45-1c15-4bf9-94c8-7ebc1f3ec42e-1-CHN-1,CHEN,Yiwen / CHEN Yuxi / CHENG Zilong / CAO Yuan,1,466.25,CHN,CHN,CHN,2025,World-Championships,Senior/Open,Senior,Mixed,3M,Senior Mixed 3M,false,false,,,,criteria-simulator/data.js
WA-4725,World Aquatics Championships - Singapore 2025,Senior Men 3m (Final),Final,WA-3b1653bb-07fa-4209-bfc6-ef3bc69d10ef-3abd8d45-1c15-4bf9-94c8-7ebc1f3ec42e-2-MEX-2,WILLARS,VALDEZ Randal / ESTUDILLO TORRES Alejandra / PARRA MARTIN Zyanya Yunuen / OLVERA IBARRA Osmar,2,426.3,MEX,MEX,MEX,2025,World-Championships,Senior/Open,Senior,Mixed,3M,Senior Mixed 3M,false,false,,,,criteria-simulator/data.js
WA-4725,World Aquatics Championships - Singapore 2025,Senior Men 3m (Final),Final,WA-3b1653bb-07fa-4209-bfc6-ef3bc69d10ef-3abd8d45-1c15-4bf9-94c8-7ebc1f3ec42e-3-JPN-3,MIKAMI,Sayaka / SAKAI Sho / NISHIDA Reo / KANETO Rin,3,409.65,JPN,JPN,JPN,2025,World-Championships,Senior/Open,Senior,Mixed,3M,Senior Mixed 3M,false,false,,,,criteria-simulator/data.js
WA-4725,World Aquatics Championships - Singapore 2025,Senior Men 3m (Final),Final,WA-3b1653bb-07fa-4209-bfc6-ef3bc69d10ef-3abd8d45-1c15-4bf9-94c8-7ebc1f3ec42e-4-USA-4,TYLER,Carson / RYAN Jack / WRIGHT Daryn / VERZYL Sophia,4,404.9,USA,USA,USA,2025,World-Championships,Senior/Open,Senior,Mixed,3M,Senior Mixed 3M,false,false,,,,criteria-simulator/data.js
WA-4725,World Aquatics Championships - Singapore 2025,Senior Men 3m (Final),Final,WA-3b1653bb-07fa-4209-bfc6-ef3bc69d10ef-3abd8d45-1c15-4bf9-94c8-7ebc1f3ec42e-5-NAB-5,KUZINA,Elizaveta / TIMOSHININA Iuliia / TERNOVOI Ruslan / MOLCHANOV Ilia,5,400.35,NAB,NAB,NAB,2025,World-Championships,Senior/Open,Senior,Mixed,3M,Senior Mixed 3M,false,false,,,,criteria-simulator/data.js
WA-4725,World Aquatics Championships - Singapore 2025,Senior Men 3m (Final),Final,WA-3b1653bb-07fa-4209-bfc6-ef3bc69d10ef-3abd8d45-1c15-4bf9-94c8-7ebc1f3ec42e-6-ITA-6,PELLACANI,Chiara / JODOIN DI MARIA Sarah / SANTORO Matteo / GIOVANNINI Riccardo,6,386.85,ITA,ITA,ITA,2025,World-Championships,Senior/Open,Senior,Mixed,3M,Senior Mixed 3M,false,false,,,,criteria-simulator/data.js
WA-4725,World Aquatics Championships - Singapore 2025,Senior Men 3m (Final),Final,WA-3b1653bb-07fa-4209-bfc6-ef3bc69d10ef-3abd8d45-1c15-4bf9-94c8-7ebc1f3ec42e-7-UKR-7,BAILO,Kseniia / SEREDA Oleksii / BOLIUKH Kirill / LYSKUN Sofiia,7,361.45,UKR,UKR,UKR,2025,World-Championships,Senior/Open,Senior,Mixed,3M,Senior Mixed 3M,false,false,,,,criteria-simulator/data.js
WA-4725,World Aquatics Championships - Singapore 2025,Senior Men 3m (Final),Final,WA-3b1653bb-07fa-4209-bfc6-ef3bc69d10ef-3abd8d45-1c15-4bf9-94c8-7ebc1f3ec42e-8-GER-8,MULLER,Jette / PFEIF Pauline Alexandra / WESEMANN Moritz / ROSLER Ole Johannes,8,360.85,GER,GER,GER,2025,World-Championships,Senior/Open,Senior,Mixed,3M,Senior Mixed 3M,false,false,,,,criteria-simulator/data.js
WA-4725,World Aquatics Championships - Singapore 2025,Senior Men 3m (Final),Final,WA-3b1653bb-07fa-4209-bfc6-ef3bc69d10ef-3abd8d45-1c15-4bf9-94c8-7ebc1f3ec42e-9-ESP-9,CORTES,ZAPATA Juan Pablo / ANTOLINO Valeria / RODRIGUEZ LEDESMA Jorge / CARVAJAL Ana,9,358.75,ESP,ESP,ESP,2025,World-Championships,Senior/Open,Senior,Mixed,3M,Senior Mixed 3M,false,false,,,,criteria-simulator/data.js
WA-4725,World Aquatics Championships - Singapore 2025,Senior Men 3m (Final),Final,WA-3b1653bb-07fa-4209-bfc6-ef3bc69d10ef-3abd8d45-1c15-4bf9-94c8-7ebc1f3ec42e-10-CAN-10,FUNG,Katelyn / PAUL Carson / JASMIN Amelie-Laura / CULLEN Matt,10,349.2,CAN,CAN,CAN,2025,World-Championships,Senior/Open,Senior,Mixed,3M,Senior Mixed 3M,false,false,,,,criteria-simulator/data.js
WA-4725,World Aquatics Championships - Singapore 2025,Senior Men 3m (Final),Final,WA-3b1653bb-07fa-4209-bfc6-ef3bc69d10ef-3abd8d45-1c15-4bf9-94c8-7ebc1f3ec42e-11-CUB-11,ROSALES,TRIANA Frank Abel / GARCIA NAVARRO Anisley / RAMOS RODRIGUEZ Carlos Daniel / ARIAS PENA Bernaldo,11,343.85,CUB,CUB,CUB,2025,World-Championships,Senior/Open,Senior,Mixed,3M,Senior Mixed 3M,false,false,,,,criteria-simulator/data.js
WA-4725,World Aquatics Championships - Singapore 2025,Senior Men 3m (Final),Final,WA-3b1653bb-07fa-4209-bfc6-ef3bc69d10ef-3abd8d45-1c15-4bf9-94c8-7ebc1f3ec42e-12-BRA-12,BONFIM,DOS SANTOS MOURA Luis Felipe / PEDROSO Giovanna / OLIVEIRA Jackson / LIRA Luana,12,342.6,BRA,BRA,BRA,2025,World-Championships,Senior/Open,Senior,Mixed,3M,Senior Mixed 3M,false,false,,,,criteria-simulator/data.js
WA-4725,World Aquatics Championships - Singapore 2025,Senior Men 3m (Final),Final,WA-3b1653bb-07fa-4209-bfc6-ef3bc69d10ef-3abd8d45-1c15-4bf9-94c8-7ebc1f3ec42e-13-PRK-13,KIM,Mi Hwa / CHOE Wi Hyon / JO Jin Mi / KO Che Won,13,340.85,PRK,PRK,PRK,2025,World-Championships,Senior/Open,Senior,Mixed,3M,Senior Mixed 3M,false,false,,,,criteria-simulator/data.js
WA-4725,World Aquatics Championships - Singapore 2025,Senior Men 3m (Final),Final,WA-3b1653bb-07fa-4209-bfc6-ef3bc69d10ef-3abd8d45-1c15-4bf9-94c8-7ebc1f3ec42e-14-AUS-14,ROUSSEAU,Cassiel / KOLOI Alysha / COLE Ellie,14,328.7,AUS,AUS,AUS,2025,World-Championships,Senior/Open,Senior,Mixed,3M,Senior Mixed 3M,false,false,,,,criteria-simulator/data.js
WA-4725,World Aquatics Championships - Singapore 2025,Senior Men 3m (Final),Final,WA-3b1653bb-07fa-4209-bfc6-ef3bc69d10ef-3abd8d45-1c15-4bf9-94c8-7ebc1f3ec42e-15-KOR-15,LEE,Yejoo / YI Jaegyeong / MOON Nayun / KANG Minhyeok,15,323.0,KOR,KOR,KOR,2025,World-Championships,Senior/Open,Senior,Mixed,3M,Senior Mixed 3M,false,false,,,,criteria-simulator/data.js
WA-4725,World Aquatics Championships - Singapore 2025,Senior Men 3m (Final),Final,WA-3b1653bb-07fa-4209-bfc6-ef3bc69d10ef-3abd8d45-1c15-4bf9-94c8-7ebc1f3ec42e-16-MAS-16,HAROLD,Enrique / ANAK CLEMENT Elvis Priestly / PAMG Pandelela / LEE Yiat Qing,16,322.55,MAS,MAS,MAS,2025,World-Championships,Senior/Open,Senior,Mixed,3M,Senior Mixed 3M,false,false,,,,criteria-simulator/data.js
WA-4725,World Aquatics Championships - Singapore 2025,Senior Men 3m (Final),Final,WA-3b1653bb-07fa-4209-bfc6-ef3bc69d10ef-3abd8d45-1c15-4bf9-94c8-7ebc1f3ec42e-17-INA-17,YUDHA,PRASTIYO Muhamad / HAGA Gladies Lariesa Garina / ANDRIYAN Andriyan,17,273.3,INA,INA,INA,2025,World-Championships,Senior/Open,Senior,Mixed,3M,Senior Mixed 3M,false,false,,,,criteria-simulator/data.js
WA-4725,World Aquatics Championships - Singapore 2025,Senior Men 3m (Final),Final,WA-3b1653bb-07fa-4209-bfc6-ef3bc69d10ef-3abd8d45-1c15-4bf9-94c8-7ebc1f3ec42e-18-NZL-18,TAVENER,Frazer / BROWN Nathan / SQUIRE Maggie,18,266.25,NZL,NZL,NZL,2025,World-Championships,Senior/Open,Senior,Mixed,3M,Senior Mixed 3M,false,false,,,,criteria-simulator/data.js
WA-4725,World Aquatics Championships - Singapore 2025,Senior Men 3m (Final),Final,WA-3b1653bb-07fa-4209-bfc6-ef3bc69d10ef-3abd8d45-1c15-4bf9-94c8-7ebc1f3ec42e-19-ARM-19,BIBIKINA,Aleksandra / ZAKARYAN Alisa / BAYANDURYAN Vartan,19,244.45,ARM,ARM,ARM,2025,World-Championships,Senior/Open,Senior,Mixed,3M,Senior Mixed 3M,false,false,,,,criteria-simulator/data.js
WA-4725,World Aquatics Championships - Singapore 2025,Senior Men 3m (Final),Final,WA-3b1653bb-07fa-4209-bfc6-ef3bc69d10ef-3abd8d45-1c15-4bf9-94c8-7ebc1f3ec42e-20-SGP-20,TAN,Ashlee Yi Xuan / THAM Avvir / KWANG Ainslee Jia Ern / LEE Shen Oon Max,20,242.2,SGP,SGP,SGP,2025,World-Championships,Senior/Open,Senior,Mixed,3M,Senior Mixed 3M,false,false,,,,criteria-simulator/data.js
WA-4725,World Aquatics Championships - Singapore 2025,Senior Men 3m (Final),Final,WA-3b1653bb-07fa-4209-bfc6-ef3bc69d10ef-3abd8d45-1c15-4bf9-94c8-7ebc1f3ec42e-21-MAC-21,WONG,Cho Yi / ZHAO Hang U / HE Heung Wing,21,196.65,MAC,MAC,MAC,2025,World-Championships,Senior/Open,Senior,Mixed,3M,Senior Mixed 3M,false,false,,,,criteria-simulator/data.js
WA-5018,World Aquatics Diving World Cup 2026,Senior Women 3m (Final),Final,WA-6dafbcbb-ef90-4cf4-b5f5-23134da47c96,CHEN,Yiwen,1,375.9,CHN,CHN,CHN,2026,World-Cup,Senior/Open,Senior,Female,3M,Senior Women 3M,false,false,,,,criteria-simulator/data.js
WA-5018,World Aquatics Diving World Cup 2026,Senior Women 3m (Final),Final,WA-29edadbb-b4d0-450d-924a-0fd71d0aa8b0,CHEN,Jia,2,362.55,CHN,CHN,CHN,2026,World-Cup,Senior/Open,Senior,Female,3M,Senior Women 3M,false,false,,,,criteria-simulator/data.js
WA-5018,World Aquatics Diving World Cup 2026,Senior Women 3m (Final),Final,WA-8461470d-e119-4e0f-844e-581c703d36cf,KOLOI,Alysha,3,335.2,AUS,AUS,AUS,2026,World-Cup,Senior/Open,Senior,Female,3M,Senior Women 3M,false,false,,,,criteria-simulator/data.js
WA-5018,World Aquatics Diving World Cup 2026,Senior Women 3m (Final),Final,WA-368575e4-e59c-4391-8f3a-11a27ecd0886,KEENEY,Maddison,4,331.25,AUS,AUS,AUS,2026,World-Cup,Senior/Open,Senior,Female,3M,Senior Women 3M,false,false,,,,criteria-simulator/data.js
WA-5018,World Aquatics Diving World Cup 2026,Senior Women 3m (Final),Final,WA-d03fa4f0-35a5-4011-bc18-f56eef578213,PALKHIVALA,Sonya,5,321.75,CAN,CAN,CAN,2026,World-Cup,Senior/Open,Senior,Female,3M,Senior Women 3M,false,false,,,,criteria-simulator/data.js
WA-5018,World Aquatics Diving World Cup 2026,Senior Women 3m (Final),Final,WA-d198d7de-8a19-4c3c-b39e-d952f24ab74d,HEIMBERG,Michelle,6,321.45,SUI,SUI,SUI,2026,World-Cup,Senior/Open,Senior,Female,3M,Senior Women 3M,false,false,,,,criteria-simulator/data.js
WA-5018,World Aquatics Diving World Cup 2026,Senior Women 3m (Final),Final,WA-dcdb35d6-8e8e-4bb4-b3a7-b151b4c15949,VAZQUEZ,MONTANO Aranza,7,307.8,MEX,MEX,MEX,2026,World-Cup,Senior/Open,Senior,Female,3M,Senior Women 3M,false,false,,,,criteria-simulator/data.js
WA-5018,World Aquatics Diving World Cup 2026,Senior Women 3m (Final),Final,WA-ce8c6ffa-fd55-4b0b-971d-c56b9ac5c06c,ERLAM,Margo,8,304.15,CAN,CAN,CAN,2026,World-Cup,Senior/Open,Senior,Female,3M,Senior Women 3M,false,false,,,,criteria-simulator/data.js
WA-5018,World Aquatics Diving World Cup 2026,Senior Women 3m (Final),Final,WA-979e3fcb-7191-4a44-b6a7-aed5af5dfa23,KUZINA,Elizaveta,9,286.65,NAB,NAB,NAB,2026,World-Cup,Senior/Open,Senior,Female,3M,Senior Women 3M,false,false,,,,criteria-simulator/data.js
WA-5018,World Aquatics Diving World Cup 2026,Senior Women 3m (Final),Final,WA-b2ce143b-49d8-4344-9565-a8af5a9db353,ZAPATA,CORREA Daniela,10,277.4,COL,COL,COL,2026,World-Cup,Senior/Open,Senior,Female,3M,Senior Women 3M,false,false,,,,criteria-simulator/data.js
WA-5018,World Aquatics Diving World Cup 2026,Senior Women 3m (Final),Final,WA-bce559ae-e3d9-44d8-b9b0-b84fc1fe8a3c,ILINYKH,Kristina,11,271.15,NAB,NAB,NAB,2026,World-Cup,Senior/Open,Senior,Female,3M,Senior Women 3M,false,false,,,,criteria-simulator/data.js
WA-5018,World Aquatics Diving World Cup 2026,Senior Women 3m (Final),Final,WA-e7d30a91-9236-4f31-bf05-148441d3a697,GARCIA,SIXTOS Maria Fernanda,12,270.6,MEX,MEX,MEX,2026,World-Cup,Senior/Open,Senior,Female,3M,Senior Women 3M,false,false,,,,criteria-simulator/data.js
WA-5018,World Aquatics Diving World Cup 2026,Senior Women 3m (Prelim),Prelim,WA-6dafbcbb-ef90-4cf4-b5f5-23134da47c96,CHEN,Yiwen,1,363.9,CHN,CHN,CHN,2026,World-Cup,Senior/Open,Senior,Female,3M,Senior Women 3M,false,false,,,,criteria-simulator/data.js
WA-5018,World Aquatics Diving World Cup 2026,Senior Women 3m (Prelim),Prelim,WA-29edadbb-b4d0-450d-924a-0fd71d0aa8b0,CHEN,Jia,2,359.35,CHN,CHN,CHN,2026,World-Cup,Senior/Open,Senior,Female,3M,Senior Women 3M,false,false,,,,criteria-simulator/data.js
WA-5018,World Aquatics Diving World Cup 2026,Senior Women 3m (Prelim),Prelim,WA-368575e4-e59c-4391-8f3a-11a27ecd0886,KEENEY,Maddison,3,329.05,AUS,AUS,AUS,2026,World-Cup,Senior/Open,Senior,Female,3M,Senior Women 3M,false,false,,,,criteria-simulator/data.js
WA-5018,World Aquatics Diving World Cup 2026,Senior Women 3m (Prelim),Prelim,WA-dcdb35d6-8e8e-4bb4-b3a7-b151b4c15949,VAZQUEZ,MONTANO Aranza,4,301.95,MEX,MEX,MEX,2026,World-Cup,Senior/Open,Senior,Female,3M,Senior Women 3M,false,false,,,,criteria-simulator/data.js
WA-5018,World Aquatics Diving World Cup 2026,Senior Women 3m (Prelim),Prelim,WA-ce8c6ffa-fd55-4b0b-971d-c56b9ac5c06c,ERLAM,Margo,5,295.95,CAN,CAN,CAN,2026,World-Cup,Senior/Open,Senior,Female,3M,Senior Women 3M,false,false,,,,criteria-simulator/data.js
WA-5018,World Aquatics Diving World Cup 2026,Senior Women 3m (Prelim),Prelim,WA-8461470d-e119-4e0f-844e-581c703d36cf,KOLOI,Alysha,6,291.45,AUS,AUS,AUS,2026,World-Cup,Senior/Open,Senior,Female,3M,Senior Women 3M,false,false,,,,criteria-simulator/data.js
WA-5018,World Aquatics Diving World Cup 2026,Senior Women 3m (Prelim),Prelim,WA-e7d30a91-9236-4f31-bf05-148441d3a697,GARCIA,SIXTOS Maria Fernanda,7,285.55,MEX,MEX,MEX,2026,World-Cup,Senior/Open,Senior,Female,3M,Senior Women 3M,false,false,,,,criteria-simulator/data.js
WA-5018,World Aquatics Diving World Cup 2026,Senior Women 3m (Prelim),Prelim,WA-b2ce143b-49d8-4344-9565-a8af5a9db353,ZAPATA,CORREA Daniela,7,285.55,COL,COL,COL,2026,World-Cup,Senior/Open,Senior,Female,3M,Senior Women 3M,false,false,,,,criteria-simulator/data.js
WA-5018,World Aquatics Diving World Cup 2026,Senior Women 3m (Prelim),Prelim,WA-bce559ae-e3d9-44d8-b9b0-b84fc1fe8a3c,ILINYKH,Kristina,9,285.5,NAB,NAB,NAB,2026,World-Cup,Senior/Open,Senior,Female,3M,Senior Women 3M,false,false,,,,criteria-simulator/data.js
WA-5018,World Aquatics Diving World Cup 2026,Senior Women 3m (Prelim),Prelim,WA-979e3fcb-7191-4a44-b6a7-aed5af5dfa23,KUZINA,Elizaveta,10,285.25,NAB,NAB,NAB,2026,World-Cup,Senior/Open,Senior,Female,3M,Senior Women 3M,false,false,,,,criteria-simulator/data.js
WA-5018,World Aquatics Diving World Cup 2026,Senior Women 3m (Prelim),Prelim,WA-d03fa4f0-35a5-4011-bc18-f56eef578213,PALKHIVALA,Sonya,11,273.35,CAN,CAN,CAN,2026,World-Cup,Senior/Open,Senior,Female,3M,Senior Women 3M,false,false,,,,criteria-simulator/data.js
WA-5018,World Aquatics Diving World Cup 2026,Senior Women 3m (Prelim),Prelim,WA-d198d7de-8a19-4c3c-b39e-d952f24ab74d,HEIMBERG,Michelle,12,273.0,SUI,SUI,SUI,2026,World-Cup,Senior/Open,Senior,Female,3M,Senior Women 3M,false,false,,,,criteria-simulator/data.js
WA-5018,World Aquatics Diving World Cup 2026,Senior Women 3m (Prelim),Prelim,WA-b956df6d-ff56-40e6-8d2e-37a38aece7b8,WIDERSTROM,Elna,13,271.35,SWE,SWE,SWE,2026,World-Cup,Senior/Open,Senior,Female,3M,Senior Women 3M,false,false,,,,criteria-simulator/data.js
WA-5018,World Aquatics Diving World Cup 2026,Senior Women 3m (Prelim),Prelim,WA-248a1046-d641-4593-a85a-0d052811f210,KNIGHT,Kyndal,14,270.5,USA,USA,USA,2026,World-Cup,Senior/Open,Senior,Female,3M,Senior Women 3M,false,false,,,,criteria-simulator/data.js
WA-5018,World Aquatics Diving World Cup 2026,Senior Women 3m (Prelim),Prelim,WA-2a08e85f-37c1-4589-b41b-0457f0e97fe6,GARCIA,NAVARRO Anisley,15,270.15,CUB,CUB,CUB,2026,World-Cup,Senior/Open,Senior,Female,3M,Senior Women 3M,false,false,,,,criteria-simulator/data.js
WA-5018,World Aquatics Diving World Cup 2026,Senior Women 3m (Prelim),Prelim,WA-24104c1a-f017-4d5b-b127-814f336795ba,KWONG,Anna,16,264.3,USA,USA,USA,2026,World-Cup,Senior/Open,Senior,Female,3M,Senior Women 3M,false,false,,,,criteria-simulator/data.js
WA-5018,World Aquatics Diving World Cup 2026,Senior Women 3m (Prelim),Prelim,WA-2c235433-f15b-452e-8107-e8a538f5194c,LIRA,Luana,17,256.75,BRA,BRA,BRA,2026,World-Cup,Senior/Open,Senior,Female,3M,Senior Women 3M,false,false,,,,criteria-simulator/data.js
WA-5018,World Aquatics Diving World Cup 2026,Senior Women 3m (Prelim),Prelim,WA-21c94aca-d753-425f-94d0-a9a21526a7b0,URIBE,BERMUDEZ Viviana,18,247.05,COL,COL,COL,2026,World-Cup,Senior/Open,Senior,Female,3M,Senior Women 3M,false,false,,,,criteria-simulator/data.js
WA-5018,World Aquatics Diving World Cup 2026,Senior Women 3m (Prelim),Prelim,WA-956370e9-efd7-4a31-a135-c3b4ef6738f7,CHAN,Tsz Ming,19,242.2,HKG,HKG,HKG,2026,World-Cup,Senior/Open,Senior,Female,3M,Senior Women 3M,false,false,,,,criteria-simulator/data.js
WA-5018,World Aquatics Diving World Cup 2026,Senior Women 3m (Prelim),Prelim,WA-f2cd3bfa-f3fe-4c2b-b83f-ec67b4d7b5e1,HEYDRA,Bailey Savannah,20,238.5,RSA,RSA,RSA,2026,World-Cup,Senior/Open,Senior,Female,3M,Senior Women 3M,false,false,,,,criteria-simulator/data.js
WA-5018,World Aquatics Diving World Cup 2026,Senior Women 3m (Prelim),Prelim,WA-49ea8dac-e1cf-4699-afff-a60e68b7669a,HARPER,Yasmin,21,230.7,GBR,GBR,GBR,2026,World-Cup,Senior/Open,Senior,Female,3M,Senior Women 3M,false,false,,,,criteria-simulator/data.js
WA-5018,World Aquatics Diving World Cup 2026,Senior Women 3m (Prelim),Prelim,WA-eda28461-e971-4700-a74a-ccdcb723094a,PIZZINI,Elisa,22,230.35,ITA,ITA,ITA,2026,World-Cup,Senior/Open,Senior,Female,3M,Senior Women 3M,false,false,,,,criteria-simulator/data.js
WA-5018,World Aquatics Diving World Cup 2026,Senior Women 3m (Prelim),Prelim,WA-84abb6f6-fdf2-48a2-8732-83f2a642a347,MULLER,Jette,23,230.1,GER,GER,GER,2026,World-Cup,Senior/Open,Senior,Female,3M,Senior Women 3M,false,false,,,,criteria-simulator/data.js
WA-5018,World Aquatics Diving World Cup 2026,Senior Women 3m (Prelim),Prelim,WA-52a3634a-85e2-42f9-9912-de21c8464ead,BOCHEK,Kseniia,24,228.15,UKR,UKR,UKR,2026,World-Cup,Senior/Open,Senior,Female,3M,Senior Women 3M,false,false,,,,criteria-simulator/data.js
WA-5018,World Aquatics Diving World Cup 2026,Senior Women Platform (Final),Final,WA-9e81a96e-16bb-4162-8585-1a22a1f86b0f,JIANG,Linjing,1,428.1,CHN,CHN,CHN,2026,World-Cup,Senior/Open,Senior,Female,Platform,Senior Women Platform,false,false,,,,criteria-simulator/data.js
WA-5018,World Aquatics Diving World Cup 2026,Senior Women Platform (Final),Final,WA-631c9f58-9163-4c33-9c1d-f93c10901d87,CUI,Jiaxi,2,370.4,CHN,CHN,CHN,2026,World-Cup,Senior/Open,Senior,Female,Platform,Senior Women Platform,false,false,,,,criteria-simulator/data.js
WA-5018,World Aquatics Diving World Cup 2026,Senior Women Platform (Final),Final,WA-4c93c258-fdf5-4465-aefc-8a4e779e5dff,JO,Jin Mi,3,369.3,PRK,PRK,PRK,2026,World-Cup,Senior/Open,Senior,Female,Platform,Senior Women Platform,false,false,,,,criteria-simulator/data.js
WA-5018,World Aquatics Diving World Cup 2026,Senior Women Platform (Final),Final,WA-4fc41b34-d467-48c1-a8c7-83dfb407758b,JODOIN,DI MARIA Sarah,4,333.4,ITA,ITA,ITA,2026,World-Cup,Senior/Open,Senior,Female,Platform,Senior Women Platform,false,false,,,,criteria-simulator/data.js
WA-5018,World Aquatics Diving World Cup 2026,Senior Women Platform (Final),Final,WA-97cdb654-4240-4fb3-8317-6c8fe83236b5,NIDAY,Ellireese,5,320.7,USA,USA,USA,2026,World-Cup,Senior/Open,Senior,Female,Platform,Senior Women Platform,false,false,,,,criteria-simulator/data.js
WA-5018,World Aquatics Diving World Cup 2026,Senior Women Platform (Final),Final,WA-b9f0e0e9-e11d-4b78-bf5a-b7c186cd1b8f,COLE,Ellie,6,310.8,AUS,AUS,AUS,2026,World-Cup,Senior/Open,Senior,Female,Platform,Senior Women Platform,false,false,,,,criteria-simulator/data.js
WA-5018,World Aquatics Diving World Cup 2026,Senior Women Platform (Final),Final,WA-9d5db8c8-a45f-4745-b63d-f9c49379a79c,MILLER,Kate,7,309.4,CAN,CAN,CAN,2026,World-Cup,Senior/Open,Senior,Female,Platform,Senior Women Platform,false,false,,,,criteria-simulator/data.js
WA-5018,World Aquatics Diving World Cup 2026,Senior Women Platform (Final),Final,WA-2c8020f3-f57f-436c-8b5f-7d39ae05e99c,KANETO,Rin,8,303.9,JPN,JPN,JPN,2026,World-Cup,Senior/Open,Senior,Female,Platform,Senior Women Platform,false,false,,,,criteria-simulator/data.js
WA-5018,World Aquatics Diving World Cup 2026,Senior Women Platform (Final),Final,WA-76144f77-dff6-49e7-95b1-5d0b435644c9,CARVAJAL,Ana,9,297.7,ESP,ESP,ESP,2026,World-Cup,Senior/Open,Senior,Female,Platform,Senior Women Platform,false,false,,,,criteria-simulator/data.js
WA-5018,World Aquatics Diving World Cup 2026,Senior Women Platform (Final),Final,WA-ee5fb1c5-d0fb-47ac-83d8-10039e30d41a,KONANYKHINA,Anna,10,297.4,NAB,NAB,NAB,2026,World-Cup,Senior/Open,Senior,Female,Platform,Senior Women Platform,false,false,,,,criteria-simulator/data.js
WA-5018,World Aquatics Diving World Cup 2026,Senior Women Platform (Final),Final,WA-5cf48f98-fe3e-4768-bb42-e5e5b78cca2f,PFEIF,Pauline Alexandra,11,294.3,GER,GER,GER,2026,World-Cup,Senior/Open,Senior,Female,Platform,Senior Women Platform,false,false,,,,criteria-simulator/data.js
WA-5018,World Aquatics Diving World Cup 2026,Senior Women Platform (Final),Final,WA-69a98af2-d213-4deb-beb2-d17538968d38,CUEVA,LOBATO Suri Zoe,12,275.7,MEX,MEX,MEX,2026,World-Cup,Senior/Open,Senior,Female,Platform,Senior Women Platform,false,false,,,,criteria-simulator/data.js
WA-5018,World Aquatics Diving World Cup 2026,Senior Women Platform (Prelim),Prelim,WA-631c9f58-9163-4c33-9c1d-f93c10901d87,CUI,Jiaxi,1,381.1,CHN,CHN,CHN,2026,World-Cup,Senior/Open,Senior,Female,Platform,Senior Women Platform,false,false,,,,criteria-simulator/data.js
WA-5018,World Aquatics Diving World Cup 2026,Senior Women Platform (Prelim),Prelim,WA-9e81a96e-16bb-4162-8585-1a22a1f86b0f,JIANG,Linjing,2,369.5,CHN,CHN,CHN,2026,World-Cup,Senior/Open,Senior,Female,Platform,Senior Women Platform,false,false,,,,criteria-simulator/data.js
WA-5018,World Aquatics Diving World Cup 2026,Senior Women Platform (Prelim),Prelim,WA-97cdb654-4240-4fb3-8317-6c8fe83236b5,NIDAY,Ellireese,3,338.9,USA,USA,USA,2026,World-Cup,Senior/Open,Senior,Female,Platform,Senior Women Platform,false,false,,,,criteria-simulator/data.js
WA-5018,World Aquatics Diving World Cup 2026,Senior Women Platform (Prelim),Prelim,WA-2c8020f3-f57f-436c-8b5f-7d39ae05e99c,KANETO,Rin,4,337.1,JPN,JPN,JPN,2026,World-Cup,Senior/Open,Senior,Female,Platform,Senior Women Platform,false,false,,,,criteria-simulator/data.js
WA-5018,World Aquatics Diving World Cup 2026,Senior Women Platform (Prelim),Prelim,WA-4c93c258-fdf5-4465-aefc-8a4e779e5dff,JO,Jin Mi,5,320.2,PRK,PRK,PRK,2026,World-Cup,Senior/Open,Senior,Female,Platform,Senior Women Platform,false,false,,,,criteria-simulator/data.js
WA-5018,World Aquatics Diving World Cup 2026,Senior Women Platform (Prelim),Prelim,WA-76144f77-dff6-49e7-95b1-5d0b435644c9,CARVAJAL,Ana,6,316.0,ESP,ESP,ESP,2026,World-Cup,Senior/Open,Senior,Female,Platform,Senior Women Platform,false,false,,,,criteria-simulator/data.js
WA-5018,World Aquatics Diving World Cup 2026,Senior Women Platform (Prelim),Prelim,WA-ee5fb1c5-d0fb-47ac-83d8-10039e30d41a,KONANYKHINA,Anna,7,310.95,NAB,NAB,NAB,2026,World-Cup,Senior/Open,Senior,Female,Platform,Senior Women Platform,false,false,,,,criteria-simulator/data.js
WA-5018,World Aquatics Diving World Cup 2026,Senior Women Platform (Prelim),Prelim,WA-9d5db8c8-a45f-4745-b63d-f9c49379a79c,MILLER,Kate,8,301.0,CAN,CAN,CAN,2026,World-Cup,Senior/Open,Senior,Female,Platform,Senior Women Platform,false,false,,,,criteria-simulator/data.js
WA-5018,World Aquatics Diving World Cup 2026,Senior Women Platform (Prelim),Prelim,WA-4fc41b34-d467-48c1-a8c7-83dfb407758b,JODOIN,DI MARIA Sarah,9,300.95,ITA,ITA,ITA,2026,World-Cup,Senior/Open,Senior,Female,Platform,Senior Women Platform,false,false,,,,criteria-simulator/data.js
WA-5018,World Aquatics Diving World Cup 2026,Senior Women Platform (Prelim),Prelim,WA-5cf48f98-fe3e-4768-bb42-e5e5b78cca2f,PFEIF,Pauline Alexandra,10,297.05,GER,GER,GER,2026,World-Cup,Senior/Open,Senior,Female,Platform,Senior Women Platform,false,false,,,,criteria-simulator/data.js
WA-5018,World Aquatics Diving World Cup 2026,Senior Women Platform (Prelim),Prelim,WA-b9f0e0e9-e11d-4b78-bf5a-b7c186cd1b8f,COLE,Ellie,11,296.9,AUS,AUS,AUS,2026,World-Cup,Senior/Open,Senior,Female,Platform,Senior Women Platform,false,false,,,,criteria-simulator/data.js
WA-5018,World Aquatics Diving World Cup 2026,Senior Women Platform (Prelim),Prelim,WA-69a98af2-d213-4deb-beb2-d17538968d38,CUEVA,LOBATO Suri Zoe,12,289.2,MEX,MEX,MEX,2026,World-Cup,Senior/Open,Senior,Female,Platform,Senior Women Platform,false,false,,,,criteria-simulator/data.js
WA-5018,World Aquatics Diving World Cup 2026,Senior Women Platform (Prelim),Prelim,WA-def10055-0632-4178-8f19-b37cf4acd933,FUNG,Katelyn,13,279.75,CAN,CAN,CAN,2026,World-Cup,Senior/Open,Senior,Female,Platform,Senior Women Platform,false,false,,,,criteria-simulator/data.js
WA-5018,World Aquatics Diving World Cup 2026,Senior Women Platform (Prelim),Prelim,WA-1047093a-62d7-4423-9f7d-4cad25542eae,ESTUDILLO,TORRES Alejandra,14,277.8,MEX,MEX,MEX,2026,World-Cup,Senior/Open,Senior,Female,Platform,Senior Women Platform,false,false,,,,criteria-simulator/data.js
WA-5018,World Aquatics Diving World Cup 2026,Senior Women Platform (Prelim),Prelim,WA-c1e027d7-c14f-4f02-8331-cee2fd309ab4,MCAFEE,Sophia,15,274.4,USA,USA,USA,2026,World-Cup,Senior/Open,Senior,Female,Platform,Senior Women Platform,false,false,,,,criteria-simulator/data.js
WA-5018,World Aquatics Diving World Cup 2026,Senior Women Platform (Prelim),Prelim,WA-c53ec23f-7cba-4e2d-a365-81e033f3eae0,GREY,Maggie,16,258.1,AUS,AUS,AUS,2026,World-Cup,Senior/Open,Senior,Female,Platform,Senior Women Platform,false,false,,,,criteria-simulator/data.js
WA-5018,World Aquatics Diving World Cup 2026,Senior Women Platform (Prelim),Prelim,WA-e2dd7abe-523f-4860-98ed-171b5188b838,LUKASZEWICZ,Maria,17,246.45,POL,POL,POL,2026,World-Cup,Senior/Open,Senior,Female,Platform,Senior Women Platform,false,false,,,,criteria-simulator/data.js
WA-5018,World Aquatics Diving World Cup 2026,Senior Women Platform (Prelim),Prelim,WA-2a08e85f-37c1-4589-b41b-0457f0e97fe6,GARCIA,NAVARRO Anisley,18,233.2,CUB,CUB,CUB,2026,World-Cup,Senior/Open,Senior,Female,Platform,Senior Women Platform,false,false,,,,criteria-simulator/data.js
WA-5018,World Aquatics Diving World Cup 2026,Senior Women Synchronized 3m (Final),Final,WA-fba1303c-d5be-423c-b5f0-8d50c46ed6c4-3abd8d45-1c15-4bf9-94c8-7ebc1f3ec42e-1-CHN-1,CHEN,Yiwen / CHEN Jia,1,329.94,CHN,CHN,CHN,2026,World-Cup,Senior/Open,Senior,Female,Synchro-3m,Synchro Senior Women Synchro-3m,true,false,,,,criteria-simulator/data.js
WA-5018,World Aquatics Diving World Cup 2026,Senior Women Synchronized 3m (Final),Final,WA-fba1303c-d5be-423c-b5f0-8d50c46ed6c4-3abd8d45-1c15-4bf9-94c8-7ebc1f3ec42e-2-AUS-2,KOLOI,Alysha / KEENEY Maddison,2,303.42,AUS,AUS,AUS,2026,World-Cup,Senior/Open,Senior,Female,Synchro-3m,Synchro Senior Women Synchro-3m,true,false,,,,criteria-simulator/data.js
WA-5018,World Aquatics Diving World Cup 2026,Senior Women Synchronized 3m (Final),Final,WA-fba1303c-d5be-423c-b5f0-8d50c46ed6c4-3abd8d45-1c15-4bf9-94c8-7ebc1f3ec42e-3-MEX-3,CUEVA,LOBATO Lia Yatzil / CUEVA LOBATO Mia Zazil,3,302.16,MEX,MEX,MEX,2026,World-Cup,Senior/Open,Senior,Female,Synchro-3m,Synchro Senior Women Synchro-3m,true,false,,,,criteria-simulator/data.js
WA-5018,World Aquatics Diving World Cup 2026,Senior Women Synchronized 3m (Final),Final,WA-fba1303c-d5be-423c-b5f0-8d50c46ed6c4-3abd8d45-1c15-4bf9-94c8-7ebc1f3ec42e-4-USA-4,KWONG,Anna / VERZYL Sophia,4,294.51,USA,USA,USA,2026,World-Cup,Senior/Open,Senior,Female,Synchro-3m,Synchro Senior Women Synchro-3m,true,false,,,,criteria-simulator/data.js
WA-5018,World Aquatics Diving World Cup 2026,Senior Women Synchronized 3m (Final),Final,WA-fba1303c-d5be-423c-b5f0-8d50c46ed6c4-3abd8d45-1c15-4bf9-94c8-7ebc1f3ec42e-5-CAN-5,VALLEE,Mia / JASMIN Amelie-Laura,5,281.7,CAN,CAN,CAN,2026,World-Cup,Senior/Open,Senior,Female,Synchro-3m,Synchro Senior Women Synchro-3m,true,false,,,,criteria-simulator/data.js
WA-5018,World Aquatics Diving World Cup 2026,Senior Women Synchronized 3m (Final),Final,WA-fba1303c-d5be-423c-b5f0-8d50c46ed6c4-3abd8d45-1c15-4bf9-94c8-7ebc1f3ec42e-6-NAB-6,KUZINA,Elizaveta / ILINYKH Kristina,6,277.2,NAB,NAB,NAB,2026,World-Cup,Senior/Open,Senior,Female,Synchro-3m,Synchro Senior Women Synchro-3m,true,false,,,,criteria-simulator/data.js
WA-5018,World Aquatics Diving World Cup 2026,Senior Women Synchronized 3m (Final),Final,WA-fba1303c-d5be-423c-b5f0-8d50c46ed6c4-3abd8d45-1c15-4bf9-94c8-7ebc1f3ec42e-7-GBR-7,MEW,JENSEN Scarlett / HARPER Yasmin,7,270.84,GBR,GBR,GBR,2026,World-Cup,Senior/Open,Senior,Female,Synchro-3m,Synchro Senior Women Synchro-3m,true,false,,,,criteria-simulator/data.js
WA-5018,World Aquatics Diving World Cup 2026,Senior Women Synchronized 3m (Final),Final,WA-fba1303c-d5be-423c-b5f0-8d50c46ed6c4-3abd8d45-1c15-4bf9-94c8-7ebc1f3ec42e-8-BRA-8,LIRA,Luana / SANTOS Anna,8,269.4,BRA,BRA,BRA,2026,World-Cup,Senior/Open,Senior,Female,Synchro-3m,Synchro Senior Women Synchro-3m,true,false,,,,criteria-simulator/data.js
WA-5018,World Aquatics Diving World Cup 2026,Senior Women Synchronized 3m (Final),Final,WA-fba1303c-d5be-423c-b5f0-8d50c46ed6c4-3abd8d45-1c15-4bf9-94c8-7ebc1f3ec42e-9-GER-9,MULLER,Jette / DEML Emily,9,266.16,GER,GER,GER,2026,World-Cup,Senior/Open,Senior,Female,Synchro-3m,Synchro Senior Women Synchro-3m,true,false,,,,criteria-simulator/data.js
WA-5018,World Aquatics Diving World Cup 2026,Senior Women Synchronized 3m (Final),Final,WA-fba1303c-d5be-423c-b5f0-8d50c46ed6c4-3abd8d45-1c15-4bf9-94c8-7ebc1f3ec42e-10-UKR-10,BOCHEK,Kseniia / KARNAFEL Diana,10,261.6,UKR,UKR,UKR,2026,World-Cup,Senior/Open,Senior,Female,Synchro-3m,Synchro Senior Women Synchro-3m,true,false,,,,criteria-simulator/data.js
WA-5018,World Aquatics Diving World Cup 2026,Senior Women Synchronized Platform (Final),Final,WA-f450d0fa-bfc8-4847-872a-2f87d8a69fd5-3abd8d45-1c15-4bf9-94c8-7ebc1f3ec42e-1-CHN-1,ZHANG,Minjie / LU Wei,1,349.98,CHN,CHN,CHN,2026,World-Cup,Senior/Open,Senior,Female,Synchro-Platform,Synchro Senior Women Synchro-Platform,true,false,,,,criteria-simulator/data.js
WA-5018,World Aquatics Diving World Cup 2026,Senior Women Synchronized Platform (Final),Final,WA-f450d0fa-bfc8-4847-872a-2f87d8a69fd5-3abd8d45-1c15-4bf9-94c8-7ebc1f3ec42e-2-PRK-2,KIM,Mi Hwa / JO Jin Mi,2,304.92,PRK,PRK,PRK,2026,World-Cup,Senior/Open,Senior,Female,Synchro-Platform,Synchro Senior Women Synchro-Platform,true,false,,,,criteria-simulator/data.js
WA-5018,World Aquatics Diving World Cup 2026,Senior Women Synchronized Platform (Final),Final,WA-f450d0fa-bfc8-4847-872a-2f87d8a69fd5-3abd8d45-1c15-4bf9-94c8-7ebc1f3ec42e-3-CAN-3,MILLER,Kate / FUNG Katelyn,3,296.94,CAN,CAN,CAN,2026,World-Cup,Senior/Open,Senior,Female,Synchro-Platform,Synchro Senior Women Synchro-Platform,true,false,,,,criteria-simulator/data.js
WA-5018,World Aquatics Diving World Cup 2026,Senior Women Synchronized Platform (Final),Final,WA-f450d0fa-bfc8-4847-872a-2f87d8a69fd5-3abd8d45-1c15-4bf9-94c8-7ebc1f3ec42e-4-AUS-4,COLE,Ellie / PUCKERIDGE Milly,4,293.22,AUS,AUS,AUS,2026,World-Cup,Senior/Open,Senior,Female,Synchro-Platform,Synchro Senior Women Synchro-Platform,true,false,,,,criteria-simulator/data.js
WA-5018,World Aquatics Diving World Cup 2026,Senior Women Synchronized Platform (Final),Final,WA-f450d0fa-bfc8-4847-872a-2f87d8a69fd5-3abd8d45-1c15-4bf9-94c8-7ebc1f3ec42e-5-MEX-5,ESTUDILLO,TORRES Alejandra / AGUNDEZ GARCIA Gabriela,5,287.82,MEX,MEX,MEX,2026,World-Cup,Senior/Open,Senior,Female,Synchro-Platform,Synchro Senior Women Synchro-Platform,true,false,,,,criteria-simulator/data.js
WA-5018,World Aquatics Diving World Cup 2026,Senior Women Synchronized Platform (Final),Final,WA-f450d0fa-bfc8-4847-872a-2f87d8a69fd5-3abd8d45-1c15-4bf9-94c8-7ebc1f3ec42e-6-GER-6,PFEIF,Pauline Alexandra / WASSEN Elena,6,284.4,GER,GER,GER,2026,World-Cup,Senior/Open,Senior,Female,Synchro-Platform,Synchro Senior Women Synchro-Platform,true,false,,,,criteria-simulator/data.js
WA-5018,World Aquatics Diving World Cup 2026,Senior Women Synchronized Platform (Final),Final,WA-f450d0fa-bfc8-4847-872a-2f87d8a69fd5-3abd8d45-1c15-4bf9-94c8-7ebc1f3ec42e-7-NAB-7,KAZANTSEVA,Viktoria / KONANYKHINA Anna,7,278.82,NAB,NAB,NAB,2026,World-Cup,Senior/Open,Senior,Female,Synchro-Platform,Synchro Senior Women Synchro-Platform,true,false,,,,criteria-simulator/data.js
WA-5018,World Aquatics Diving World Cup 2026,Senior Women Synchronized Platform (Final),Final,WA-f450d0fa-bfc8-4847-872a-2f87d8a69fd5-3abd8d45-1c15-4bf9-94c8-7ebc1f3ec42e-8-UKR-8,BAILO,Kseniia / VYSTAKINA Sofiia,8,262.98,UKR,UKR,UKR,2026,World-Cup,Senior/Open,Senior,Female,Synchro-Platform,Synchro Senior Women Synchro-Platform,true,false,,,,criteria-simulator/data.js
WA-5018,World Aquatics Diving World Cup 2026,Senior Women Synchronized Platform (Final),Final,WA-f450d0fa-bfc8-4847-872a-2f87d8a69fd5-3abd8d45-1c15-4bf9-94c8-7ebc1f3ec42e-9-USA-9,STURGILL,Bailee / HOFFMAN Katerina,9,257.55,USA,USA,USA,2026,World-Cup,Senior/Open,Senior,Female,Synchro-Platform,Synchro Senior Women Synchro-Platform,true,false,,,,criteria-simulator/data.js
WA-5018,World Aquatics Diving World Cup 2026,Senior Men 3m (Final),Final,WA-71b4cb2f-b22a-4b66-af54-05eeadbbba89,WANG,Zongyuan,1,540.35,CHN,CHN,CHN,2026,World-Cup,Senior/Open,Senior,Male,3M,Senior Men 3M,false,false,,,,criteria-simulator/data.js
WA-5018,World Aquatics Diving World Cup 2026,Senior Men 3m (Final),Final,WA-f59e659b-c088-4f4d-9765-2a31b3b03829,ZHENG,Jiuyuan,2,495.15,CHN,CHN,CHN,2026,World-Cup,Senior/Open,Senior,Male,3M,Senior Men 3M,false,false,,,,criteria-simulator/data.js
WA-5018,World Aquatics Diving World Cup 2026,Senior Men 3m (Final),Final,WA-e4d7cca6-67fb-4b6b-843e-744a62d0566f,URIBE,BERMUDEZ Luis Felipe,3,486.3,COL,COL,COL,2026,World-Cup,Senior/Open,Senior,Male,3M,Senior Men 3M,false,false,,,,criteria-simulator/data.js
WA-5018,World Aquatics Diving World Cup 2026,Senior Men 3m (Final),Final,WA-5897f289-5e02-45ac-9fa1-6e9d5eb6b5e1,OLVERA,IBARRA Osmar,4,476.15,MEX,MEX,MEX,2026,World-Cup,Senior/Open,Senior,Male,3M,Senior Men 3M,false,false,,,,criteria-simulator/data.js
WA-5018,World Aquatics Diving World Cup 2026,Senior Men 3m (Final),Final,WA-b6cc83b1-d2f5-425f-a791-d6cbc330e5d4,ZSOMBOR-MURRAY,Nathan,5,468.05,CAN,CAN,CAN,2026,World-Cup,Senior/Open,Senior,Male,3M,Senior Men 3M,false,false,,,,criteria-simulator/data.js
WA-5018,World Aquatics Diving World Cup 2026,Senior Men 3m (Final),Final,WA-c68a085b-7bc8-45a8-bebe-bb078cb7de51,PAUL,Carson,6,459.2,CAN,CAN,CAN,2026,World-Cup,Senior/Open,Senior,Male,3M,Senior Men 3M,false,false,,,,criteria-simulator/data.js
WA-5018,World Aquatics Diving World Cup 2026,Senior Men 3m (Final),Final,WA-6b6710f5-9141-4226-b937-ae9b6751a8bb,MASSENBERG,Lou Noel Guy,7,458.05,GER,GER,GER,2026,World-Cup,Senior/Open,Senior,Male,3M,Senior Men 3M,false,false,,,,criteria-simulator/data.js
WA-5018,World Aquatics Diving World Cup 2026,Senior Men 3m (Final),Final,WA-7f6e93d4-fc79-471b-ac09-85d9557831ca,CELAYA,HERNANDEZ Juan Manuel,8,442.85,MEX,MEX,MEX,2026,World-Cup,Senior/Open,Senior,Male,3M,Senior Men 3M,false,false,,,,criteria-simulator/data.js
WA-5018,World Aquatics Diving World Cup 2026,Senior Men 3m (Final),Final,WA-33cc39a9-4bcd-4d35-afcc-a957e6cc06fc,BOUYER,Jules,9,435.3,FRA,FRA,FRA,2026,World-Cup,Senior/Open,Senior,Male,3M,Senior Men 3M,false,false,,,,criteria-simulator/data.js
WA-5018,World Aquatics Diving World Cup 2026,Senior Men 3m (Final),Final,WA-8f7a57ff-d490-49cc-900e-abd2d7ab5c85,HASLAM,Ross,10,433.05,GBR,GBR,GBR,2026,World-Cup,Senior/Open,Senior,Male,3M,Senior Men 3M,false,false,,,,criteria-simulator/data.js
WA-5018,World Aquatics Diving World Cup 2026,Senior Men 3m (Final),Final,WA-a3a5a658-0f22-40d4-a027-22beb83664ea,SHLEIKHER,Nikita,11,414.75,NAB,NAB,NAB,2026,World-Cup,Senior/Open,Senior,Male,3M,Senior Men 3M,false,false,,,,criteria-simulator/data.js
WA-5018,World Aquatics Diving World Cup 2026,Senior Men 3m (Final),Final,WA-4ae3dbb2-1401-4ed0-b5cb-cef5808c2150,RYAN,Jack,12,381.85,USA,USA,USA,2026,World-Cup,Senior/Open,Senior,Male,3M,Senior Men 3M,false,false,,,,criteria-simulator/data.js
WA-5018,World Aquatics Diving World Cup 2026,Senior Men 3m (Prelim),Prelim,WA-71b4cb2f-b22a-4b66-af54-05eeadbbba89,WANG,Zongyuan,1,514.7,CHN,CHN,CHN,2026,World-Cup,Senior/Open,Senior,Male,3M,Senior Men 3M,false,false,,,,criteria-simulator/data.js
WA-5018,World Aquatics Diving World Cup 2026,Senior Men 3m (Prelim),Prelim,WA-f59e659b-c088-4f4d-9765-2a31b3b03829,ZHENG,Jiuyuan,2,455.7,CHN,CHN,CHN,2026,World-Cup,Senior/Open,Senior,Male,3M,Senior Men 3M,false,false,,,,criteria-simulator/data.js
WA-5018,World Aquatics Diving World Cup 2026,Senior Men 3m (Prelim),Prelim,WA-c68a085b-7bc8-45a8-bebe-bb078cb7de51,PAUL,Carson,3,449.65,CAN,CAN,CAN,2026,World-Cup,Senior/Open,Senior,Male,3M,Senior Men 3M,false,false,,,,criteria-simulator/data.js
WA-5018,World Aquatics Diving World Cup 2026,Senior Men 3m (Prelim),Prelim,WA-5897f289-5e02-45ac-9fa1-6e9d5eb6b5e1,OLVERA,IBARRA Osmar,4,448.85,MEX,MEX,MEX,2026,World-Cup,Senior/Open,Senior,Male,3M,Senior Men 3M,false,false,,,,criteria-simulator/data.js
WA-5018,World Aquatics Diving World Cup 2026,Senior Men 3m (Prelim),Prelim,WA-4ae3dbb2-1401-4ed0-b5cb-cef5808c2150,RYAN,Jack,5,443.45,USA,USA,USA,2026,World-Cup,Senior/Open,Senior,Male,3M,Senior Men 3M,false,false,,,,criteria-simulator/data.js
WA-5018,World Aquatics Diving World Cup 2026,Senior Men 3m (Prelim),Prelim,WA-e4d7cca6-67fb-4b6b-843e-744a62d0566f,URIBE,BERMUDEZ Luis Felipe,6,432.25,COL,COL,COL,2026,World-Cup,Senior/Open,Senior,Male,3M,Senior Men 3M,false,false,,,,criteria-simulator/data.js
WA-5018,World Aquatics Diving World Cup 2026,Senior Men 3m (Prelim),Prelim,WA-33cc39a9-4bcd-4d35-afcc-a957e6cc06fc,BOUYER,Jules,7,423.55,FRA,FRA,FRA,2026,World-Cup,Senior/Open,Senior,Male,3M,Senior Men 3M,false,false,,,,criteria-simulator/data.js
WA-5018,World Aquatics Diving World Cup 2026,Senior Men 3m (Prelim),Prelim,WA-a3a5a658-0f22-40d4-a027-22beb83664ea,SHLEIKHER,Nikita,8,423.15,NAB,NAB,NAB,2026,World-Cup,Senior/Open,Senior,Male,3M,Senior Men 3M,false,false,,,,criteria-simulator/data.js
WA-5018,World Aquatics Diving World Cup 2026,Senior Men 3m (Prelim),Prelim,WA-b6cc83b1-d2f5-425f-a791-d6cbc330e5d4,ZSOMBOR-MURRAY,Nathan,9,418.25,CAN,CAN,CAN,2026,World-Cup,Senior/Open,Senior,Male,3M,Senior Men 3M,false,false,,,,criteria-simulator/data.js
WA-5018,World Aquatics Diving World Cup 2026,Senior Men 3m (Prelim),Prelim,WA-7f6e93d4-fc79-471b-ac09-85d9557831ca,CELAYA,HERNANDEZ Juan Manuel,10,415.2,MEX,MEX,MEX,2026,World-Cup,Senior/Open,Senior,Male,3M,Senior Men 3M,false,false,,,,criteria-simulator/data.js
WA-5018,World Aquatics Diving World Cup 2026,Senior Men 3m (Prelim),Prelim,WA-8f7a57ff-d490-49cc-900e-abd2d7ab5c85,HASLAM,Ross,11,414.25,GBR,GBR,GBR,2026,World-Cup,Senior/Open,Senior,Male,3M,Senior Men 3M,false,false,,,,criteria-simulator/data.js
WA-5018,World Aquatics Diving World Cup 2026,Senior Men 3m (Prelim),Prelim,WA-6b6710f5-9141-4226-b937-ae9b6751a8bb,MASSENBERG,Lou Noel Guy,12,401.2,GER,GER,GER,2026,World-Cup,Senior/Open,Senior,Male,3M,Senior Men 3M,false,false,,,,criteria-simulator/data.js
WA-5018,World Aquatics Diving World Cup 2026,Senior Men 3m (Prelim),Prelim,WA-1342b7e3-5cc5-4f94-80b7-a95d42b1450a,WESEMANN,Moritz,13,398.0,GER,GER,GER,2026,World-Cup,Senior/Open,Senior,Male,3M,Senior Men 3M,false,false,,,,criteria-simulator/data.js
WA-5018,World Aquatics Diving World Cup 2026,Senior Men 3m (Prelim),Prelim,WA-24a31d48-3571-4b45-939b-53490a5762f0,TOCCI,Giovanni,14,393.8,ITA,ITA,ITA,2026,World-Cup,Senior/Open,Senior,Male,3M,Senior Men 3M,false,false,,,,criteria-simulator/data.js
WA-5018,World Aquatics Diving World Cup 2026,Senior Men 3m (Prelim),Prelim,WA-7412f6c2-0ea5-410b-ac56-643825177880,SUYAMA,Haruki,15,386.85,JPN,JPN,JPN,2026,World-Cup,Senior/Open,Senior,Male,3M,Senior Men 3M,false,false,,,,criteria-simulator/data.js
WA-5018,World Aquatics Diving World Cup 2026,Senior Men 3m (Prelim),Prelim,WA-52c7de54-bc37-4725-9ee5-bf0cb7ede6c7,KACHANOV,Vyacheslav,16,386.4,UZB,UZB,UZB,2026,World-Cup,Senior/Open,Senior,Male,3M,Senior Men 3M,false,false,,,,criteria-simulator/data.js
WA-5018,World Aquatics Diving World Cup 2026,Senior Men 3m (Prelim),Prelim,WA-6a13146d-123d-48cc-bed3-4460948bd8ba,IVANOV,Grigory,17,383.7,NAB,NAB,NAB,2026,World-Cup,Senior/Open,Senior,Male,3M,Senior Men 3M,false,false,,,,criteria-simulator/data.js
WA-5018,World Aquatics Diving World Cup 2026,Senior Men 3m (Prelim),Prelim,WA-a5d3ed15-9e7e-44a5-b383-ff049337f2c2,CORTES,ZAPATA Juan Pablo,18,370.9,ESP,ESP,ESP,2026,World-Cup,Senior/Open,Senior,Male,3M,Senior Men 3M,false,false,,,,criteria-simulator/data.js
WA-5018,World Aquatics Diving World Cup 2026,Senior Men 3m (Prelim),Prelim,WA-f28cc9b5-9012-4ded-94b3-cc436ad32482,LINAN,Max,19,355.65,ESP,ESP,ESP,2026,World-Cup,Senior/Open,Senior,Male,3M,Senior Men 3M,false,false,,,,criteria-simulator/data.js
WA-5018,World Aquatics Diving World Cup 2026,Senior Men 3m (Prelim),Prelim,WA-c5a91a19-d7e2-46ae-a545-8dc4e9dfb0a7,ROSALES,TRIANA Frank Abel,20,348.1,CUB,CUB,CUB,2026,World-Cup,Senior/Open,Senior,Male,3M,Senior Men 3M,false,false,,,,criteria-simulator/data.js
WA-5018,World Aquatics Diving World Cup 2026,Senior Men 3m (Prelim),Prelim,WA-9a5cbddb-f7bb-4749-a0ad-d48cf10e761d,LESIAK,Kacper,21,347.75,POL,POL,POL,2026,World-Cup,Senior/Open,Senior,Male,3M,Senior Men 3M,false,false,,,,criteria-simulator/data.js
WA-5018,World Aquatics Diving World Cup 2026,Senior Men 3m (Prelim),Prelim,WA-be7b1b42-1768-4fb7-932c-ce98cf550bfc,HOULDEN,Jordan,22,345.15,GBR,GBR,GBR,2026,World-Cup,Senior/Open,Senior,Male,3M,Senior Men 3M,false,false,,,,criteria-simulator/data.js
WA-5018,World Aquatics Diving World Cup 2026,Senior Men 3m (Prelim),Prelim,WA-97c30827-4ba6-4025-acf5-2c540dfa5686,BORSLIEN,Isak,23,340.95,NOR,NOR,NOR,2026,World-Cup,Senior/Open,Senior,Male,3M,Senior Men 3M,false,false,,,,criteria-simulator/data.js
WA-5018,World Aquatics Diving World Cup 2026,Senior Men 3m (Prelim),Prelim,WA-f713d7af-ce55-4cc1-bc01-db49a070cd7a,BELOTTI,Stefano,24,336.55,ITA,ITA,ITA,2026,World-Cup,Senior/Open,Senior,Male,3M,Senior Men 3M,false,false,,,,criteria-simulator/data.js
WA-5018,World Aquatics Diving World Cup 2026,Senior Men 3m (Prelim),Prelim,WA-ea31df52-8712-4684-b42a-95b1fe49d0dc,FLORY,Maxwell,25,333.55,USA,USA,USA,2026,World-Cup,Senior/Open,Senior,Male,3M,Senior Men 3M,false,false,,,,criteria-simulator/data.js
WA-5018,World Aquatics Diving World Cup 2026,Senior Men 3m (Prelim),Prelim,WA-3d74d650-1527-4910-9a32-d70bcc37e777,RZESZUTEK,Andrzej,26,322.25,POL,POL,POL,2026,World-Cup,Senior/Open,Senior,Male,3M,Senior Men 3M,false,false,,,,criteria-simulator/data.js
WA-5018,World Aquatics Diving World Cup 2026,Senior Men Platform (Final),Final,WA-f64ebbf4-467e-40d3-9a39-002805b80d16,BAI,Yuming,1,543.55,CHN,CHN,CHN,2026,World-Cup,Senior/Open,Senior,Male,Platform,Senior Men Platform,false,false,,,,criteria-simulator/data.js
WA-5018,World Aquatics Diving World Cup 2026,Senior Men Platform (Final),Final,WA-b06144a4-af9a-4d73-8d33-3a90feca8599,LIAN,Junjie,2,532.75,CHN,CHN,CHN,2026,World-Cup,Senior/Open,Senior,Male,Platform,Senior Men Platform,false,false,,,,criteria-simulator/data.js
WA-5018,World Aquatics Diving World Cup 2026,Senior Men Platform (Final),Final,WA-608b9f19-6769-487c-8e10-efc2d4dad412,ROUSSEAU,Cassiel,3,498.75,AUS,AUS,AUS,2026,World-Cup,Senior/Open,Senior,Male,Platform,Senior Men Platform,false,false,,,,criteria-simulator/data.js
WA-5018,World Aquatics Diving World Cup 2026,Senior Men Platform (Final),Final,WA-209ad056-b688-4a4e-b78a-439614c8ccd1,HRYTSENKO,Mark,4,462.2,UKR,UKR,UKR,2026,World-Cup,Senior/Open,Senior,Male,Platform,Senior Men Platform,false,false,,,,criteria-simulator/data.js
WA-5018,World Aquatics Diving World Cup 2026,Senior Men Platform (Final),Final,WA-06045885-36a8-4872-8640-c726a741ef97,MCCABE,Euan,5,452.7,GBR,GBR,GBR,2026,World-Cup,Senior/Open,Senior,Male,Platform,Senior Men Platform,false,false,,,,criteria-simulator/data.js
WA-5018,World Aquatics Diving World Cup 2026,Senior Men Platform (Final),Final,WA-ab9ea005-2bd6-4c22-82cf-bbf9275a35f3,SEREDA,Oleksii,6,451.5,UKR,UKR,UKR,2026,World-Cup,Senior/Open,Senior,Male,Platform,Senior Men Platform,false,false,,,,criteria-simulator/data.js
WA-5018,World Aquatics Diving World Cup 2026,Senior Men Platform (Final),Final,WA-e298a2f7-2576-496f-9d5f-5254d22141f0,BERLIN,REYES Kevin,7,437.75,MEX,MEX,MEX,2026,World-Cup,Senior/Open,Senior,Male,Platform,Senior Men Platform,false,false,,,,criteria-simulator/data.js
WA-5018,World Aquatics Diving World Cup 2026,Senior Men Platform (Final),Final,WA-01fd576f-d13f-4279-9dca-7bd481d8344f,CULLEN,Matt,8,433.85,CAN,CAN,CAN,2026,World-Cup,Senior/Open,Senior,Male,Platform,Senior Men Platform,false,false,,,,criteria-simulator/data.js
WA-5018,World Aquatics Diving World Cup 2026,Senior Men Platform (Final),Final,WA-2b7dac5a-8afb-409a-a0b2-01e2f99f1d6d,WILLARS,VALDEZ Randal,9,425.15,MEX,MEX,MEX,2026,World-Cup,Senior/Open,Senior,Male,Platform,Senior Men Platform,false,false,,,,criteria-simulator/data.js
WA-5018,World Aquatics Diving World Cup 2026,Senior Men Platform (Final),Final,WA-f15599d8-6c10-4f2d-90ca-5a832439004e,TESSIER,Benjamin,10,402.9,CAN,CAN,CAN,2026,World-Cup,Senior/Open,Senior,Male,Platform,Senior Men Platform,false,false,,,,criteria-simulator/data.js
WA-5018,World Aquatics Diving World Cup 2026,Senior Men Platform (Final),Final,WA-bce51102-8bdd-4d8c-88c5-349ed4242695,MERCIECA,Jonah,11,384.05,AUS,AUS,AUS,2026,World-Cup,Senior/Open,Senior,Male,Platform,Senior Men Platform,false,false,,,,criteria-simulator/data.js
WA-5018,World Aquatics Diving World Cup 2026,Senior Men Platform (Final),Final,WA-c8112a56-8ffc-405f-9b8e-b592ed090046,TERNOVOI,Ruslan,12,330.5,NAB,NAB,NAB,2026,World-Cup,Senior/Open,Senior,Male,Platform,Senior Men Platform,false,false,,,,criteria-simulator/data.js
WA-5018,World Aquatics Diving World Cup 2026,Senior Men Platform (Prelim),Prelim,WA-b06144a4-af9a-4d73-8d33-3a90feca8599,LIAN,Junjie,1,500.6,CHN,CHN,CHN,2026,World-Cup,Senior/Open,Senior,Male,Platform,Senior Men Platform,false,false,,,,criteria-simulator/data.js
WA-5018,World Aquatics Diving World Cup 2026,Senior Men Platform (Prelim),Prelim,WA-f64ebbf4-467e-40d3-9a39-002805b80d16,BAI,Yuming,2,498.55,CHN,CHN,CHN,2026,World-Cup,Senior/Open,Senior,Male,Platform,Senior Men Platform,false,false,,,,criteria-simulator/data.js
WA-5018,World Aquatics Diving World Cup 2026,Senior Men Platform (Prelim),Prelim,WA-f15599d8-6c10-4f2d-90ca-5a832439004e,TESSIER,Benjamin,3,440.6,CAN,CAN,CAN,2026,World-Cup,Senior/Open,Senior,Male,Platform,Senior Men Platform,false,false,,,,criteria-simulator/data.js
WA-5018,World Aquatics Diving World Cup 2026,Senior Men Platform (Prelim),Prelim,WA-01fd576f-d13f-4279-9dca-7bd481d8344f,CULLEN,Matt,4,439.3,CAN,CAN,CAN,2026,World-Cup,Senior/Open,Senior,Male,Platform,Senior Men Platform,false,false,,,,criteria-simulator/data.js
WA-5018,World Aquatics Diving World Cup 2026,Senior Men Platform (Prelim),Prelim,WA-608b9f19-6769-487c-8e10-efc2d4dad412,ROUSSEAU,Cassiel,5,434.45,AUS,AUS,AUS,2026,World-Cup,Senior/Open,Senior,Male,Platform,Senior Men Platform,false,false,,,,criteria-simulator/data.js
WA-5018,World Aquatics Diving World Cup 2026,Senior Men Platform (Prelim),Prelim,WA-bce51102-8bdd-4d8c-88c5-349ed4242695,MERCIECA,Jonah,6,433.1,AUS,AUS,AUS,2026,World-Cup,Senior/Open,Senior,Male,Platform,Senior Men Platform,false,false,,,,criteria-simulator/data.js
WA-5018,World Aquatics Diving World Cup 2026,Senior Men Platform (Prelim),Prelim,WA-209ad056-b688-4a4e-b78a-439614c8ccd1,HRYTSENKO,Mark,7,432.65,UKR,UKR,UKR,2026,World-Cup,Senior/Open,Senior,Male,Platform,Senior Men Platform,false,false,,,,criteria-simulator/data.js
WA-5018,World Aquatics Diving World Cup 2026,Senior Men Platform (Prelim),Prelim,WA-2b7dac5a-8afb-409a-a0b2-01e2f99f1d6d,WILLARS,VALDEZ Randal,8,427.55,MEX,MEX,MEX,2026,World-Cup,Senior/Open,Senior,Male,Platform,Senior Men Platform,false,false,,,,criteria-simulator/data.js
WA-5018,World Aquatics Diving World Cup 2026,Senior Men Platform (Prelim),Prelim,WA-ab9ea005-2bd6-4c22-82cf-bbf9275a35f3,SEREDA,Oleksii,9,423.25,UKR,UKR,UKR,2026,World-Cup,Senior/Open,Senior,Male,Platform,Senior Men Platform,false,false,,,,criteria-simulator/data.js
WA-5018,World Aquatics Diving World Cup 2026,Senior Men Platform (Prelim),Prelim,WA-c8112a56-8ffc-405f-9b8e-b592ed090046,TERNOVOI,Ruslan,10,415.2,NAB,NAB,NAB,2026,World-Cup,Senior/Open,Senior,Male,Platform,Senior Men Platform,false,false,,,,criteria-simulator/data.js
WA-5018,World Aquatics Diving World Cup 2026,Senior Men Platform (Prelim),Prelim,WA-e298a2f7-2576-496f-9d5f-5254d22141f0,BERLIN,REYES Kevin,11,395.55,MEX,MEX,MEX,2026,World-Cup,Senior/Open,Senior,Male,Platform,Senior Men Platform,false,false,,,,criteria-simulator/data.js
WA-5018,World Aquatics Diving World Cup 2026,Senior Men Platform (Prelim),Prelim,WA-06045885-36a8-4872-8640-c726a741ef97,MCCABE,Euan,12,395.45,GBR,GBR,GBR,2026,World-Cup,Senior/Open,Senior,Male,Platform,Senior Men Platform,false,false,,,,criteria-simulator/data.js
WA-5018,World Aquatics Diving World Cup 2026,Senior Men Platform (Prelim),Prelim,WA-82fe3d83-82d9-4d7c-a052-68e5490af75d,GIOVANNINI,Riccardo,13,393.3,ITA,ITA,ITA,2026,World-Cup,Senior/Open,Senior,Male,Platform,Senior Men Platform,false,false,,,,criteria-simulator/data.js
WA-5018,World Aquatics Diving World Cup 2026,Senior Men Platform (Prelim),Prelim,WA-f9d056bc-3c7a-4b61-8d6c-c6d75c61dee0,CONTE,Simone,14,391.65,ITA,ITA,ITA,2026,World-Cup,Senior/Open,Senior,Male,Platform,Senior Men Platform,false,false,,,,criteria-simulator/data.js
WA-5018,World Aquatics Diving World Cup 2026,Senior Men Platform (Prelim),Prelim,WA-a93824ac-e59e-4dcb-ba1f-08650c02217b,RZEPKA,Jordan,15,379.25,USA,USA,USA,2026,World-Cup,Senior/Open,Senior,Male,Platform,Senior Men Platform,false,false,,,,criteria-simulator/data.js
WA-5018,World Aquatics Diving World Cup 2026,Senior Men Platform (Prelim),Prelim,WA-00006ce3-63d8-439c-a41b-2ab95bbffdc0,EIKERMANN,GREGORCHUK Jaden Shiloh,16,377.9,GER,GER,GER,2026,World-Cup,Senior/Open,Senior,Male,Platform,Senior Men Platform,false,false,,,,criteria-simulator/data.js
WA-5018,World Aquatics Diving World Cup 2026,Senior Men Platform (Prelim),Prelim,WA-80d48b4c-ca05-436b-91db-ad652851297e,BUJAK,Maciej Dariusz,17,372.45,POL,POL,POL,2026,World-Cup,Senior/Open,Senior,Male,Platform,Senior Men Platform,false,false,,,,criteria-simulator/data.js
WA-5018,World Aquatics Diving World Cup 2026,Senior Men Platform (Prelim),Prelim,WA-56d8cf84-80c5-4bc8-85b8-ec23fd18e46f,CHOE,Wi Hyon,18,366.3,PRK,PRK,PRK,2026,World-Cup,Senior/Open,Senior,Male,Platform,Senior Men Platform,false,false,,,,criteria-simulator/data.js
WA-5018,World Aquatics Diving World Cup 2026,Senior Men Platform (Prelim),Prelim,WA-7b51569b-a76e-43c3-a0c8-fa6c2e8e8667,ROGAVA,Sandro,19,346.35,NAB,NAB,NAB,2026,World-Cup,Senior/Open,Senior,Male,Platform,Senior Men Platform,false,false,,,,criteria-simulator/data.js
WA-5018,World Aquatics Diving World Cup 2026,Senior Men Platform (Prelim),Prelim,WA-15165d23-265b-47ad-82aa-7f7e59edfe28,FLORY,Kylie,20,342.75,USA,USA,USA,2026,World-Cup,Senior/Open,Senior,Male,Platform,Senior Men Platform,false,false,,,,criteria-simulator/data.js
WA-5018,World Aquatics Diving World Cup 2026,Senior Men Platform (Prelim),Prelim,WA-95823117-9a8d-45ed-8aeb-c69c07b5583a,MYALIN,Igor,21,337.8,UZB,UZB,UZB,2026,World-Cup,Senior/Open,Senior,Male,Platform,Senior Men Platform,false,false,,,,criteria-simulator/data.js
WA-5018,World Aquatics Diving World Cup 2026,Senior Men Platform (Prelim),Prelim,WA-4d60ca5a-e24f-4525-a727-886c6db51180,BROWN,Nathan,22,326.8,NZL,NZL,NZL,2026,World-Cup,Senior/Open,Senior,Male,Platform,Senior Men Platform,false,false,,,,criteria-simulator/data.js
WA-5018,World Aquatics Diving World Cup 2026,Senior Men Platform (Prelim),Prelim,WA-97c30827-4ba6-4025-acf5-2c540dfa5686,BORSLIEN,Isak,23,309.95,NOR,NOR,NOR,2026,World-Cup,Senior/Open,Senior,Male,Platform,Senior Men Platform,false,false,,,,criteria-simulator/data.js
WA-5018,World Aquatics Diving World Cup 2026,Senior Men Platform (Prelim),Prelim,WA-42dff7b0-f442-433a-a3e3-b39ac9b3f694,CARDONA,HERRERO Rodrigo,24,304.0,ESP,ESP,ESP,2026,World-Cup,Senior/Open,Senior,Male,Platform,Senior Men Platform,false,false,,,,criteria-simulator/data.js
WA-5018,World Aquatics Diving World Cup 2026,Senior Men Platform (Prelim),Prelim,WA-60bc57fa-bec2-48aa-bf6b-3b3fe4bea191,TAMAI,Rikuto,,,JPN,JPN,JPN,2026,World-Cup,Senior/Open,Senior,Male,Platform,Senior Men Platform,false,false,,,,criteria-simulator/data.js
WA-5018,World Aquatics Diving World Cup 2026,Senior Men Synchronized 3m (Final),Final,WA-ed61aded-d17f-4447-8fb7-2812520f585b-3abd8d45-1c15-4bf9-94c8-7ebc1f3ec42e-1-CHN-1,WANG,Zongyuan / ZHENG Jiuyuan,1,461.37,CHN,CHN,CHN,2026,World-Cup,Senior/Open,Senior,Male,Synchro-3m,Synchro Senior Men Synchro-3m,true,false,,,,criteria-simulator/data.js
WA-5018,World Aquatics Diving World Cup 2026,Senior Men Synchronized 3m (Final),Final,WA-ed61aded-d17f-4447-8fb7-2812520f585b-3abd8d45-1c15-4bf9-94c8-7ebc1f3ec42e-2-MEX-2,CELAYA,HERNANDEZ Juan Manuel / OLVERA IBARRA Osmar,2,441.63,MEX,MEX,MEX,2026,World-Cup,Senior/Open,Senior,Male,Synchro-3m,Synchro Senior Men Synchro-3m,true,false,,,,criteria-simulator/data.js
WA-5018,World Aquatics Diving World Cup 2026,Senior Men Synchronized 3m (Final),Final,WA-ed61aded-d17f-4447-8fb7-2812520f585b-3abd8d45-1c15-4bf9-94c8-7ebc1f3ec42e-3-GBR-3,HARDING,Anthony / LAUGHER Jack,3,393.66,GBR,GBR,GBR,2026,World-Cup,Senior/Open,Senior,Male,Synchro-3m,Synchro Senior Men Synchro-3m,true,false,,,,criteria-simulator/data.js
WA-5018,World Aquatics Diving World Cup 2026,Senior Men Synchronized 3m (Final),Final,WA-ed61aded-d17f-4447-8fb7-2812520f585b-3abd8d45-1c15-4bf9-94c8-7ebc1f3ec42e-4-CAN-4,ZSOMBOR-MURRAY,Nathan / PAUL Carson,4,389.55,CAN,CAN,CAN,2026,World-Cup,Senior/Open,Senior,Male,Synchro-3m,Synchro Senior Men Synchro-3m,true,false,,,,criteria-simulator/data.js
WA-5018,World Aquatics Diving World Cup 2026,Senior Men Synchronized 3m (Final),Final,WA-ed61aded-d17f-4447-8fb7-2812520f585b-3abd8d45-1c15-4bf9-94c8-7ebc1f3ec42e-5-GER-5,MASSENBERG,Lou Noel Guy / SCHAUER Jonathan Gisbert,5,383.91,GER,GER,GER,2026,World-Cup,Senior/Open,Senior,Male,Synchro-3m,Synchro Senior Men Synchro-3m,true,false,,,,criteria-simulator/data.js
WA-5018,World Aquatics Diving World Cup 2026,Senior Men Synchronized 3m (Final),Final,WA-ed61aded-d17f-4447-8fb7-2812520f585b-3abd8d45-1c15-4bf9-94c8-7ebc1f3ec42e-6-ITA-6,TOCCI,Giovanni / MARSAGLIA Lorenzo,6,381.15,ITA,ITA,ITA,2026,World-Cup,Senior/Open,Senior,Male,Synchro-3m,Synchro Senior Men Synchro-3m,true,false,,,,criteria-simulator/data.js
WA-5018,World Aquatics Diving World Cup 2026,Senior Men Synchronized 3m (Final),Final,WA-ed61aded-d17f-4447-8fb7-2812520f585b-3abd8d45-1c15-4bf9-94c8-7ebc1f3ec42e-7-JPN-7,SUYAMA,Haruki / IKUMA Senri,7,379.02,JPN,JPN,JPN,2026,World-Cup,Senior/Open,Senior,Male,Synchro-3m,Synchro Senior Men Synchro-3m,true,false,,,,criteria-simulator/data.js
WA-5018,World Aquatics Diving World Cup 2026,Senior Men Synchronized 3m (Final),Final,WA-ed61aded-d17f-4447-8fb7-2812520f585b-3abd8d45-1c15-4bf9-94c8-7ebc1f3ec42e-8-UKR-8,OLIFERCHYK,Stanislav / BOLIUKH Kirill,8,377.34,UKR,UKR,UKR,2026,World-Cup,Senior/Open,Senior,Male,Synchro-3m,Synchro Senior Men Synchro-3m,true,false,,,,criteria-simulator/data.js
WA-5018,World Aquatics Diving World Cup 2026,Senior Men Synchronized 3m (Final),Final,WA-ed61aded-d17f-4447-8fb7-2812520f585b-3abd8d45-1c15-4bf9-94c8-7ebc1f3ec42e-9-USA-9,RYAN,Jack / HENNINGER Quentin,9,376.56,USA,USA,USA,2026,World-Cup,Senior/Open,Senior,Male,Synchro-3m,Synchro Senior Men Synchro-3m,true,false,,,,criteria-simulator/data.js
WA-5018,World Aquatics Diving World Cup 2026,Senior Men Synchronized 3m (Final),Final,WA-ed61aded-d17f-4447-8fb7-2812520f585b-3abd8d45-1c15-4bf9-94c8-7ebc1f3ec42e-10-NAB-10,IVANOV,Grigory / SHLEIKHER Nikita,10,356.52,NAB,NAB,NAB,2026,World-Cup,Senior/Open,Senior,Male,Synchro-3m,Synchro Senior Men Synchro-3m,true,false,,,,criteria-simulator/data.js
WA-5018,World Aquatics Diving World Cup 2026,Senior Men Synchronized 3m (Final),Final,WA-ed61aded-d17f-4447-8fb7-2812520f585b-3abd8d45-1c15-4bf9-94c8-7ebc1f3ec42e-11-POL-11,LESIAK,Kacper / RZESZUTEK Andrzej,11,336.12,POL,POL,POL,2026,World-Cup,Senior/Open,Senior,Male,Synchro-3m,Synchro Senior Men Synchro-3m,true,false,,,,criteria-simulator/data.js
WA-5018,World Aquatics Diving World Cup 2026,Senior Men Synchronized 3m (Final),Final,WA-ed61aded-d17f-4447-8fb7-2812520f585b-3abd8d45-1c15-4bf9-94c8-7ebc1f3ec42e-12-UZB-12,KACHANOV,Vyacheslav / MYALIN Igor,12,321.03,UZB,UZB,UZB,2026,World-Cup,Senior/Open,Senior,Male,Synchro-3m,Synchro Senior Men Synchro-3m,true,false,,,,criteria-simulator/data.js
WA-5018,World Aquatics Diving World Cup 2026,Senior Men Synchronized Platform (Final),Final,WA-14fa8991-cd9e-4053-bace-04beaa219dfa-3abd8d45-1c15-4bf9-94c8-7ebc1f3ec42e-1-CHN-1,ZHAO,Renjie / YANG Zhihao,1,469.23,CHN,CHN,CHN,2026,World-Cup,Senior/Open,Senior,Male,Synchro-Platform,Synchro Senior Men Synchro-Platform,true,false,,,,criteria-simulator/data.js
WA-5018,World Aquatics Diving World Cup 2026,Senior Men Synchronized Platform (Final),Final,WA-14fa8991-cd9e-4053-bace-04beaa219dfa-3abd8d45-1c15-4bf9-94c8-7ebc1f3ec42e-2-MEX-2,BERLIN,REYES Kevin / WILLARS VALDEZ Randal,2,400.41,MEX,MEX,MEX,2026,World-Cup,Senior/Open,Senior,Male,Synchro-Platform,Synchro Senior Men Synchro-Platform,true,false,,,,criteria-simulator/data.js
WA-5018,World Aquatics Diving World Cup 2026,Senior Men Synchronized Platform (Final),Final,WA-14fa8991-cd9e-4053-bace-04beaa219dfa-3abd8d45-1c15-4bf9-94c8-7ebc1f3ec42e-3-GBR-3,CUTMORE,Ben / MCCABE Euan,3,399.12,GBR,GBR,GBR,2026,World-Cup,Senior/Open,Senior,Male,Synchro-Platform,Synchro Senior Men Synchro-Platform,true,false,,,,criteria-simulator/data.js
WA-5018,World Aquatics Diving World Cup 2026,Senior Men Synchronized Platform (Final),Final,WA-14fa8991-cd9e-4053-bace-04beaa219dfa-3abd8d45-1c15-4bf9-94c8-7ebc1f3ec42e-4-NAB-4,SHLEIKHER,Nikita / TERNOVOI Ruslan,4,396.24,NAB,NAB,NAB,2026,World-Cup,Senior/Open,Senior,Male,Synchro-Platform,Synchro Senior Men Synchro-Platform,true,false,,,,criteria-simulator/data.js
WA-5018,World Aquatics Diving World Cup 2026,Senior Men Synchronized Platform (Final),Final,WA-14fa8991-cd9e-4053-bace-04beaa219dfa-3abd8d45-1c15-4bf9-94c8-7ebc1f3ec42e-5-CAN-5,CULLEN,Matt / TESSIER Benjamin,5,390.45,CAN,CAN,CAN,2026,World-Cup,Senior/Open,Senior,Male,Synchro-Platform,Synchro Senior Men Synchro-Platform,true,false,,,,criteria-simulator/data.js
WA-5018,World Aquatics Diving World Cup 2026,Senior Men Synchronized Platform (Final),Final,WA-14fa8991-cd9e-4053-bace-04beaa219dfa-3abd8d45-1c15-4bf9-94c8-7ebc1f3ec42e-6-UKR-6,HRYTSENKO,Mark / SEREDA Oleksii,6,377.19,UKR,UKR,UKR,2026,World-Cup,Senior/Open,Senior,Male,Synchro-Platform,Synchro Senior Men Synchro-Platform,true,false,,,,criteria-simulator/data.js
WA-5018,World Aquatics Diving World Cup 2026,Senior Men Synchronized Platform (Final),Final,WA-14fa8991-cd9e-4053-bace-04beaa219dfa-3abd8d45-1c15-4bf9-94c8-7ebc1f3ec42e-7-ITA-7,GIOVANNINI,Riccardo / CONTE Simone,7,368.34,ITA,ITA,ITA,2026,World-Cup,Senior/Open,Senior,Male,Synchro-Platform,Synchro Senior Men Synchro-Platform,true,false,,,,criteria-simulator/data.js
WA-5018,World Aquatics Diving World Cup 2026,Senior Men Synchronized Platform (Final),Final,WA-14fa8991-cd9e-4053-bace-04beaa219dfa-3abd8d45-1c15-4bf9-94c8-7ebc1f3ec42e-8-AUS-8,MERCIECA,Jonah / ROUSSEAU Cassiel,8,352.44,AUS,AUS,AUS,2026,World-Cup,Senior/Open,Senior,Male,Synchro-Platform,Synchro Senior Men Synchro-Platform,true,false,,,,criteria-simulator/data.js
WA-5018,World Aquatics Diving World Cup 2026,Senior Men Synchronized Platform (Final),Final,WA-14fa8991-cd9e-4053-bace-04beaa219dfa-3abd8d45-1c15-4bf9-94c8-7ebc1f3ec42e-9-USA-9,TYLER,Carson / RZEPKA Jordan,,285.72,USA,USA,USA,2026,World-Cup,Senior/Open,Senior,Male,Synchro-Platform,Synchro Senior Men Synchro-Platform,true,false,,,,criteria-simulator/data.js
WA-5018,World Aquatics Diving World Cup 2026,Senior Men 3m (Final),Final,WA-a3342573-391a-48b0-ba13-19bcaa5d5d14-3abd8d45-1c15-4bf9-94c8-7ebc1f3ec42e-1-CHN-1,ZHENG,Jiuyuan / ZHAO Renjie / CUI Jiaxi / CHEN Jia,1,469.4,CHN,CHN,CHN,2026,World-Cup,Senior/Open,Senior,Mixed,3M,Senior Mixed 3M,false,false,,,,criteria-simulator/data.js
WA-5018,World Aquatics Diving World Cup 2026,Senior Men 3m (Final),Final,WA-a3342573-391a-48b0-ba13-19bcaa5d5d14-3abd8d45-1c15-4bf9-94c8-7ebc1f3ec42e-2-MEX-2,OLVERA,IBARRA Osmar / AGUNDEZ GARCIA Gabriela / VAZQUEZ MONTANO Aranza / WILLARS VALDEZ Randal,2,460.85,MEX,MEX,MEX,2026,World-Cup,Senior/Open,Senior,Mixed,3M,Senior Mixed 3M,false,false,,,,criteria-simulator/data.js
WA-5018,World Aquatics Diving World Cup 2026,Senior Men 3m (Final),Final,WA-a3342573-391a-48b0-ba13-19bcaa5d5d14-3abd8d45-1c15-4bf9-94c8-7ebc1f3ec42e-3-CAN-3,FUNG,Katelyn / CULLEN Matt / VALLEE Mia / ZSOMBOR-MURRAY Nathan,3,448.8,CAN,CAN,CAN,2026,World-Cup,Senior/Open,Senior,Mixed,3M,Senior Mixed 3M,false,false,,,,criteria-simulator/data.js
WA-5018,World Aquatics Diving World Cup 2026,Senior Men 3m (Final),Final,WA-a3342573-391a-48b0-ba13-19bcaa5d5d14-3abd8d45-1c15-4bf9-94c8-7ebc1f3ec42e-4-NAB-4,IVANOV,Grigory / KAZANTSEVA Viktoria / ILINYKH Kristina / TERNOVOI Ruslan,4,426.3,NAB,NAB,NAB,2026,World-Cup,Senior/Open,Senior,Mixed,3M,Senior Mixed 3M,false,false,,,,criteria-simulator/data.js
WA-5018,World Aquatics Diving World Cup 2026,Senior Men 3m (Final),Final,WA-a3342573-391a-48b0-ba13-19bcaa5d5d14-3abd8d45-1c15-4bf9-94c8-7ebc1f3ec42e-5-UKR-5,BAILO,Kseniia / BOLIUKH Kirill / BOCHEK Kseniia / SEREDA Oleksii,5,410.7,UKR,UKR,UKR,2026,World-Cup,Senior/Open,Senior,Mixed,3M,Senior Mixed 3M,false,false,,,,criteria-simulator/data.js
WA-5018,World Aquatics Diving World Cup 2026,Senior Men 3m (Final),Final,WA-a3342573-391a-48b0-ba13-19bcaa5d5d14-3abd8d45-1c15-4bf9-94c8-7ebc1f3ec42e-6-USA-6,MCAFEE,Sophia / RYAN Jack / VERZYL Sophia / TYLER Carson,6,404.85,USA,USA,USA,2026,World-Cup,Senior/Open,Senior,Mixed,3M,Senior Mixed 3M,false,false,,,,criteria-simulator/data.js
WA-5018,World Aquatics Diving World Cup 2026,Senior Men 3m (Final),Final,WA-a3342573-391a-48b0-ba13-19bcaa5d5d14-3abd8d45-1c15-4bf9-94c8-7ebc1f3ec42e-7-AUS-7,KEENEY,Maddison / COLE Ellie / ROUSSEAU Cassiel,7,393.8,AUS,AUS,AUS,2026,World-Cup,Senior/Open,Senior,Mixed,3M,Senior Mixed 3M,false,false,,,,criteria-simulator/data.js
WA-5018,World Aquatics Diving World Cup 2026,Senior Men 3m (Final),Final,WA-a3342573-391a-48b0-ba13-19bcaa5d5d14-3abd8d45-1c15-4bf9-94c8-7ebc1f3ec42e-8-ITA-8,JODOIN,DI MARIA Sarah / PIZZINI Elisa / GIOVANNINI Riccardo / CONTE Simone,8,386.45,ITA,ITA,ITA,2026,World-Cup,Senior/Open,Senior,Mixed,3M,Senior Mixed 3M,false,false,,,,criteria-simulator/data.js
WA-5018,World Aquatics Diving World Cup 2026,Senior Men 3m (Final),Final,WA-a3342573-391a-48b0-ba13-19bcaa5d5d14-3abd8d45-1c15-4bf9-94c8-7ebc1f3ec42e-9-GER-9,EIKERMANN,GREGORCHUK Jaden Shiloh / WESEMANN Moritz / MULLER Jette / PFEIF Pauline Alexandra,9,375.4,GER,GER,GER,2026,World-Cup,Senior/Open,Senior,Mixed,3M,Senior Mixed 3M,false,false,,,,criteria-simulator/data.js
WA-5018,World Aquatics Diving World Cup 2026,Senior Men 3m (Final),Final,WA-a3342573-391a-48b0-ba13-19bcaa5d5d14-3abd8d45-1c15-4bf9-94c8-7ebc1f3ec42e-10-PRK-10,CHOE,Wi Hyon / KIM Mi Hwa / JO Jin Mi,10,297.7,PRK,PRK,PRK,2026,World-Cup,Senior/Open,Senior,Mixed,3M,Senior Mixed 3M,false,false,,,,criteria-simulator/data.js
WA-5019,World Aquatics Diving World Cup 2026 - Super Final,Senior Women 3m (Final),Final,WA-29edadbb-b4d0-450d-924a-0fd71d0aa8b0,CHEN,Jia,1,374.4,CHN,CHN,CHN,2026,World-Cup,Senior/Open,Senior,Female,3M,Senior Women 3M,false,false,,,,criteria-simulator/data.js
WA-5019,World Aquatics Diving World Cup 2026 - Super Final,Senior Women 3m (Final),Final,WA-6dafbcbb-ef90-4cf4-b5f5-23134da47c96,CHEN,Yiwen,2,373.05,CHN,CHN,CHN,2026,World-Cup,Senior/Open,Senior,Female,3M,Senior Women 3M,false,false,,,,criteria-simulator/data.js
WA-5019,World Aquatics Diving World Cup 2026 - Super Final,Senior Women 3m (Final),Final,WA-368575e4-e59c-4391-8f3a-11a27ecd0886,KEENEY,Maddison,3,339.0,AUS,AUS,AUS,2026,World-Cup,Senior/Open,Senior,Female,3M,Senior Women 3M,false,false,,,,criteria-simulator/data.js
WA-5019,World Aquatics Diving World Cup 2026 - Super Final,Senior Women 3m (Final),Final,WA-8461470d-e119-4e0f-844e-581c703d36cf,KOLOI,Alysha,4,294.6,AUS,AUS,AUS,2026,World-Cup,Senior/Open,Senior,Female,3M,Senior Women 3M,false,false,,,,criteria-simulator/data.js
WA-5019,World Aquatics Diving World Cup 2026 - Super Final,Senior Women 3m (Semifinal),Semifinal,WA-368575e4-e59c-4391-8f3a-11a27ecd0886,KEENEY,Maddison,1,341.15,AUS,AUS,AUS,2026,World-Cup,Senior/Open,Senior,Female,3M,Senior Women 3M,false,false,,,,criteria-simulator/data.js
WA-5019,World Aquatics Diving World Cup 2026 - Super Final,Senior Women 3m (Semifinal),Semifinal,WA-6dafbcbb-ef90-4cf4-b5f5-23134da47c96,CHEN,Yiwen,1,335.4,CHN,CHN,CHN,2026,World-Cup,Senior/Open,Senior,Female,3M,Senior Women 3M,false,false,,,,criteria-simulator/data.js
WA-5019,World Aquatics Diving World Cup 2026 - Super Final,Senior Women 3m (Semifinal),Semifinal,WA-8461470d-e119-4e0f-844e-581c703d36cf,KOLOI,Alysha,2,312.7,AUS,AUS,AUS,2026,World-Cup,Senior/Open,Senior,Female,3M,Senior Women 3M,false,false,,,,criteria-simulator/data.js
WA-5019,World Aquatics Diving World Cup 2026 - Super Final,Senior Women 3m (Semifinal),Semifinal,WA-29edadbb-b4d0-450d-924a-0fd71d0aa8b0,CHEN,Jia,2,338.4,CHN,CHN,CHN,2026,World-Cup,Senior/Open,Senior,Female,3M,Senior Women 3M,false,false,,,,criteria-simulator/data.js
WA-5019,World Aquatics Diving World Cup 2026 - Super Final,Senior Women 3m (Semifinal),Semifinal,WA-ce8c6ffa-fd55-4b0b-971d-c56b9ac5c06c,ERLAM,Margo,3,276.3,CAN,CAN,CAN,2026,World-Cup,Senior/Open,Senior,Female,3M,Senior Women 3M,false,false,,,,criteria-simulator/data.js
WA-5019,World Aquatics Diving World Cup 2026 - Super Final,Senior Women 3m (Semifinal),Semifinal,WA-dcdb35d6-8e8e-4bb4-b3a7-b151b4c15949,VAZQUEZ,MONTANO Aranza,3,308.1,MEX,MEX,MEX,2026,World-Cup,Senior/Open,Senior,Female,3M,Senior Women 3M,false,false,,,,criteria-simulator/data.js
WA-5019,World Aquatics Diving World Cup 2026 - Super Final,Senior Women 3m (Head-To-Head),Head-To-Head,WA-29edadbb-b4d0-450d-924a-0fd71d0aa8b0,CHEN,Jia,1,218.4,CHN,CHN,CHN,2026,World-Cup,Senior/Open,Senior,Female,3M,Senior Women 3M,false,false,,,,criteria-simulator/data.js
WA-5019,World Aquatics Diving World Cup 2026 - Super Final,Senior Women 3m (Head-To-Head),Head-To-Head,WA-368575e4-e59c-4391-8f3a-11a27ecd0886,KEENEY,Maddison,2,215.15,AUS,AUS,AUS,2026,World-Cup,Senior/Open,Senior,Female,3M,Senior Women 3M,false,false,,,,criteria-simulator/data.js
WA-5019,World Aquatics Diving World Cup 2026 - Super Final,Senior Women 3m (Head-To-Head),Head-To-Head,WA-dcdb35d6-8e8e-4bb4-b3a7-b151b4c15949,VAZQUEZ,MONTANO Aranza,3,191.1,MEX,MEX,MEX,2026,World-Cup,Senior/Open,Senior,Female,3M,Senior Women 3M,false,false,,,,criteria-simulator/data.js
WA-5019,World Aquatics Diving World Cup 2026 - Super Final,Senior Women 3m (Head-To-Head),Head-To-Head,WA-8461470d-e119-4e0f-844e-581c703d36cf,KOLOI,Alysha,4,189.7,AUS,AUS,AUS,2026,World-Cup,Senior/Open,Senior,Female,3M,Senior Women 3M,false,false,,,,criteria-simulator/data.js
WA-5019,World Aquatics Diving World Cup 2026 - Super Final,Senior Women 3m (Head-To-Head),Head-To-Head,WA-6dafbcbb-ef90-4cf4-b5f5-23134da47c96,CHEN,Yiwen,5,189.0,CHN,CHN,CHN,2026,World-Cup,Senior/Open,Senior,Female,3M,Senior Women 3M,false,false,,,,criteria-simulator/data.js
WA-5019,World Aquatics Diving World Cup 2026 - Super Final,Senior Women 3m (Head-To-Head),Head-To-Head,WA-e7d30a91-9236-4f31-bf05-148441d3a697,GARCIA,SIXTOS Maria Fernanda,6,179.1,MEX,MEX,MEX,2026,World-Cup,Senior/Open,Senior,Female,3M,Senior Women 3M,false,false,,,,criteria-simulator/data.js
WA-5019,World Aquatics Diving World Cup 2026 - Super Final,Senior Women 3m (Head-To-Head),Head-To-Head,WA-ce8c6ffa-fd55-4b0b-971d-c56b9ac5c06c,ERLAM,Margo,7,178.5,CAN,CAN,CAN,2026,World-Cup,Senior/Open,Senior,Female,3M,Senior Women 3M,false,false,,,,criteria-simulator/data.js
WA-5019,World Aquatics Diving World Cup 2026 - Super Final,Senior Women 3m (Head-To-Head),Head-To-Head,WA-979e3fcb-7191-4a44-b6a7-aed5af5dfa23,KUZINA,Elizaveta,8,172.5,RUS,RUS,RUS,2026,World-Cup,Senior/Open,Senior,Female,3M,Senior Women 3M,false,false,,,,criteria-simulator/data.js
WA-5019,World Aquatics Diving World Cup 2026 - Super Final,Senior Women 3m (Head-To-Head),Head-To-Head,WA-d198d7de-8a19-4c3c-b39e-d952f24ab74d,HEIMBERG,Michelle,9,168.0,SUI,SUI,SUI,2026,World-Cup,Senior/Open,Senior,Female,3M,Senior Women 3M,false,false,,,,criteria-simulator/data.js
WA-5019,World Aquatics Diving World Cup 2026 - Super Final,Senior Women 3m (Head-To-Head),Head-To-Head,WA-d03fa4f0-35a5-4011-bc18-f56eef578213,PALKHIVALA,Sonya,10,165.45,CAN,CAN,CAN,2026,World-Cup,Senior/Open,Senior,Female,3M,Senior Women 3M,false,false,,,,criteria-simulator/data.js
WA-5019,World Aquatics Diving World Cup 2026 - Super Final,Senior Women 3m (Head-To-Head),Head-To-Head,WA-b2ce143b-49d8-4344-9565-a8af5a9db353,ZAPATA,CORREA Daniela,11,160.5,COL,COL,COL,2026,World-Cup,Senior/Open,Senior,Female,3M,Senior Women 3M,false,false,,,,criteria-simulator/data.js
WA-5019,World Aquatics Diving World Cup 2026 - Super Final,Senior Women 3m (Head-To-Head),Head-To-Head,WA-248a1046-d641-4593-a85a-0d052811f210,KNIGHT,Kyndal,12,157.4,USA,USA,USA,2026,World-Cup,Senior/Open,Senior,Female,3M,Senior Women 3M,false,false,,,,criteria-simulator/data.js
WA-5019,World Aquatics Diving World Cup 2026 - Super Final,Senior Women Platform (Final),Final,WA-9e81a96e-16bb-4162-8585-1a22a1f86b0f,JIANG,Linjing,1,397.95,CHN,CHN,CHN,2026,World-Cup,Senior/Open,Senior,Female,Platform,Senior Women Platform,false,false,,,,criteria-simulator/data.js
WA-5019,World Aquatics Diving World Cup 2026 - Super Final,Senior Women Platform (Final),Final,WA-ee5fb1c5-d0fb-47ac-83d8-10039e30d41a,KONANYKHINA,Anna,2,319.2,RUS,RUS,RUS,2026,World-Cup,Senior/Open,Senior,Female,Platform,Senior Women Platform,false,false,,,,criteria-simulator/data.js
WA-5019,World Aquatics Diving World Cup 2026 - Super Final,Senior Women Platform (Final),Final,WA-5cf48f98-fe3e-4768-bb42-e5e5b78cca2f,PFEIF,Pauline Alexandra,3,317.0,GER,GER,GER,2026,World-Cup,Senior/Open,Senior,Female,Platform,Senior Women Platform,false,false,,,,criteria-simulator/data.js
WA-5019,World Aquatics Diving World Cup 2026 - Super Final,Senior Women Platform (Final),Final,WA-97cdb654-4240-4fb3-8317-6c8fe83236b5,NIDAY,Ellireese,4,292.65,USA,USA,USA,2026,World-Cup,Senior/Open,Senior,Female,Platform,Senior Women Platform,false,false,,,,criteria-simulator/data.js
WA-5019,World Aquatics Diving World Cup 2026 - Super Final,Senior Women Platform (Semifinal),Semifinal,WA-9e81a96e-16bb-4162-8585-1a22a1f86b0f,JIANG,Linjing,1,371.55,CHN,CHN,CHN,2026,World-Cup,Senior/Open,Senior,Female,Platform,Senior Women Platform,false,false,,,,criteria-simulator/data.js
WA-5019,World Aquatics Diving World Cup 2026 - Super Final,Senior Women Platform (Semifinal),Semifinal,WA-5cf48f98-fe3e-4768-bb42-e5e5b78cca2f,PFEIF,Pauline Alexandra,1,350.6,GER,GER,GER,2026,World-Cup,Senior/Open,Senior,Female,Platform,Senior Women Platform,false,false,,,,criteria-simulator/data.js
WA-5019,World Aquatics Diving World Cup 2026 - Super Final,Senior Women Platform (Semifinal),Semifinal,WA-ee5fb1c5-d0fb-47ac-83d8-10039e30d41a,KONANYKHINA,Anna,2,342.1,RUS,RUS,RUS,2026,World-Cup,Senior/Open,Senior,Female,Platform,Senior Women Platform,false,false,,,,criteria-simulator/data.js
WA-5019,World Aquatics Diving World Cup 2026 - Super Final,Senior Women Platform (Semifinal),Semifinal,WA-97cdb654-4240-4fb3-8317-6c8fe83236b5,NIDAY,Ellireese,2,347.55,USA,USA,USA,2026,World-Cup,Senior/Open,Senior,Female,Platform,Senior Women Platform,false,false,,,,criteria-simulator/data.js
WA-5019,World Aquatics Diving World Cup 2026 - Super Final,Senior Women Platform (Semifinal),Semifinal,WA-9d5db8c8-a45f-4745-b63d-f9c49379a79c,MILLER,Kate,3,301.35,CAN,CAN,CAN,2026,World-Cup,Senior/Open,Senior,Female,Platform,Senior Women Platform,false,false,,,,criteria-simulator/data.js
WA-5019,World Aquatics Diving World Cup 2026 - Super Final,Senior Women Platform (Semifinal),Semifinal,WA-2c8020f3-f57f-436c-8b5f-7d39ae05e99c,KANETO,Rin,3,326.55,JPN,JPN,JPN,2026,World-Cup,Senior/Open,Senior,Female,Platform,Senior Women Platform,false,false,,,,criteria-simulator/data.js
WA-5019,World Aquatics Diving World Cup 2026 - Super Final,Senior Women Platform (Head-To-Head),Head-To-Head,WA-9e81a96e-16bb-4162-8585-1a22a1f86b0f,JIANG,Linjing,1,243.55,CHN,CHN,CHN,2026,World-Cup,Senior/Open,Senior,Female,Platform,Senior Women Platform,false,false,,,,criteria-simulator/data.js
WA-5019,World Aquatics Diving World Cup 2026 - Super Final,Senior Women Platform (Head-To-Head),Head-To-Head,WA-ee5fb1c5-d0fb-47ac-83d8-10039e30d41a,KONANYKHINA,Anna,2,226.9,RUS,RUS,RUS,2026,World-Cup,Senior/Open,Senior,Female,Platform,Senior Women Platform,false,false,,,,criteria-simulator/data.js
WA-5019,World Aquatics Diving World Cup 2026 - Super Final,Senior Women Platform (Head-To-Head),Head-To-Head,WA-4c93c258-fdf5-4465-aefc-8a4e779e5dff,JO,Jin Mi,3,220.8,PRK,PRK,PRK,2026,World-Cup,Senior/Open,Senior,Female,Platform,Senior Women Platform,false,false,,,,criteria-simulator/data.js
WA-5019,World Aquatics Diving World Cup 2026 - Super Final,Senior Women Platform (Head-To-Head),Head-To-Head,WA-97cdb654-4240-4fb3-8317-6c8fe83236b5,NIDAY,Ellireese,4,220.4,USA,USA,USA,2026,World-Cup,Senior/Open,Senior,Female,Platform,Senior Women Platform,false,false,,,,criteria-simulator/data.js
WA-5019,World Aquatics Diving World Cup 2026 - Super Final,Senior Women Platform (Head-To-Head),Head-To-Head,WA-5cf48f98-fe3e-4768-bb42-e5e5b78cca2f,PFEIF,Pauline Alexandra,5,216.1,GER,GER,GER,2026,World-Cup,Senior/Open,Senior,Female,Platform,Senior Women Platform,false,false,,,,criteria-simulator/data.js
WA-5019,World Aquatics Diving World Cup 2026 - Super Final,Senior Women Platform (Head-To-Head),Head-To-Head,WA-def10055-0632-4178-8f19-b37cf4acd933,FUNG,Katelyn,6,210.9,CAN,CAN,CAN,2026,World-Cup,Senior/Open,Senior,Female,Platform,Senior Women Platform,false,false,,,,criteria-simulator/data.js
WA-5019,World Aquatics Diving World Cup 2026 - Super Final,Senior Women Platform (Head-To-Head),Head-To-Head,WA-b9f0e0e9-e11d-4b78-bf5a-b7c186cd1b8f,COLE,Ellie,7,209.6,AUS,AUS,AUS,2026,World-Cup,Senior/Open,Senior,Female,Platform,Senior Women Platform,false,false,,,,criteria-simulator/data.js
WA-5019,World Aquatics Diving World Cup 2026 - Super Final,Senior Women Platform (Head-To-Head),Head-To-Head,WA-9d5db8c8-a45f-4745-b63d-f9c49379a79c,MILLER,Kate,8,200.4,CAN,CAN,CAN,2026,World-Cup,Senior/Open,Senior,Female,Platform,Senior Women Platform,false,false,,,,criteria-simulator/data.js
WA-5019,World Aquatics Diving World Cup 2026 - Super Final,Senior Women Platform (Head-To-Head),Head-To-Head,WA-2c8020f3-f57f-436c-8b5f-7d39ae05e99c,KANETO,Rin,9,193.5,JPN,JPN,JPN,2026,World-Cup,Senior/Open,Senior,Female,Platform,Senior Women Platform,false,false,,,,criteria-simulator/data.js
WA-5019,World Aquatics Diving World Cup 2026 - Super Final,Senior Women Platform (Head-To-Head),Head-To-Head,WA-69a98af2-d213-4deb-beb2-d17538968d38,CUEVA,LOBATO Suri Zoe,10,179.9,MEX,MEX,MEX,2026,World-Cup,Senior/Open,Senior,Female,Platform,Senior Women Platform,false,false,,,,criteria-simulator/data.js
WA-5019,World Aquatics Diving World Cup 2026 - Super Final,Senior Women Platform (Head-To-Head),Head-To-Head,WA-4fc41b34-d467-48c1-a8c7-83dfb407758b,JODOIN,DI MARIA Sarah,11,174.4,ITA,ITA,ITA,2026,World-Cup,Senior/Open,Senior,Female,Platform,Senior Women Platform,false,false,,,,criteria-simulator/data.js
WA-5019,World Aquatics Diving World Cup 2026 - Super Final,Senior Women Platform (Head-To-Head),Head-To-Head,WA-76144f77-dff6-49e7-95b1-5d0b435644c9,CARVAJAL,Ana,12,167.7,ESP,ESP,ESP,2026,World-Cup,Senior/Open,Senior,Female,Platform,Senior Women Platform,false,false,,,,criteria-simulator/data.js
WA-5019,World Aquatics Diving World Cup 2026 - Super Final,Senior Women Synchronized 3m (Final),Final,WA-61b483ec-4022-4555-9960-fba9cd1d702d-3abd8d45-1c15-4bf9-94c8-7ebc1f3ec42e-1-CHN-1,CHEN,Jia / CHEN Yiwen,1,331.05,CHN,CHN,CHN,2026,World-Cup,Senior/Open,Senior,Female,Synchro-3m,Synchro Senior Women Synchro-3m,true,false,,,,criteria-simulator/data.js
WA-5019,World Aquatics Diving World Cup 2026 - Super Final,Senior Women Synchronized 3m (Final),Final,WA-61b483ec-4022-4555-9960-fba9cd1d702d-3abd8d45-1c15-4bf9-94c8-7ebc1f3ec42e-2-AUS-2,KEENEY,Maddison / KOLOI Alysha,2,299.94,AUS,AUS,AUS,2026,World-Cup,Senior/Open,Senior,Female,Synchro-3m,Synchro Senior Women Synchro-3m,true,false,,,,criteria-simulator/data.js
WA-5019,World Aquatics Diving World Cup 2026 - Super Final,Senior Women Synchronized 3m (Final),Final,WA-61b483ec-4022-4555-9960-fba9cd1d702d-3abd8d45-1c15-4bf9-94c8-7ebc1f3ec42e-3-GBR-3,MEW,JENSEN Scarlett / HARPER Yasmin,3,294.6,GBR,GBR,GBR,2026,World-Cup,Senior/Open,Senior,Female,Synchro-3m,Synchro Senior Women Synchro-3m,true,false,,,,criteria-simulator/data.js
WA-5019,World Aquatics Diving World Cup 2026 - Super Final,Senior Women Synchronized 3m (Final),Final,WA-61b483ec-4022-4555-9960-fba9cd1d702d-3abd8d45-1c15-4bf9-94c8-7ebc1f3ec42e-4-USA-4,KWONG,Anna / VERZYL Sophia,4,276.15,USA,USA,USA,2026,World-Cup,Senior/Open,Senior,Female,Synchro-3m,Synchro Senior Women Synchro-3m,true,false,,,,criteria-simulator/data.js
WA-5019,World Aquatics Diving World Cup 2026 - Super Final,Senior Women Synchronized 3m (Final),Final,WA-61b483ec-4022-4555-9960-fba9cd1d702d-3abd8d45-1c15-4bf9-94c8-7ebc1f3ec42e-5-MEX-5,CUEVA,LOBATO Mia Zazil / CUEVA LOBATO Lia Yatzil,5,273.63,MEX,MEX,MEX,2026,World-Cup,Senior/Open,Senior,Female,Synchro-3m,Synchro Senior Women Synchro-3m,true,false,,,,criteria-simulator/data.js
WA-5019,World Aquatics Diving World Cup 2026 - Super Final,Senior Women Synchronized 3m (Final),Final,WA-61b483ec-4022-4555-9960-fba9cd1d702d-3abd8d45-1c15-4bf9-94c8-7ebc1f3ec42e-6-RUS-6,TRIFONOVA,Nadezhda / KLIUEVA Uliana,6,273.0,RUS,RUS,RUS,2026,World-Cup,Senior/Open,Senior,Female,Synchro-3m,Synchro Senior Women Synchro-3m,true,false,,,,criteria-simulator/data.js
WA-5019,World Aquatics Diving World Cup 2026 - Super Final,Senior Women Synchronized 3m (Final),Final,WA-61b483ec-4022-4555-9960-fba9cd1d702d-3abd8d45-1c15-4bf9-94c8-7ebc1f3ec42e-7-UKR-7,BOCHEK,Kseniia / KARNAFEL Diana,7,262.5,UKR,UKR,UKR,2026,World-Cup,Senior/Open,Senior,Female,Synchro-3m,Synchro Senior Women Synchro-3m,true,false,,,,criteria-simulator/data.js
WA-5019,World Aquatics Diving World Cup 2026 - Super Final,Senior Women Synchronized 3m (Final),Final,WA-61b483ec-4022-4555-9960-fba9cd1d702d-3abd8d45-1c15-4bf9-94c8-7ebc1f3ec42e-8-CAN-8,VALLEE,Mia / JASMIN Amelie-Laura,8,250.98,CAN,CAN,CAN,2026,World-Cup,Senior/Open,Senior,Female,Synchro-3m,Synchro Senior Women Synchro-3m,true,false,,,,criteria-simulator/data.js
WA-5019,World Aquatics Diving World Cup 2026 - Super Final,Senior Women Synchronized Platform (Final),Final,WA-c3cca7c9-5ef7-4a69-a173-82fe75ffcc4b-3abd8d45-1c15-4bf9-94c8-7ebc1f3ec42e-1-CHN-1,CHEN,Yuxi / LU Wei,1,366.12,CHN,CHN,CHN,2026,World-Cup,Senior/Open,Senior,Female,Synchro-Platform,Synchro Senior Women Synchro-Platform,true,false,,,,criteria-simulator/data.js
WA-5019,World Aquatics Diving World Cup 2026 - Super Final,Senior Women Synchronized Platform (Final),Final,WA-c3cca7c9-5ef7-4a69-a173-82fe75ffcc4b-3abd8d45-1c15-4bf9-94c8-7ebc1f3ec42e-2-PRK-2,JO,Jin Mi / KIM Mi Rae,2,321.3,PRK,PRK,PRK,2026,World-Cup,Senior/Open,Senior,Female,Synchro-Platform,Synchro Senior Women Synchro-Platform,true,false,,,,criteria-simulator/data.js
WA-5019,World Aquatics Diving World Cup 2026 - Super Final,Senior Women Synchronized Platform (Final),Final,WA-c3cca7c9-5ef7-4a69-a173-82fe75ffcc4b-3abd8d45-1c15-4bf9-94c8-7ebc1f3ec42e-3-AUS-3,PUCKERIDGE,Milly / COLE Ellie,3,297.12,AUS,AUS,AUS,2026,World-Cup,Senior/Open,Senior,Female,Synchro-Platform,Synchro Senior Women Synchro-Platform,true,false,,,,criteria-simulator/data.js
WA-5019,World Aquatics Diving World Cup 2026 - Super Final,Senior Women Synchronized Platform (Final),Final,WA-c3cca7c9-5ef7-4a69-a173-82fe75ffcc4b-3abd8d45-1c15-4bf9-94c8-7ebc1f3ec42e-4-MEX-4,ESTUDILLO,TORRES Alejandra / AGUNDEZ GARCIA Gabriela,4,296.04,MEX,MEX,MEX,2026,World-Cup,Senior/Open,Senior,Female,Synchro-Platform,Synchro Senior Women Synchro-Platform,true,false,,,,criteria-simulator/data.js
WA-5019,World Aquatics Diving World Cup 2026 - Super Final,Senior Women Synchronized Platform (Final),Final,WA-c3cca7c9-5ef7-4a69-a173-82fe75ffcc4b-3abd8d45-1c15-4bf9-94c8-7ebc1f3ec42e-5-RUS-5,KAZANTSEVA,Viktoria / KONANYKHINA Anna,5,284.28,RUS,RUS,RUS,2026,World-Cup,Senior/Open,Senior,Female,Synchro-Platform,Synchro Senior Women Synchro-Platform,true,false,,,,criteria-simulator/data.js
WA-5019,World Aquatics Diving World Cup 2026 - Super Final,Senior Women Synchronized Platform (Final),Final,WA-c3cca7c9-5ef7-4a69-a173-82fe75ffcc4b-3abd8d45-1c15-4bf9-94c8-7ebc1f3ec42e-6-UKR-6,VYSTAKINA,Sofiia / BAILO Kseniia,6,278.46,UKR,UKR,UKR,2026,World-Cup,Senior/Open,Senior,Female,Synchro-Platform,Synchro Senior Women Synchro-Platform,true,false,,,,criteria-simulator/data.js
WA-5019,World Aquatics Diving World Cup 2026 - Super Final,Senior Women Synchronized Platform (Final),Final,WA-c3cca7c9-5ef7-4a69-a173-82fe75ffcc4b-3abd8d45-1c15-4bf9-94c8-7ebc1f3ec42e-7-CAN-7,MILLER,Kate / FUNG Katelyn,7,275.82,CAN,CAN,CAN,2026,World-Cup,Senior/Open,Senior,Female,Synchro-Platform,Synchro Senior Women Synchro-Platform,true,false,,,,criteria-simulator/data.js
WA-5019,World Aquatics Diving World Cup 2026 - Super Final,Senior Women Synchronized Platform (Final),Final,WA-c3cca7c9-5ef7-4a69-a173-82fe75ffcc4b-3abd8d45-1c15-4bf9-94c8-7ebc1f3ec42e-8-GER-8,WASSEN,Elena / PFEIF Pauline Alexandra,8,243.6,GER,GER,GER,2026,World-Cup,Senior/Open,Senior,Female,Synchro-Platform,Synchro Senior Women Synchro-Platform,true,false,,,,criteria-simulator/data.js
WA-5019,World Aquatics Diving World Cup 2026 - Super Final,Senior Men 3m (Final),Final,WA-71b4cb2f-b22a-4b66-af54-05eeadbbba89,WANG,Zongyuan,1,544.35,CHN,CHN,CHN,2026,World-Cup,Senior/Open,Senior,Male,3M,Senior Men 3M,false,false,,,,criteria-simulator/data.js
WA-5019,World Aquatics Diving World Cup 2026 - Super Final,Senior Men 3m (Final),Final,WA-f59e659b-c088-4f4d-9765-2a31b3b03829,ZHENG,Jiuyuan,2,500.5,CHN,CHN,CHN,2026,World-Cup,Senior/Open,Senior,Male,3M,Senior Men 3M,false,false,,,,criteria-simulator/data.js
WA-5019,World Aquatics Diving World Cup 2026 - Super Final,Senior Men 3m (Final),Final,WA-5897f289-5e02-45ac-9fa1-6e9d5eb6b5e1,OLVERA,IBARRA Osmar,3,480.5,MEX,MEX,MEX,2026,World-Cup,Senior/Open,Senior,Male,3M,Senior Men 3M,false,false,,,,criteria-simulator/data.js
WA-5019,World Aquatics Diving World Cup 2026 - Super Final,Senior Men 3m (Final),Final,WA-33cc39a9-4bcd-4d35-afcc-a957e6cc06fc,BOUYER,Jules,4,443.2,FRA,FRA,FRA,2026,World-Cup,Senior/Open,Senior,Male,3M,Senior Men 3M,false,false,,,,criteria-simulator/data.js
WA-5019,World Aquatics Diving World Cup 2026 - Super Final,Senior Men 3m (Semifinal),Semifinal,WA-f59e659b-c088-4f4d-9765-2a31b3b03829,ZHENG,Jiuyuan,1,447.45,CHN,CHN,CHN,2026,World-Cup,Senior/Open,Senior,Male,3M,Senior Men 3M,false,false,,,,criteria-simulator/data.js
WA-5019,World Aquatics Diving World Cup 2026 - Super Final,Senior Men 3m (Semifinal),Semifinal,WA-71b4cb2f-b22a-4b66-af54-05eeadbbba89,WANG,Zongyuan,1,530.1,CHN,CHN,CHN,2026,World-Cup,Senior/Open,Senior,Male,3M,Senior Men 3M,false,false,,,,criteria-simulator/data.js
WA-5019,World Aquatics Diving World Cup 2026 - Super Final,Senior Men 3m (Semifinal),Semifinal,WA-33cc39a9-4bcd-4d35-afcc-a957e6cc06fc,BOUYER,Jules,2,444.6,FRA,FRA,FRA,2026,World-Cup,Senior/Open,Senior,Male,3M,Senior Men 3M,false,false,,,,criteria-simulator/data.js
WA-5019,World Aquatics Diving World Cup 2026 - Super Final,Senior Men 3m (Semifinal),Semifinal,WA-5897f289-5e02-45ac-9fa1-6e9d5eb6b5e1,OLVERA,IBARRA Osmar,2,513.95,MEX,MEX,MEX,2026,World-Cup,Senior/Open,Senior,Male,3M,Senior Men 3M,false,false,,,,criteria-simulator/data.js
WA-5019,World Aquatics Diving World Cup 2026 - Super Final,Senior Men 3m (Semifinal),Semifinal,WA-c68a085b-7bc8-45a8-bebe-bb078cb7de51,PAUL,Carson,3,386.45,CAN,CAN,CAN,2026,World-Cup,Senior/Open,Senior,Male,3M,Senior Men 3M,false,false,,,,criteria-simulator/data.js
WA-5019,World Aquatics Diving World Cup 2026 - Super Final,Senior Men 3m (Semifinal),Semifinal,WA-e4d7cca6-67fb-4b6b-843e-744a62d0566f,URIBE,BERMUDEZ Luis Felipe,3,399.3,COL,COL,COL,2026,World-Cup,Senior/Open,Senior,Male,3M,Senior Men 3M,false,false,,,,criteria-simulator/data.js
WA-5019,World Aquatics Diving World Cup 2026 - Super Final,Senior Men 3m (Head-To-Head),Head-To-Head,WA-5897f289-5e02-45ac-9fa1-6e9d5eb6b5e1,OLVERA,IBARRA Osmar,1,260.15,MEX,MEX,MEX,2026,World-Cup,Senior/Open,Senior,Male,3M,Senior Men 3M,false,false,,,,criteria-simulator/data.js
WA-5019,World Aquatics Diving World Cup 2026 - Super Final,Senior Men 3m (Head-To-Head),Head-To-Head,WA-71b4cb2f-b22a-4b66-af54-05eeadbbba89,WANG,Zongyuan,2,257.55,CHN,CHN,CHN,2026,World-Cup,Senior/Open,Senior,Male,3M,Senior Men 3M,false,false,,,,criteria-simulator/data.js
WA-5019,World Aquatics Diving World Cup 2026 - Super Final,Senior Men 3m (Head-To-Head),Head-To-Head,WA-f59e659b-c088-4f4d-9765-2a31b3b03829,ZHENG,Jiuyuan,3,251.4,CHN,CHN,CHN,2026,World-Cup,Senior/Open,Senior,Male,3M,Senior Men 3M,false,false,,,,criteria-simulator/data.js
WA-5019,World Aquatics Diving World Cup 2026 - Super Final,Senior Men 3m (Head-To-Head),Head-To-Head,WA-7f6e93d4-fc79-471b-ac09-85d9557831ca,CELAYA,HERNANDEZ Juan Manuel,4,245.35,MEX,MEX,MEX,2026,World-Cup,Senior/Open,Senior,Male,3M,Senior Men 3M,false,false,,,,criteria-simulator/data.js
WA-5019,World Aquatics Diving World Cup 2026 - Super Final,Senior Men 3m (Head-To-Head),Head-To-Head,WA-33cc39a9-4bcd-4d35-afcc-a957e6cc06fc,BOUYER,Jules,5,233.65,FRA,FRA,FRA,2026,World-Cup,Senior/Open,Senior,Male,3M,Senior Men 3M,false,false,,,,criteria-simulator/data.js
WA-5019,World Aquatics Diving World Cup 2026 - Super Final,Senior Men 3m (Head-To-Head),Head-To-Head,WA-8f7a57ff-d490-49cc-900e-abd2d7ab5c85,HASLAM,Ross,6,233.4,GBR,GBR,GBR,2026,World-Cup,Senior/Open,Senior,Male,3M,Senior Men 3M,false,false,,,,criteria-simulator/data.js
WA-5019,World Aquatics Diving World Cup 2026 - Super Final,Senior Men 3m (Head-To-Head),Head-To-Head,WA-a3a5a658-0f22-40d4-a027-22beb83664ea,SHLEIKHER,Nikita,7,204.3,RUS,RUS,RUS,2026,World-Cup,Senior/Open,Senior,Male,3M,Senior Men 3M,false,false,,,,criteria-simulator/data.js
WA-5019,World Aquatics Diving World Cup 2026 - Super Final,Senior Men 3m (Head-To-Head),Head-To-Head,WA-c68a085b-7bc8-45a8-bebe-bb078cb7de51,PAUL,Carson,8,197.0,CAN,CAN,CAN,2026,World-Cup,Senior/Open,Senior,Male,3M,Senior Men 3M,false,false,,,,criteria-simulator/data.js
WA-5019,World Aquatics Diving World Cup 2026 - Super Final,Senior Men 3m (Head-To-Head),Head-To-Head,WA-4ae3dbb2-1401-4ed0-b5cb-cef5808c2150,RYAN,Jack,9,195.55,USA,USA,USA,2026,World-Cup,Senior/Open,Senior,Male,3M,Senior Men 3M,false,false,,,,criteria-simulator/data.js
WA-5019,World Aquatics Diving World Cup 2026 - Super Final,Senior Men 3m (Head-To-Head),Head-To-Head,WA-b6cc83b1-d2f5-425f-a791-d6cbc330e5d4,ZSOMBOR-MURRAY,Nathan,10,190.15,CAN,CAN,CAN,2026,World-Cup,Senior/Open,Senior,Male,3M,Senior Men 3M,false,false,,,,criteria-simulator/data.js
WA-5019,World Aquatics Diving World Cup 2026 - Super Final,Senior Men 3m (Head-To-Head),Head-To-Head,WA-e4d7cca6-67fb-4b6b-843e-744a62d0566f,URIBE,BERMUDEZ Luis Felipe,11,181.3,COL,COL,COL,2026,World-Cup,Senior/Open,Senior,Male,3M,Senior Men 3M,false,false,,,,criteria-simulator/data.js
WA-5019,World Aquatics Diving World Cup 2026 - Super Final,Senior Men 3m (Head-To-Head),Head-To-Head,WA-6b6710f5-9141-4226-b937-ae9b6751a8bb,MASSENBERG,Lou Noel Guy,12,168.8,GER,GER,GER,2026,World-Cup,Senior/Open,Senior,Male,3M,Senior Men 3M,false,false,,,,criteria-simulator/data.js
WA-5019,World Aquatics Diving World Cup 2026 - Super Final,Senior Men Platform (Final),Final,WA-f64ebbf4-467e-40d3-9a39-002805b80d16,BAI,Yuming,1,542.95,CHN,CHN,CHN,2026,World-Cup,Senior/Open,Senior,Male,Platform,Senior Men Platform,false,false,,,,criteria-simulator/data.js
WA-5019,World Aquatics Diving World Cup 2026 - Super Final,Senior Men Platform (Final),Final,WA-2b7dac5a-8afb-409a-a0b2-01e2f99f1d6d,WILLARS,VALDEZ Randal,2,538.15,MEX,MEX,MEX,2026,World-Cup,Senior/Open,Senior,Male,Platform,Senior Men Platform,false,false,,,,criteria-simulator/data.js
WA-5019,World Aquatics Diving World Cup 2026 - Super Final,Senior Men Platform (Final),Final,WA-b06144a4-af9a-4d73-8d33-3a90feca8599,LIAN,Junjie,3,506.8,CHN,CHN,CHN,2026,World-Cup,Senior/Open,Senior,Male,Platform,Senior Men Platform,false,false,,,,criteria-simulator/data.js
WA-5019,World Aquatics Diving World Cup 2026 - Super Final,Senior Men Platform (Final),Final,WA-608b9f19-6769-487c-8e10-efc2d4dad412,ROUSSEAU,Cassiel,4,480.7,AUS,AUS,AUS,2026,World-Cup,Senior/Open,Senior,Male,Platform,Senior Men Platform,false,false,,,,criteria-simulator/data.js
WA-5019,World Aquatics Diving World Cup 2026 - Super Final,Senior Men Platform (Semifinal),Semifinal,WA-f64ebbf4-467e-40d3-9a39-002805b80d16,BAI,Yuming,1,534.5,CHN,CHN,CHN,2026,World-Cup,Senior/Open,Senior,Male,Platform,Senior Men Platform,false,false,,,,criteria-simulator/data.js
WA-5019,World Aquatics Diving World Cup 2026 - Super Final,Senior Men Platform (Semifinal),Semifinal,WA-b06144a4-af9a-4d73-8d33-3a90feca8599,LIAN,Junjie,1,530.05,CHN,CHN,CHN,2026,World-Cup,Senior/Open,Senior,Male,Platform,Senior Men Platform,false,false,,,,criteria-simulator/data.js
WA-5019,World Aquatics Diving World Cup 2026 - Super Final,Senior Men Platform (Semifinal),Semifinal,WA-608b9f19-6769-487c-8e10-efc2d4dad412,ROUSSEAU,Cassiel,2,480.6,AUS,AUS,AUS,2026,World-Cup,Senior/Open,Senior,Male,Platform,Senior Men Platform,false,false,,,,criteria-simulator/data.js
WA-5019,World Aquatics Diving World Cup 2026 - Super Final,Senior Men Platform (Semifinal),Semifinal,WA-2b7dac5a-8afb-409a-a0b2-01e2f99f1d6d,WILLARS,VALDEZ Randal,2,494.3,MEX,MEX,MEX,2026,World-Cup,Senior/Open,Senior,Male,Platform,Senior Men Platform,false,false,,,,criteria-simulator/data.js
WA-5019,World Aquatics Diving World Cup 2026 - Super Final,Senior Men Platform (Semifinal),Semifinal,WA-06045885-36a8-4872-8640-c726a741ef97,MCCABE,Euan,3,438.0,GBR,GBR,GBR,2026,World-Cup,Senior/Open,Senior,Male,Platform,Senior Men Platform,false,false,,,,criteria-simulator/data.js
WA-5019,World Aquatics Diving World Cup 2026 - Super Final,Senior Men Platform (Semifinal),Semifinal,WA-ab9ea005-2bd6-4c22-82cf-bbf9275a35f3,SEREDA,Oleksii,3,443.9,UKR,UKR,UKR,2026,World-Cup,Senior/Open,Senior,Male,Platform,Senior Men Platform,false,false,,,,criteria-simulator/data.js
WA-5019,World Aquatics Diving World Cup 2026 - Super Final,Senior Men Platform (Head-To-Head),Head-To-Head,WA-b06144a4-af9a-4d73-8d33-3a90feca8599,LIAN,Junjie,1,286.0,CHN,CHN,CHN,2026,World-Cup,Senior/Open,Senior,Male,Platform,Senior Men Platform,false,false,,,,criteria-simulator/data.js
WA-5019,World Aquatics Diving World Cup 2026 - Super Final,Senior Men Platform (Head-To-Head),Head-To-Head,WA-f64ebbf4-467e-40d3-9a39-002805b80d16,BAI,Yuming,2,263.1,CHN,CHN,CHN,2026,World-Cup,Senior/Open,Senior,Male,Platform,Senior Men Platform,false,false,,,,criteria-simulator/data.js
WA-5019,World Aquatics Diving World Cup 2026 - Super Final,Senior Men Platform (Head-To-Head),Head-To-Head,WA-c8112a56-8ffc-405f-9b8e-b592ed090046,TERNOVOI,Ruslan,3,260.1,RUS,RUS,RUS,2026,World-Cup,Senior/Open,Senior,Male,Platform,Senior Men Platform,false,false,,,,criteria-simulator/data.js
WA-5019,World Aquatics Diving World Cup 2026 - Super Final,Senior Men Platform (Head-To-Head),Head-To-Head,WA-2b7dac5a-8afb-409a-a0b2-01e2f99f1d6d,WILLARS,VALDEZ Randal,4,258.15,MEX,MEX,MEX,2026,World-Cup,Senior/Open,Senior,Male,Platform,Senior Men Platform,false,false,,,,criteria-simulator/data.js
WA-5019,World Aquatics Diving World Cup 2026 - Super Final,Senior Men Platform (Head-To-Head),Head-To-Head,WA-209ad056-b688-4a4e-b78a-439614c8ccd1,HRYTSENKO,Mark,5,255.1,UKR,UKR,UKR,2026,World-Cup,Senior/Open,Senior,Male,Platform,Senior Men Platform,false,false,,,,criteria-simulator/data.js
WA-5019,World Aquatics Diving World Cup 2026 - Super Final,Senior Men Platform (Head-To-Head),Head-To-Head,WA-ab9ea005-2bd6-4c22-82cf-bbf9275a35f3,SEREDA,Oleksii,6,241.8,UKR,UKR,UKR,2026,World-Cup,Senior/Open,Senior,Male,Platform,Senior Men Platform,false,false,,,,criteria-simulator/data.js
WA-5019,World Aquatics Diving World Cup 2026 - Super Final,Senior Men Platform (Head-To-Head),Head-To-Head,WA-06045885-36a8-4872-8640-c726a741ef97,MCCABE,Euan,7,233.8,GBR,GBR,GBR,2026,World-Cup,Senior/Open,Senior,Male,Platform,Senior Men Platform,false,false,,,,criteria-simulator/data.js
WA-5019,World Aquatics Diving World Cup 2026 - Super Final,Senior Men Platform (Head-To-Head),Head-To-Head,WA-608b9f19-6769-487c-8e10-efc2d4dad412,ROUSSEAU,Cassiel,8,232.8,AUS,AUS,AUS,2026,World-Cup,Senior/Open,Senior,Male,Platform,Senior Men Platform,false,false,,,,criteria-simulator/data.js
WA-5019,World Aquatics Diving World Cup 2026 - Super Final,Senior Men Platform (Head-To-Head),Head-To-Head,WA-e298a2f7-2576-496f-9d5f-5254d22141f0,BERLIN,REYES Kevin,9,217.3,MEX,MEX,MEX,2026,World-Cup,Senior/Open,Senior,Male,Platform,Senior Men Platform,false,false,,,,criteria-simulator/data.js
WA-5019,World Aquatics Diving World Cup 2026 - Super Final,Senior Men Platform (Head-To-Head),Head-To-Head,WA-01fd576f-d13f-4279-9dca-7bd481d8344f,CULLEN,Matt,10,200.2,CAN,CAN,CAN,2026,World-Cup,Senior/Open,Senior,Male,Platform,Senior Men Platform,false,false,,,,criteria-simulator/data.js
WA-5019,World Aquatics Diving World Cup 2026 - Super Final,Senior Men Platform (Head-To-Head),Head-To-Head,WA-bce51102-8bdd-4d8c-88c5-349ed4242695,MERCIECA,Jonah,11,199.1,AUS,AUS,AUS,2026,World-Cup,Senior/Open,Senior,Male,Platform,Senior Men Platform,false,false,,,,criteria-simulator/data.js
WA-5019,World Aquatics Diving World Cup 2026 - Super Final,Senior Men Platform (Head-To-Head),Head-To-Head,WA-f15599d8-6c10-4f2d-90ca-5a832439004e,TESSIER,Benjamin,12,189.05,CAN,CAN,CAN,2026,World-Cup,Senior/Open,Senior,Male,Platform,Senior Men Platform,false,false,,,,criteria-simulator/data.js
WA-5019,World Aquatics Diving World Cup 2026 - Super Final,Senior Men Synchronized 3m (Final),Final,WA-08d17e1c-94c2-4c56-bf2b-603eeba24f8c-3abd8d45-1c15-4bf9-94c8-7ebc1f3ec42e-1-CHN-1,WANG,Zongyuan / ZHENG Jiuyuan,1,460.68,CHN,CHN,CHN,2026,World-Cup,Senior/Open,Senior,Male,Synchro-3m,Synchro Senior Men Synchro-3m,true,false,,,,criteria-simulator/data.js
WA-5019,World Aquatics Diving World Cup 2026 - Super Final,Senior Men Synchronized 3m (Final),Final,WA-08d17e1c-94c2-4c56-bf2b-603eeba24f8c-3abd8d45-1c15-4bf9-94c8-7ebc1f3ec42e-2-MEX-2,CELAYA,HERNANDEZ Juan Manuel / OLVERA IBARRA Osmar,2,420.57,MEX,MEX,MEX,2026,World-Cup,Senior/Open,Senior,Male,Synchro-3m,Synchro Senior Men Synchro-3m,true,false,,,,criteria-simulator/data.js
WA-5019,World Aquatics Diving World Cup 2026 - Super Final,Senior Men Synchronized 3m (Final),Final,WA-08d17e1c-94c2-4c56-bf2b-603eeba24f8c-3abd8d45-1c15-4bf9-94c8-7ebc1f3ec42e-3-GBR-3,HARDING,Anthony / LAUGHER Jack,3,406.2,GBR,GBR,GBR,2026,World-Cup,Senior/Open,Senior,Male,Synchro-3m,Synchro Senior Men Synchro-3m,true,false,,,,criteria-simulator/data.js
WA-5019,World Aquatics Diving World Cup 2026 - Super Final,Senior Men Synchronized 3m (Final),Final,WA-08d17e1c-94c2-4c56-bf2b-603eeba24f8c-3abd8d45-1c15-4bf9-94c8-7ebc1f3ec42e-4-UKR-4,BOLIUKH,Kirill / OLIFERCHYK Stanislav,4,396.54,UKR,UKR,UKR,2026,World-Cup,Senior/Open,Senior,Male,Synchro-3m,Synchro Senior Men Synchro-3m,true,false,,,,criteria-simulator/data.js
WA-5019,World Aquatics Diving World Cup 2026 - Super Final,Senior Men Synchronized 3m (Final),Final,WA-08d17e1c-94c2-4c56-bf2b-603eeba24f8c-3abd8d45-1c15-4bf9-94c8-7ebc1f3ec42e-5-CAN-5,ZSOMBOR-MURRAY,Nathan / PAUL Carson,5,389.88,CAN,CAN,CAN,2026,World-Cup,Senior/Open,Senior,Male,Synchro-3m,Synchro Senior Men Synchro-3m,true,false,,,,criteria-simulator/data.js
WA-5019,World Aquatics Diving World Cup 2026 - Super Final,Senior Men Synchronized 3m (Final),Final,WA-08d17e1c-94c2-4c56-bf2b-603eeba24f8c-3abd8d45-1c15-4bf9-94c8-7ebc1f3ec42e-6-GER-6,SCHAUER,Jonathan Gisbert / MASSENBERG Lou Noel Guy,6,383.55,GER,GER,GER,2026,World-Cup,Senior/Open,Senior,Male,Synchro-3m,Synchro Senior Men Synchro-3m,true,false,,,,criteria-simulator/data.js
WA-5019,World Aquatics Diving World Cup 2026 - Super Final,Senior Men Synchronized 3m (Final),Final,WA-08d17e1c-94c2-4c56-bf2b-603eeba24f8c-3abd8d45-1c15-4bf9-94c8-7ebc1f3ec42e-7-JPN-7,IKUMA,Senri / SUYAMA Haruki,7,378.51,JPN,JPN,JPN,2026,World-Cup,Senior/Open,Senior,Male,Synchro-3m,Synchro Senior Men Synchro-3m,true,false,,,,criteria-simulator/data.js
WA-5019,World Aquatics Diving World Cup 2026 - Super Final,Senior Men Synchronized 3m (Final),Final,WA-08d17e1c-94c2-4c56-bf2b-603eeba24f8c-3abd8d45-1c15-4bf9-94c8-7ebc1f3ec42e-8-ITA-8,MARSAGLIA,Lorenzo / TOCCI Giovanni,8,376.26,ITA,ITA,ITA,2026,World-Cup,Senior/Open,Senior,Male,Synchro-3m,Synchro Senior Men Synchro-3m,true,false,,,,criteria-simulator/data.js
WA-5019,World Aquatics Diving World Cup 2026 - Super Final,Senior Men Synchronized Platform (Final),Final,WA-f86bd80d-a342-40f7-a521-90a50ad9d5c5-3abd8d45-1c15-4bf9-94c8-7ebc1f3ec42e-1-CHN-1,ZHAO,Renjie / YANG Zhihao,1,448.68,CHN,CHN,CHN,2026,World-Cup,Senior/Open,Senior,Male,Synchro-Platform,Synchro Senior Men Synchro-Platform,true,false,,,,criteria-simulator/data.js
WA-5019,World Aquatics Diving World Cup 2026 - Super Final,Senior Men Synchronized Platform (Final),Final,WA-f86bd80d-a342-40f7-a521-90a50ad9d5c5-3abd8d45-1c15-4bf9-94c8-7ebc1f3ec42e-2-UKR-2,HRYTSENKO,Mark / SEREDA Oleksii,2,404.28,UKR,UKR,UKR,2026,World-Cup,Senior/Open,Senior,Male,Synchro-Platform,Synchro Senior Men Synchro-Platform,true,false,,,,criteria-simulator/data.js
WA-5019,World Aquatics Diving World Cup 2026 - Super Final,Senior Men Synchronized Platform (Final),Final,WA-f86bd80d-a342-40f7-a521-90a50ad9d5c5-3abd8d45-1c15-4bf9-94c8-7ebc1f3ec42e-3-MEX-3,BERLIN,REYES Kevin / WILLARS VALDEZ Randal,3,403.02,MEX,MEX,MEX,2026,World-Cup,Senior/Open,Senior,Male,Synchro-Platform,Synchro Senior Men Synchro-Platform,true,false,,,,criteria-simulator/data.js
WA-5019,World Aquatics Diving World Cup 2026 - Super Final,Senior Men Synchronized Platform (Final),Final,WA-f86bd80d-a342-40f7-a521-90a50ad9d5c5-3abd8d45-1c15-4bf9-94c8-7ebc1f3ec42e-4-GBR-4,MCCABE,Euan / CUTMORE Ben,4,377.34,GBR,GBR,GBR,2026,World-Cup,Senior/Open,Senior,Male,Synchro-Platform,Synchro Senior Men Synchro-Platform,true,false,,,,criteria-simulator/data.js
WA-5019,World Aquatics Diving World Cup 2026 - Super Final,Senior Men Synchronized Platform (Final),Final,WA-f86bd80d-a342-40f7-a521-90a50ad9d5c5-3abd8d45-1c15-4bf9-94c8-7ebc1f3ec42e-5-CAN-5,CULLEN,Matt / TESSIER Benjamin,5,375.42,CAN,CAN,CAN,2026,World-Cup,Senior/Open,Senior,Male,Synchro-Platform,Synchro Senior Men Synchro-Platform,true,false,,,,criteria-simulator/data.js
WA-5019,World Aquatics Diving World Cup 2026 - Super Final,Senior Men Synchronized Platform (Final),Final,WA-f86bd80d-a342-40f7-a521-90a50ad9d5c5-3abd8d45-1c15-4bf9-94c8-7ebc1f3ec42e-6-ITA-6,GIOVANNINI,Riccardo / CONTE Simone,6,370.74,ITA,ITA,ITA,2026,World-Cup,Senior/Open,Senior,Male,Synchro-Platform,Synchro Senior Men Synchro-Platform,true,false,,,,criteria-simulator/data.js
WA-5019,World Aquatics Diving World Cup 2026 - Super Final,Senior Men Synchronized Platform (Final),Final,WA-f86bd80d-a342-40f7-a521-90a50ad9d5c5-3abd8d45-1c15-4bf9-94c8-7ebc1f3ec42e-7-AUS-7,MERCIECA,Jonah / ROUSSEAU Cassiel,7,368.01,AUS,AUS,AUS,2026,World-Cup,Senior/Open,Senior,Male,Synchro-Platform,Synchro Senior Men Synchro-Platform,true,false,,,,criteria-simulator/data.js
WA-5019,World Aquatics Diving World Cup 2026 - Super Final,Senior Men Synchronized Platform (Final),Final,WA-f86bd80d-a342-40f7-a521-90a50ad9d5c5-3abd8d45-1c15-4bf9-94c8-7ebc1f3ec42e-8-RUS-8,SHLEIKHER,Nikita / TERNOVOI Ruslan,8,354.57,RUS,RUS,RUS,2026,World-Cup,Senior/Open,Senior,Male,Synchro-Platform,Synchro Senior Men Synchro-Platform,true,false,,,,criteria-simulator/data.js
WA-5019,World Aquatics Diving World Cup 2026 - Super Final,Senior Men 3m (Final),Final,WA-f981457d-1f4a-4cc4-a53e-00f569878860-3abd8d45-1c15-4bf9-94c8-7ebc1f3ec42e-1-CHN-1,LIU,Chengzan / LIN Shan / LU Wei / BAI Yuming,1,463.7,CHN,CHN,CHN,2026,World-Cup,Senior/Open,Senior,Mixed,3M,Senior Mixed 3M,false,false,,,,criteria-simulator/data.js
WA-5019,World Aquatics Diving World Cup 2026 - Super Final,Senior Men 3m (Final),Final,WA-f981457d-1f4a-4cc4-a53e-00f569878860-3abd8d45-1c15-4bf9-94c8-7ebc1f3ec42e-2-MEX-2,VAZQUEZ,MONTANO Aranza / ESTUDILLO TORRES Alejandra / OLVERA IBARRA Osmar / WILLARS VALDEZ Randal,2,422.5,MEX,MEX,MEX,2026,World-Cup,Senior/Open,Senior,Mixed,3M,Senior Mixed 3M,false,false,,,,criteria-simulator/data.js
WA-5019,World Aquatics Diving World Cup 2026 - Super Final,Senior Men 3m (Final),Final,WA-f981457d-1f4a-4cc4-a53e-00f569878860-3abd8d45-1c15-4bf9-94c8-7ebc1f3ec42e-3-AUS-3,KEENEY,Maddison / COLE Ellie / ROUSSEAU Cassiel,3,410.45,AUS,AUS,AUS,2026,World-Cup,Senior/Open,Senior,Mixed,3M,Senior Mixed 3M,false,false,,,,criteria-simulator/data.js
WA-5019,World Aquatics Diving World Cup 2026 - Super Final,Senior Men 3m (Final),Final,WA-f981457d-1f4a-4cc4-a53e-00f569878860-3abd8d45-1c15-4bf9-94c8-7ebc1f3ec42e-4-CAN-4,CULLEN,Matt / VALLEE Mia / ZSOMBOR-MURRAY Nathan / FUNG Katelyn,4,408.5,CAN,CAN,CAN,2026,World-Cup,Senior/Open,Senior,Mixed,3M,Senior Mixed 3M,false,false,,,,criteria-simulator/data.js
WA-5019,World Aquatics Diving World Cup 2026 - Super Final,Senior Men 3m (Final),Final,WA-f981457d-1f4a-4cc4-a53e-00f569878860-3abd8d45-1c15-4bf9-94c8-7ebc1f3ec42e-5-RUS-5,SHLEIKHER,Nikita / TERNOVOI Ruslan / KLIUEVA Uliana / KAZANTSEVA Viktoria,5,405.2,RUS,RUS,RUS,2026,World-Cup,Senior/Open,Senior,Mixed,3M,Senior Mixed 3M,false,false,,,,criteria-simulator/data.js
WA-5019,World Aquatics Diving World Cup 2026 - Super Final,Senior Men 3m (Final),Final,WA-f981457d-1f4a-4cc4-a53e-00f569878860-3abd8d45-1c15-4bf9-94c8-7ebc1f3ec42e-6-UKR-6,BOCHEK,Kseniia / BOLIUKH Kirill / SEREDA Oleksii / BAILO Kseniia,6,401.6,UKR,UKR,UKR,2026,World-Cup,Senior/Open,Senior,Mixed,3M,Senior Mixed 3M,false,false,,,,criteria-simulator/data.js
WA-5019,World Aquatics Diving World Cup 2026 - Super Final,Senior Men 3m (Final),Final,WA-f981457d-1f4a-4cc4-a53e-00f569878860-3abd8d45-1c15-4bf9-94c8-7ebc1f3ec42e-7-ITA-7,GIOVANNINI,Riccardo / JODOIN DI MARIA Sarah / CONTE Simone / PIZZINI Elisa,7,366.6,ITA,ITA,ITA,2026,World-Cup,Senior/Open,Senior,Mixed,3M,Senior Mixed 3M,false,false,,,,criteria-simulator/data.js
WA-5019,World Aquatics Diving World Cup 2026 - Super Final,Senior Men 3m (Final),Final,WA-f981457d-1f4a-4cc4-a53e-00f569878860-3abd8d45-1c15-4bf9-94c8-7ebc1f3ec42e-8-USA-8,MCAFEE,Sophia / RYAN Jack / VERZYL Sophia / TYLER Carson,8,360.7,USA,USA,USA,2026,World-Cup,Senior/Open,Senior,Mixed,3M,Senior Mixed 3M,false,false,,,,criteria-simulator/data.js
10197,2024 U.S. Olympic Team Trials - Diving,Senior Women Synchronized 3m (Prelim),Prelim,10072,Kassidy,Cook,1,311.55,,UnattachedUnattached,,2024,Olympic-Trials,Senior/Open,,Female,Synchro-3m,Synchro Senior Women Synchro-3m,true,false,,,,criteria-simulator/data.js
10197,2024 U.S. Olympic Team Trials - Diving,Senior Women Synchronized 3m (Prelim),Prelim,25593,Alison,Gibson,2,300.33,1333,Longhorn Aquatics,,2024,Olympic-Trials,Senior/Open,,Female,Synchro-3m,Synchro Senior Women Synchro-3m,true,false,,,,criteria-simulator/data.js
10197,2024 U.S. Olympic Team Trials - Diving,Senior Women Synchronized 3m (Prelim),Prelim,51576,Kyndal,Knight,3,263.4,1157,Kentucky Diving Club,,2024,Olympic-Trials,Senior/Open,,Female,Synchro-3m,Synchro Senior Women Synchro-3m,true,false,,,,criteria-simulator/data.js
10197,2024 U.S. Olympic Team Trials - Diving,Senior Women Synchronized 3m (Prelim),Prelim,41444,Lily,Witte,4,247.71,8404,Johansen Diving Academy,,2024,Olympic-Trials,Senior/Open,,Female,Synchro-3m,Synchro Senior Women Synchro-3m,true,false,,,,criteria-simulator/data.js
10197,2024 U.S. Olympic Team Trials - Diving,Senior Women Synchronized 3m (Prelim),Prelim,28384,Anne,Fowler,5,234.24,8404,Johansen Diving Academy,,2024,Olympic-Trials,Senior/Open,,Female,Synchro-3m,Synchro Senior Women Synchro-3m,true,false,,,,criteria-simulator/data.js
10197,2024 U.S. Olympic Team Trials - Diving,Senior Women Synchronized 3m (Prelim),Prelim,64569,Ella,Roselli,6,224.67,8404,Johansen Diving Academy,,2024,Olympic-Trials,Senior/Open,,Female,Synchro-3m,Synchro Senior Women Synchro-3m,true,false,,,,criteria-simulator/data.js
10197,2024 U.S. Olympic Team Trials - Diving,Senior Women Synchronized 3m (Final),Final,10072,Kassidy,Cook,1,629.82,,UnattachedUnattached,,2024,Olympic-Trials,Senior/Open,,Female,Synchro-3m,Synchro Senior Women Synchro-3m,true,false,,,,criteria-simulator/data.js
10197,2024 U.S. Olympic Team Trials - Diving,Senior Women Synchronized 3m (Final),Final,25593,Alison,Gibson,2,599.49,1333,Longhorn Aquatics,,2024,Olympic-Trials,Senior/Open,,Female,Synchro-3m,Synchro Senior Women Synchro-3m,true,false,,,,criteria-simulator/data.js
10197,2024 U.S. Olympic Team Trials - Diving,Senior Women Synchronized 3m (Final),Final,51576,Kyndal,Knight,3,532.2,1157,Kentucky Diving Club,,2024,Olympic-Trials,Senior/Open,,Female,Synchro-3m,Synchro Senior Women Synchro-3m,true,false,,,,criteria-simulator/data.js
10197,2024 U.S. Olympic Team Trials - Diving,Senior Women Synchronized 3m (Final),Final,41444,Lily,Witte,4,504.84,8404,Johansen Diving Academy,,2024,Olympic-Trials,Senior/Open,,Female,Synchro-3m,Synchro Senior Women Synchro-3m,true,false,,,,criteria-simulator/data.js
10197,2024 U.S. Olympic Team Trials - Diving,Senior Women Synchronized 3m (Final),Final,28384,Anne,Fowler,5,498.63,8404,Johansen Diving Academy,,2024,Olympic-Trials,Senior/Open,,Female,Synchro-3m,Synchro Senior Women Synchro-3m,true,false,,,,criteria-simulator/data.js
10197,2024 U.S. Olympic Team Trials - Diving,Senior Women Synchronized 3m (Final),Final,64569,Ella,Roselli,6,462.0,8404,Johansen Diving Academy,,2024,Olympic-Trials,Senior/Open,,Female,Synchro-3m,Synchro Senior Women Synchro-3m,true,false,,,,criteria-simulator/data.js
10197,2024 U.S. Olympic Team Trials - Diving,Senior Women Synchronized Platform (Prelim),Prelim,24838,Delaney,Schnell,1,303.9,8404,Johansen Diving Academy,,2024,Olympic-Trials,Senior/Open,,Female,Synchro-Platform,Synchro Senior Women Synchro-Platform,true,false,,,,criteria-simulator/data.js
10197,2024 U.S. Olympic Team Trials - Diving,Senior Women Synchronized Platform (Prelim),Prelim,59496,Gabrielle,Filzen,2,245.88,5532,RipFest,,2024,Olympic-Trials,Senior/Open,,Female,Synchro-Platform,Synchro Senior Women Synchro-Platform,true,false,,,,criteria-simulator/data.js
10197,2024 U.S. Olympic Team Trials - Diving,Senior Women Synchronized Platform (Prelim),Prelim,53351,Emilie,Moore,3,235.59,5526,Coral Springs Diving,,2024,Olympic-Trials,Senior/Open,,Female,Synchro-Platform,Synchro Senior Women Synchro-Platform,true,false,,,,criteria-simulator/data.js
10197,2024 U.S. Olympic Team Trials - Diving,Senior Women Synchronized Platform (Prelim),Prelim,34064,Katerina,Hoffman,4,220.44,8543,Knight Diving Academy,,2024,Olympic-Trials,Senior/Open,,Female,Synchro-Platform,Synchro Senior Women Synchro-Platform,true,false,,,,criteria-simulator/data.js
10197,2024 U.S. Olympic Team Trials - Diving,Senior Women Synchronized Platform (Final),Final,24838,Delaney,Schnell,1,607.14,8404,Johansen Diving Academy,,2024,Olympic-Trials,Senior/Open,,Female,Synchro-Platform,Synchro Senior Women Synchro-Platform,true,false,,,,criteria-simulator/data.js
10197,2024 U.S. Olympic Team Trials - Diving,Senior Women Synchronized Platform (Final),Final,59496,Gabrielle,Filzen,2,494.13,5532,RipFest,,2024,Olympic-Trials,Senior/Open,,Female,Synchro-Platform,Synchro Senior Women Synchro-Platform,true,false,,,,criteria-simulator/data.js
10197,2024 U.S. Olympic Team Trials - Diving,Senior Women Synchronized Platform (Final),Final,53351,Emilie,Moore,3,477.39,5526,Coral Springs Diving,,2024,Olympic-Trials,Senior/Open,,Female,Synchro-Platform,Synchro Senior Women Synchro-Platform,true,false,,,,criteria-simulator/data.js
10197,2024 U.S. Olympic Team Trials - Diving,Senior Women Synchronized Platform (Final),Final,34064,Katerina,Hoffman,4,458.43,8543,Knight Diving Academy,,2024,Olympic-Trials,Senior/Open,,Female,Synchro-Platform,Synchro Senior Women Synchro-Platform,true,false,,,,criteria-simulator/data.js
10197,2024 U.S. Olympic Team Trials - Diving,Senior Men Synchronized 3m (Prelim),Prelim,27663,Gregory,Duncan,1,404.1,7215,Purdue Diving,,2024,Olympic-Trials,Senior/Open,,Male,Synchro-3m,Synchro Senior Men Synchro-3m,true,false,,,,criteria-simulator/data.js
10197,2024 U.S. Olympic Team Trials - Diving,Senior Men Synchronized 3m (Prelim),Prelim,44506,Quentin,Henninger,2,403.95,8404,Johansen Diving Academy,,2024,Olympic-Trials,Senior/Open,,Male,Synchro-3m,Synchro Senior Men Synchro-3m,true,false,,,,criteria-simulator/data.js
10197,2024 U.S. Olympic Team Trials - Diving,Senior Men Synchronized 3m (Prelim),Prelim,38444,Jack,Ryan,3,397.41,1054,Stanford Diving,,2024,Olympic-Trials,Senior/Open,,Male,Synchro-3m,Synchro Senior Men Synchro-3m,true,false,,,,criteria-simulator/data.js
10197,2024 U.S. Olympic Team Trials - Diving,Senior Men Synchronized 3m (Prelim),Prelim,36090,Maxwell,Miller,4,338.97,7215,Purdue Diving,,2024,Olympic-Trials,Senior/Open,,Male,Synchro-3m,Synchro Senior Men Synchro-3m,true,false,,,,criteria-simulator/data.js
10197,2024 U.S. Olympic Team Trials - Diving,Senior Men Synchronized 3m (Prelim),Prelim,45619,Joshua,Sollenberger,5,331.14,5345,The Indiana International School of Diving,,2024,Olympic-Trials,Senior/Open,,Male,Synchro-3m,Synchro Senior Men Synchro-3m,true,false,,,,criteria-simulator/data.js
10197,2024 U.S. Olympic Team Trials - Diving,Senior Men Synchronized 3m (Prelim),Prelim,46629,Zachary,Welsh,6,329.43,1043,Mission Viejo Nadadores Dive,,2024,Olympic-Trials,Senior/Open,,Male,Synchro-3m,Synchro Senior Men Synchro-3m,true,false,,,,criteria-simulator/data.js
10197,2024 U.S. Olympic Team Trials - Diving,Senior Men Synchronized 3m (Final),Final,27663,Gregory,Duncan,1,811.41,7215,Purdue Diving,,2024,Olympic-Trials,Senior/Open,,Male,Synchro-3m,Synchro Senior Men Synchro-3m,true,false,,,,criteria-simulator/data.js
10197,2024 U.S. Olympic Team Trials - Diving,Senior Men Synchronized 3m (Final),Final,44506,Quentin,Henninger,2,809.04,8404,Johansen Diving Academy,,2024,Olympic-Trials,Senior/Open,,Male,Synchro-3m,Synchro Senior Men Synchro-3m,true,false,,,,criteria-simulator/data.js
10197,2024 U.S. Olympic Team Trials - Diving,Senior Men Synchronized 3m (Final),Final,38444,Jack,Ryan,3,795.51,1054,Stanford Diving,,2024,Olympic-Trials,Senior/Open,,Male,Synchro-3m,Synchro Senior Men Synchro-3m,true,false,,,,criteria-simulator/data.js
10197,2024 U.S. Olympic Team Trials - Diving,Senior Men Synchronized 3m (Final),Final,36090,Maxwell,Miller,4,689.46,7215,Purdue Diving,,2024,Olympic-Trials,Senior/Open,,Male,Synchro-3m,Synchro Senior Men Synchro-3m,true,false,,,,criteria-simulator/data.js
10197,2024 U.S. Olympic Team Trials - Diving,Senior Men Synchronized 3m (Final),Final,46629,Zachary,Welsh,5,671.04,1043,Mission Viejo Nadadores Dive,,2024,Olympic-Trials,Senior/Open,,Male,Synchro-3m,Synchro Senior Men Synchro-3m,true,false,,,,criteria-simulator/data.js
10197,2024 U.S. Olympic Team Trials - Diving,Senior Men Synchronized 3m (Final),Final,45619,Joshua,Sollenberger,6,665.43,5345,The Indiana International School of Diving,,2024,Olympic-Trials,Senior/Open,,Male,Synchro-3m,Synchro Senior Men Synchro-3m,true,false,,,,criteria-simulator/data.js
10197,2024 U.S. Olympic Team Trials - Diving,Senior Women 3m (Prelim),Prelim,12967,Sarah,Bacon,1,300.85,,Unattached,,2024,Olympic-Trials,Senior,Senior,Female,3M,Senior Women 3M,false,false,,,,criteria-simulator/data.js
10197,2024 U.S. Olympic Team Trials - Diving,Senior Women 3m (Prelim),Prelim,17547,Kristen,Hayden,2,300.6,8404,Johansen Diving Academy,,2024,Olympic-Trials,Senior,Senior,Female,3M,Senior Women 3M,false,false,,,,criteria-simulator/data.js
10197,2024 U.S. Olympic Team Trials - Diving,Senior Women 3m (Prelim),Prelim,43980,Sophie,Verzyl,3,300.45,5532,RipFest,,2024,Olympic-Trials,Senior,Senior,Female,3M,Senior Women 3M,false,false,,,,criteria-simulator/data.js
10197,2024 U.S. Olympic Team Trials - Diving,Senior Women 3m (Prelim),Prelim,51576,Kyndal,Knight,4,297.3,1157,Kentucky Diving Club,,2024,Olympic-Trials,Senior,Senior,Female,3M,Senior Women 3M,false,false,,,,criteria-simulator/data.js
10197,2024 U.S. Olympic Team Trials - Diving,Senior Women 3m (Prelim),Prelim,34180,Hailey,Hernandez,5,293.1,1333,Longhorn Aquatics,,2024,Olympic-Trials,Senior,Senior,Female,3M,Senior Women 3M,false,false,,,,criteria-simulator/data.js
10197,2024 U.S. Olympic Team Trials - Diving,Senior Women 3m (Prelim),Prelim,28384,Anne,Fowler,6,287.9,8404,Johansen Diving Academy,,2024,Olympic-Trials,Senior,Senior,Female,3M,Senior Women 3M,false,false,,,,criteria-simulator/data.js
10197,2024 U.S. Olympic Team Trials - Diving,Senior Women 3m (Prelim),Prelim,39303,Krysta,Palmer,7,284.7,,Unattached,,2024,Olympic-Trials,Senior,Senior,Female,3M,Senior Women 3M,false,false,,,,criteria-simulator/data.js
10197,2024 U.S. Olympic Team Trials - Diving,Senior Women 3m (Prelim),Prelim,65393,Anna,Kwong,8,282.35,,Unattached,,2024,Olympic-Trials,Senior,Senior,Female,3M,Senior Women 3M,false,false,,,,criteria-simulator/data.js
10197,2024 U.S. Olympic Team Trials - Diving,Senior Women 3m (Prelim),Prelim,25593,Alison,Gibson,9,275.25,1333,Longhorn Aquatics,,2024,Olympic-Trials,Senior,Senior,Female,3M,Senior Women 3M,false,false,,,,criteria-simulator/data.js
10197,2024 U.S. Olympic Team Trials - Diving,Senior Women 3m (Prelim),Prelim,16213,Carolina,Sculti,10,270.45,1043,Mission Viejo Nadadores Dive,,2024,Olympic-Trials,Senior,Senior,Female,3M,Senior Women 3M,false,false,,,,criteria-simulator/data.js
10197,2024 U.S. Olympic Team Trials - Diving,Senior Women 3m (Prelim),Prelim,38142,Avery,Worobel,11,269.3,7215,Purdue Diving,,2024,Olympic-Trials,Senior,Senior,Female,3M,Senior Women 3M,false,false,,,,criteria-simulator/data.js
10197,2024 U.S. Olympic Team Trials - Diving,Senior Women 3m (Prelim),Prelim,47676,Joslyn,Oakley,12,262.8,,Unattached,,2024,Olympic-Trials,Senior,Senior,Female,3M,Senior Women 3M,false,false,,,,criteria-simulator/data.js
10197,2024 U.S. Olympic Team Trials - Diving,Senior Women 3m (Prelim),Prelim,11367,Samantha,Pickens,13,262.1,1317,City of Midland,,2024,Olympic-Trials,Senior,Senior,Female,3M,Senior Women 3M,false,false,,,,criteria-simulator/data.js
10197,2024 U.S. Olympic Team Trials - Diving,Senior Women 3m (Prelim),Prelim,27296,Margo,OMeara,14,234.8,,Unattached,,2024,Olympic-Trials,Senior,Senior,Female,3M,Senior Women 3M,false,false,,,,criteria-simulator/data.js
10197,2024 U.S. Olympic Team Trials - Diving,Senior Women 3m (Prelim),Prelim,40720,Samantha,Vear,15,223.25,,Unattached,,2024,Olympic-Trials,Senior,Senior,Female,3M,Senior Women 3M,false,false,,,,criteria-simulator/data.js
10197,2024 U.S. Olympic Team Trials - Diving,Senior Women 3m (Prelim),Prelim,32686,Paige,Burrell,16,194.9,,Unattached,,2024,Olympic-Trials,Senior,Senior,Female,3M,Senior Women 3M,false,false,,,,criteria-simulator/data.js
10197,2024 U.S. Olympic Team Trials - Diving,Senior Women 3m (Prelim),Prelim,51090,Jenna,Jagielski,17,154.0,,Unattached,,2024,Olympic-Trials,Senior,Senior,Female,3M,Senior Women 3M,false,false,,,,criteria-simulator/data.js
10197,2024 U.S. Olympic Team Trials - Diving,Senior Women 3m (Semifinal),Semifinal,12967,Sarah,Bacon,1,341.25,,Unattached,,2024,Olympic-Trials,Senior,Senior,Female,3M,Senior Women 3M,false,false,,,,criteria-simulator/data.js
10197,2024 U.S. Olympic Team Trials - Diving,Senior Women 3m (Semifinal),Semifinal,25593,Alison,Gibson,2,317.7,1333,Longhorn Aquatics,,2024,Olympic-Trials,Senior,Senior,Female,3M,Senior Women 3M,false,false,,,,criteria-simulator/data.js
10197,2024 U.S. Olympic Team Trials - Diving,Senior Women 3m (Semifinal),Semifinal,43980,Sophie,Verzyl,3,313.55,5532,RipFest,,2024,Olympic-Trials,Senior,Senior,Female,3M,Senior Women 3M,false,false,,,,criteria-simulator/data.js
10197,2024 U.S. Olympic Team Trials - Diving,Senior Women 3m (Semifinal),Semifinal,39303,Krysta,Palmer,4,299.3,,Unattached,,2024,Olympic-Trials,Senior,Senior,Female,3M,Senior Women 3M,false,false,,,,criteria-simulator/data.js
10197,2024 U.S. Olympic Team Trials - Diving,Senior Women 3m (Semifinal),Semifinal,51576,Kyndal,Knight,5,290.1,1157,Kentucky Diving Club,,2024,Olympic-Trials,Senior,Senior,Female,3M,Senior Women 3M,false,false,,,,criteria-simulator/data.js
10197,2024 U.S. Olympic Team Trials - Diving,Senior Women 3m (Semifinal),Semifinal,17547,Kristen,Hayden,6,289.7,8404,Johansen Diving Academy,,2024,Olympic-Trials,Senior,Senior,Female,3M,Senior Women 3M,false,false,,,,criteria-simulator/data.js
10197,2024 U.S. Olympic Team Trials - Diving,Senior Women 3m (Semifinal),Semifinal,28384,Anne,Fowler,7,287.8,8404,Johansen Diving Academy,,2024,Olympic-Trials,Senior,Senior,Female,3M,Senior Women 3M,false,false,,,,criteria-simulator/data.js
10197,2024 U.S. Olympic Team Trials - Diving,Senior Women 3m (Semifinal),Semifinal,11367,Samantha,Pickens,8,285.35,1317,City of Midland,,2024,Olympic-Trials,Senior,Senior,Female,3M,Senior Women 3M,false,false,,,,criteria-simulator/data.js
10197,2024 U.S. Olympic Team Trials - Diving,Senior Women 3m (Semifinal),Semifinal,34180,Hailey,Hernandez,9,283.8,1333,Longhorn Aquatics,,2024,Olympic-Trials,Senior,Senior,Female,3M,Senior Women 3M,false,false,,,,criteria-simulator/data.js
10197,2024 U.S. Olympic Team Trials - Diving,Senior Women 3m (Semifinal),Semifinal,27296,Margo,OMeara,10,278.1,,Unattached,,2024,Olympic-Trials,Senior,Senior,Female,3M,Senior Women 3M,false,false,,,,criteria-simulator/data.js
10197,2024 U.S. Olympic Team Trials - Diving,Senior Women 3m (Semifinal),Semifinal,40720,Samantha,Vear,11,262.95,,Unattached,,2024,Olympic-Trials,Senior,Senior,Female,3M,Senior Women 3M,false,false,,,,criteria-simulator/data.js
10197,2024 U.S. Olympic Team Trials - Diving,Senior Women 3m (Semifinal),Semifinal,65393,Anna,Kwong,12,254.05,,Unattached,,2024,Olympic-Trials,Senior,Senior,Female,3M,Senior Women 3M,false,false,,,,criteria-simulator/data.js
10197,2024 U.S. Olympic Team Trials - Diving,Senior Women 3m (Semifinal),Semifinal,16213,Carolina,Sculti,13,250.7,1043,Mission Viejo Nadadores Dive,,2024,Olympic-Trials,Senior,Senior,Female,3M,Senior Women 3M,false,false,,,,criteria-simulator/data.js
10197,2024 U.S. Olympic Team Trials - Diving,Senior Women 3m (Semifinal),Semifinal,38142,Avery,Worobel,14,243.9,7215,Purdue Diving,,2024,Olympic-Trials,Senior,Senior,Female,3M,Senior Women 3M,false,false,,,,criteria-simulator/data.js
10197,2024 U.S. Olympic Team Trials - Diving,Senior Women 3m (Semifinal),Semifinal,32686,Paige,Burrell,15,217.6,,Unattached,,2024,Olympic-Trials,Senior,Senior,Female,3M,Senior Women 3M,false,false,,,,criteria-simulator/data.js
10197,2024 U.S. Olympic Team Trials - Diving,Senior Women 3m (Semifinal),Semifinal,51090,Jenna,Jagielski,16,209.85,,Unattached,,2024,Olympic-Trials,Senior,Senior,Female,3M,Senior Women 3M,false,false,,,,criteria-simulator/data.js
10197,2024 U.S. Olympic Team Trials - Diving,Senior Women 3m (Semifinal),Semifinal,47676,Joslyn,Oakley,17,78.0,,Unattached,,2024,Olympic-Trials,Senior,Senior,Female,3M,Senior Women 3M,false,false,,,,criteria-simulator/data.js
10197,2024 U.S. Olympic Team Trials - Diving,Senior Men Platform (Prelim),Prelim,38973,Carson,Tyler,1,421.6,8404,Johansen Diving Academy,,2024,Olympic-Trials,Senior,Senior,Male,Platform,Senior Men Platform,false,false,,,,criteria-simulator/data.js
10197,2024 U.S. Olympic Team Trials - Diving,Senior Men Platform (Prelim),Prelim,25208,Brandon,Loschiavo,2,410.3,7215,Purdue Diving,,2024,Olympic-Trials,Senior,Senior,Male,Platform,Senior Men Platform,false,false,,,,criteria-simulator/data.js
10197,2024 U.S. Olympic Team Trials - Diving,Senior Men Platform (Prelim),Prelim,49903,Joshua,Hedberg,3,402.7,5345,The Indiana International School of Diving,,2024,Olympic-Trials,Senior,Senior,Male,Platform,Senior Men Platform,false,false,,,,criteria-simulator/data.js
10197,2024 U.S. Olympic Team Trials - Diving,Senior Men Platform (Prelim),Prelim,13795,Zachary,Cooper,4,394.45,1090,Miami Diving,,2024,Olympic-Trials,Senior,Senior,Male,Platform,Senior Men Platform,false,false,,,,criteria-simulator/data.js
10197,2024 U.S. Olympic Team Trials - Diving,Senior Men Platform (Prelim),Prelim,64745,Andrew,Bennett,5,392.65,,Unattached,,2024,Olympic-Trials,Senior,Senior,Male,Platform,Senior Men Platform,false,false,,,,criteria-simulator/data.js
10197,2024 U.S. Olympic Team Trials - Diving,Senior Men Platform (Prelim),Prelim,40283,Jordan,Rzepka,6,363.9,7215,Purdue Diving,,2024,Olympic-Trials,Senior,Senior,Male,Platform,Senior Men Platform,false,false,,,,criteria-simulator/data.js
10197,2024 U.S. Olympic Team Trials - Diving,Senior Men Platform (Prelim),Prelim,51233,Tyler,Wills,7,351.85,7215,Purdue Diving,,2024,Olympic-Trials,Senior,Senior,Male,Platform,Senior Men Platform,false,false,,,,criteria-simulator/data.js
10197,2024 U.S. Olympic Team Trials - Diving,Senior Men Platform (Prelim),Prelim,40067,Maxwell,Weinrich,8,350.15,8404,Johansen Diving Academy,,2024,Olympic-Trials,Senior,Senior,Male,Platform,Senior Men Platform,false,false,,,,criteria-simulator/data.js
10197,2024 U.S. Olympic Team Trials - Diving,Senior Men Platform (Prelim),Prelim,59887,Kaden,Springfield,9,349.7,7215,Purdue Diving,,2024,Olympic-Trials,Senior,Senior,Male,Platform,Senior Men Platform,false,false,,,,criteria-simulator/data.js
10197,2024 U.S. Olympic Team Trials - Diving,Senior Men Platform (Prelim),Prelim,34255,Joshua,Thai,10,341.35,,Unattached,,2024,Olympic-Trials,Senior,Senior,Male,Platform,Senior Men Platform,false,false,,,,criteria-simulator/data.js
10197,2024 U.S. Olympic Team Trials - Diving,Senior Men Platform (Prelim),Prelim,23733,Maxwell,Flory,11,328.3,1090,Miami Diving,,2024,Olympic-Trials,Senior,Senior,Male,Platform,Senior Men Platform,false,false,,,,criteria-simulator/data.js
10197,2024 U.S. Olympic Team Trials - Diving,Senior Men Platform (Prelim),Prelim,40708,Misha,Andriyuk,12,304.25,1054,Stanford Diving,,2024,Olympic-Trials,Senior,Senior,Male,Platform,Senior Men Platform,false,false,,,,criteria-simulator/data.js
10197,2024 U.S. Olympic Team Trials - Diving,Senior Men Platform (Prelim),Prelim,33268,Benedict,Nguyen,13,299.4,,Unattached,,2024,Olympic-Trials,Senior,Senior,Male,Platform,Senior Men Platform,false,false,,,,criteria-simulator/data.js
10197,2024 U.S. Olympic Team Trials - Diving,Senior Men Platform (Prelim),Prelim,41395,Clayton,Chaplin,14,297.05,,Unattached,,2024,Olympic-Trials,Senior,Senior,Male,Platform,Senior Men Platform,false,false,,,,criteria-simulator/data.js
10197,2024 U.S. Olympic Team Trials - Diving,Senior Men Platform (Prelim),Prelim,50623,Aidan,Wang,15,280.6,,Unattached,,2024,Olympic-Trials,Senior,Senior,Male,Platform,Senior Men Platform,false,false,,,,criteria-simulator/data.js
10197,2024 U.S. Olympic Team Trials - Diving,Senior Men Platform (Prelim),Prelim,65361,Collier,Dyer,16,268.15,,Unattached,,2024,Olympic-Trials,Senior,Senior,Male,Platform,Senior Men Platform,false,false,,,,criteria-simulator/data.js
10197,2024 U.S. Olympic Team Trials - Diving,Senior Men Platform (Semifinal),Semifinal,38973,Carson,Tyler,1,477.2,8404,Johansen Diving Academy,,2024,Olympic-Trials,Senior,Senior,Male,Platform,Senior Men Platform,false,false,,,,criteria-simulator/data.js
10197,2024 U.S. Olympic Team Trials - Diving,Senior Men Platform (Semifinal),Semifinal,51233,Tyler,Wills,2,429.9,7215,Purdue Diving,,2024,Olympic-Trials,Senior,Senior,Male,Platform,Senior Men Platform,false,false,,,,criteria-simulator/data.js
10197,2024 U.S. Olympic Team Trials - Diving,Senior Men Platform (Semifinal),Semifinal,25208,Brandon,Loschiavo,3,424.75,7215,Purdue Diving,,2024,Olympic-Trials,Senior,Senior,Male,Platform,Senior Men Platform,false,false,,,,criteria-simulator/data.js
10197,2024 U.S. Olympic Team Trials - Diving,Senior Men Platform (Semifinal),Semifinal,40283,Jordan,Rzepka,4,414.65,7215,Purdue Diving,,2024,Olympic-Trials,Senior,Senior,Male,Platform,Senior Men Platform,false,false,,,,criteria-simulator/data.js
10197,2024 U.S. Olympic Team Trials - Diving,Senior Men Platform (Semifinal),Semifinal,49903,Joshua,Hedberg,5,404.2,5345,The Indiana International School of Diving,,2024,Olympic-Trials,Senior,Senior,Male,Platform,Senior Men Platform,false,false,,,,criteria-simulator/data.js
10197,2024 U.S. Olympic Team Trials - Diving,Senior Men Platform (Semifinal),Semifinal,23733,Maxwell,Flory,6,384.8,1090,Miami Diving,,2024,Olympic-Trials,Senior,Senior,Male,Platform,Senior Men Platform,false,false,,,,criteria-simulator/data.js
10197,2024 U.S. Olympic Team Trials - Diving,Senior Men Platform (Semifinal),Semifinal,59887,Kaden,Springfield,7,379.45,7215,Purdue Diving,,2024,Olympic-Trials,Senior,Senior,Male,Platform,Senior Men Platform,false,false,,,,criteria-simulator/data.js
10197,2024 U.S. Olympic Team Trials - Diving,Senior Men Platform (Semifinal),Semifinal,13795,Zachary,Cooper,8,378.75,1090,Miami Diving,,2024,Olympic-Trials,Senior,Senior,Male,Platform,Senior Men Platform,false,false,,,,criteria-simulator/data.js
10197,2024 U.S. Olympic Team Trials - Diving,Senior Men Platform (Semifinal),Semifinal,40708,Misha,Andriyuk,9,371.65,1054,Stanford Diving,,2024,Olympic-Trials,Senior,Senior,Male,Platform,Senior Men Platform,false,false,,,,criteria-simulator/data.js
10197,2024 U.S. Olympic Team Trials - Diving,Senior Men Platform (Semifinal),Semifinal,41395,Clayton,Chaplin,10,342.75,,Unattached,,2024,Olympic-Trials,Senior,Senior,Male,Platform,Senior Men Platform,false,false,,,,criteria-simulator/data.js
10197,2024 U.S. Olympic Team Trials - Diving,Senior Men Platform (Semifinal),Semifinal,40067,Maxwell,Weinrich,11,315.45,8404,Johansen Diving Academy,,2024,Olympic-Trials,Senior,Senior,Male,Platform,Senior Men Platform,false,false,,,,criteria-simulator/data.js
10197,2024 U.S. Olympic Team Trials - Diving,Senior Men Platform (Semifinal),Semifinal,33268,Benedict,Nguyen,12,315.25,,Unattached,,2024,Olympic-Trials,Senior,Senior,Male,Platform,Senior Men Platform,false,false,,,,criteria-simulator/data.js
10197,2024 U.S. Olympic Team Trials - Diving,Senior Men Platform (Semifinal),Semifinal,34255,Joshua,Thai,13,298.6,,Unattached,,2024,Olympic-Trials,Senior,Senior,Male,Platform,Senior Men Platform,false,false,,,,criteria-simulator/data.js
10197,2024 U.S. Olympic Team Trials - Diving,Senior Men Platform (Semifinal),Semifinal,64745,Andrew,Bennett,14,296.3,,Unattached,,2024,Olympic-Trials,Senior,Senior,Male,Platform,Senior Men Platform,false,false,,,,criteria-simulator/data.js
10197,2024 U.S. Olympic Team Trials - Diving,Senior Men Platform (Semifinal),Semifinal,50623,Aidan,Wang,15,290.1,,Unattached,,2024,Olympic-Trials,Senior,Senior,Male,Platform,Senior Men Platform,false,false,,,,criteria-simulator/data.js
10197,2024 U.S. Olympic Team Trials - Diving,Senior Women Platform (Prelim),Prelim,24838,Delaney,Schnell,1,324.8,,Unattached,,2024,Olympic-Trials,Senior,Senior,Female,Platform,Senior Women Platform,false,false,,,,criteria-simulator/data.js
10197,2024 U.S. Olympic Team Trials - Diving,Senior Women Platform (Prelim),Prelim,41728,Daryn,Wright,2,287.25,7215,Purdue Diving,,2024,Olympic-Trials,Senior,Senior,Female,Platform,Senior Women Platform,false,false,,,,criteria-simulator/data.js
10197,2024 U.S. Olympic Team Trials - Diving,Senior Women Platform (Prelim),Prelim,10425,Katrina,Young,3,284.2,1057,Trojan Dive Club,,2024,Olympic-Trials,Senior,Senior,Female,Platform,Senior Women Platform,false,false,,,,criteria-simulator/data.js
10197,2024 U.S. Olympic Team Trials - Diving,Senior Women Platform (Prelim),Prelim,67814,Bayleigh,Cranford,4,267.25,,Unattached,,2024,Olympic-Trials,Senior,Senior,Female,Platform,Senior Women Platform,false,false,,,,criteria-simulator/data.js
10197,2024 U.S. Olympic Team Trials - Diving,Senior Women Platform (Prelim),Prelim,58345,Anna,Lemkin,5,260.9,1043,Mission Viejo Nadadores Dive,,2024,Olympic-Trials,Senior,Senior,Female,Platform,Senior Women Platform,false,false,,,,criteria-simulator/data.js
10197,2024 U.S. Olympic Team Trials - Diving,Senior Women Platform (Prelim),Prelim,26319,Sophia,McAfee,6,255.3,7215,Purdue Diving,,2024,Olympic-Trials,Senior,Senior,Female,Platform,Senior Women Platform,false,false,,,,criteria-simulator/data.js
10197,2024 U.S. Olympic Team Trials - Diving,Senior Women Platform (Prelim),Prelim,37318,Jordan,Skilken,7,247.6,1333,Longhorn Aquatics,,2024,Olympic-Trials,Senior,Senior,Female,Platform,Senior Women Platform,false,false,,,,criteria-simulator/data.js
10197,2024 U.S. Olympic Team Trials - Diving,Senior Women Platform (Prelim),Prelim,48662,Janie,Boyle,8,241.5,,Unattached,,2024,Olympic-Trials,Senior,Senior,Female,Platform,Senior Women Platform,false,false,,,,criteria-simulator/data.js
10197,2024 U.S. Olympic Team Trials - Diving,Senior Women Platform (Prelim),Prelim,66866,Abigail,Farrar,9,239.15,,Unattached,,2024,Olympic-Trials,Senior,Senior,Female,Platform,Senior Women Platform,false,false,,,,criteria-simulator/data.js
10197,2024 U.S. Olympic Team Trials - Diving,Senior Women Platform (Prelim),Prelim,52671,Taylor,Fox,10,237.15,1043,Mission Viejo Nadadores Dive,,2024,Olympic-Trials,Senior,Senior,Female,Platform,Senior Women Platform,false,false,,,,criteria-simulator/data.js
10197,2024 U.S. Olympic Team Trials - Diving,Senior Women Platform (Prelim),Prelim,39368,Aliyah,Watson,11,235.5,,Unattached,,2024,Olympic-Trials,Senior,Senior,Female,Platform,Senior Women Platform,false,false,,,,criteria-simulator/data.js
10197,2024 U.S. Olympic Team Trials - Diving,Senior Women Platform (Prelim),Prelim,34064,Katerina,Hoffman,12,233.9,8543,Knight Diving Academy,,2024,Olympic-Trials,Senior,Senior,Female,Platform,Senior Women Platform,false,false,,,,criteria-simulator/data.js
10197,2024 U.S. Olympic Team Trials - Diving,Senior Women Platform (Prelim),Prelim,59496,Gabrielle,Filzen,13,233.6,5532,RipFest,,2024,Olympic-Trials,Senior,Senior,Female,Platform,Senior Women Platform,false,false,,,,criteria-simulator/data.js
10197,2024 U.S. Olympic Team Trials - Diving,Senior Women Platform (Prelim),Prelim,73332,Casey,Greenberg,14,230.8,7749,Gator Dive Club,,2024,Olympic-Trials,Senior,Senior,Female,Platform,Senior Women Platform,false,false,,,,criteria-simulator/data.js
10197,2024 U.S. Olympic Team Trials - Diving,Senior Women Platform (Prelim),Prelim,34586,Madison,Huitt,15,228.95,,Unattached,,2024,Olympic-Trials,Senior,Senior,Female,Platform,Senior Women Platform,false,false,,,,criteria-simulator/data.js
10197,2024 U.S. Olympic Team Trials - Diving,Senior Women Platform (Prelim),Prelim,48801,Bailee,Sturgill,16,227.8,5532,RipFest,,2024,Olympic-Trials,Senior,Senior,Female,Platform,Senior Women Platform,false,false,,,,criteria-simulator/data.js
10197,2024 U.S. Olympic Team Trials - Diving,Senior Women Platform (Prelim),Prelim,25693,Meghan,Wenzel,17,224.1,,Unattached,,2024,Olympic-Trials,Senior,Senior,Female,Platform,Senior Women Platform,false,false,,,,criteria-simulator/data.js
10197,2024 U.S. Olympic Team Trials - Diving,Senior Women Platform (Prelim),Prelim,55469,Ashlynn,Sullivan,18,223.6,,Unattached,,2024,Olympic-Trials,Senior,Senior,Female,Platform,Senior Women Platform,false,false,,,,criteria-simulator/data.js
10197,2024 U.S. Olympic Team Trials - Diving,Senior Women Platform (Prelim),Prelim,46611,Nike,Agunbiade,19,222.6,,Unattached,,2024,Olympic-Trials,Senior,Senior,Female,Platform,Senior Women Platform,false,false,,,,criteria-simulator/data.js
10197,2024 U.S. Olympic Team Trials - Diving,Senior Women Platform (Prelim),Prelim,22136,Markie,Hopkins,20,216.0,1043,Mission Viejo Nadadores Dive,,2024,Olympic-Trials,Senior,Senior,Female,Platform,Senior Women Platform,false,false,,,,criteria-simulator/data.js
10197,2024 U.S. Olympic Team Trials - Diving,Senior Women Platform (Prelim),Prelim,53953,Abby,Devereaux,21,213.5,,Unattached,,2024,Olympic-Trials,Senior,Senior,Female,Platform,Senior Women Platform,false,false,,,,criteria-simulator/data.js
10197,2024 U.S. Olympic Team Trials - Diving,Senior Women Platform (Prelim),Prelim,56174,Savana,Trueb,22,211.35,,Unattached,,2024,Olympic-Trials,Senior,Senior,Female,Platform,Senior Women Platform,false,false,,,,criteria-simulator/data.js
10197,2024 U.S. Olympic Team Trials - Diving,Senior Women Platform (Prelim),Prelim,38301,Abigail,Knapton,23,210.95,8543,Knight Diving Academy,,2024,Olympic-Trials,Senior,Senior,Female,Platform,Senior Women Platform,false,false,,,,criteria-simulator/data.js
10197,2024 U.S. Olympic Team Trials - Diving,Senior Women Platform (Prelim),Prelim,60826,Maggie,Buckley,24,197.7,,Unattached,,2024,Olympic-Trials,Senior,Senior,Female,Platform,Senior Women Platform,false,false,,,,criteria-simulator/data.js
10197,2024 U.S. Olympic Team Trials - Diving,Senior Women Platform (Prelim),Prelim,51090,Jenna,Jagielski,25,185.2,,Unattached,,2024,Olympic-Trials,Senior,Senior,Female,Platform,Senior Women Platform,false,false,,,,criteria-simulator/data.js
10197,2024 U.S. Olympic Team Trials - Diving,Senior Women Platform (Prelim),Prelim,39492,Madison,Reese,26,182.85,8011,Tennessee Aquatics Diving,,2024,Olympic-Trials,Senior,Senior,Female,Platform,Senior Women Platform,false,false,,,,criteria-simulator/data.js
10197,2024 U.S. Olympic Team Trials - Diving,Senior Women Platform (Prelim),Prelim,43217,Nicole,Stambo,27,170.4,,Unattached,,2024,Olympic-Trials,Senior,Senior,Female,Platform,Senior Women Platform,false,false,,,,criteria-simulator/data.js
10197,2024 U.S. Olympic Team Trials - Diving,Senior Women Platform (Prelim),Prelim,46163,Lilia,Castanon,28,157.95,,Unattached,,2024,Olympic-Trials,Senior,Senior,Female,Platform,Senior Women Platform,false,false,,,,criteria-simulator/data.js
10197,2024 U.S. Olympic Team Trials - Diving,Senior Women Platform (Semifinal),Semifinal,24838,Delaney,Schnell,1,325.85,,Unattached,,2024,Olympic-Trials,Senior,Senior,Female,Platform,Senior Women Platform,false,false,,,,criteria-simulator/data.js
10197,2024 U.S. Olympic Team Trials - Diving,Senior Women Platform (Semifinal),Semifinal,41728,Daryn,Wright,2,307.75,7215,Purdue Diving,,2024,Olympic-Trials,Senior,Senior,Female,Platform,Senior Women Platform,false,false,,,,criteria-simulator/data.js
10197,2024 U.S. Olympic Team Trials - Diving,Senior Women Platform (Semifinal),Semifinal,26319,Sophia,McAfee,3,275.1,7215,Purdue Diving,,2024,Olympic-Trials,Senior,Senior,Female,Platform,Senior Women Platform,false,false,,,,criteria-simulator/data.js
10197,2024 U.S. Olympic Team Trials - Diving,Senior Women Platform (Semifinal),Semifinal,10425,Katrina,Young,4,270.4,1057,Trojan Dive Club,,2024,Olympic-Trials,Senior,Senior,Female,Platform,Senior Women Platform,false,false,,,,criteria-simulator/data.js
10197,2024 U.S. Olympic Team Trials - Diving,Senior Women Platform (Semifinal),Semifinal,67814,Bayleigh,Cranford,5,268.3,,Unattached,,2024,Olympic-Trials,Senior,Senior,Female,Platform,Senior Women Platform,false,false,,,,criteria-simulator/data.js
10197,2024 U.S. Olympic Team Trials - Diving,Senior Women Platform (Semifinal),Semifinal,52671,Taylor,Fox,6,264.95,1043,Mission Viejo Nadadores Dive,,2024,Olympic-Trials,Senior,Senior,Female,Platform,Senior Women Platform,false,false,,,,criteria-simulator/data.js
10197,2024 U.S. Olympic Team Trials - Diving,Senior Women Platform (Semifinal),Semifinal,37318,Jordan,Skilken,7,251.15,1333,Longhorn Aquatics,,2024,Olympic-Trials,Senior,Senior,Female,Platform,Senior Women Platform,false,false,,,,criteria-simulator/data.js
10197,2024 U.S. Olympic Team Trials - Diving,Senior Women Platform (Semifinal),Semifinal,73332,Casey,Greenberg,8,246.3,7749,Gator Dive Club,,2024,Olympic-Trials,Senior,Senior,Female,Platform,Senior Women Platform,false,false,,,,criteria-simulator/data.js
10197,2024 U.S. Olympic Team Trials - Diving,Senior Women Platform (Semifinal),Semifinal,58345,Anna,Lemkin,9,244.9,1043,Mission Viejo Nadadores Dive,,2024,Olympic-Trials,Senior,Senior,Female,Platform,Senior Women Platform,false,false,,,,criteria-simulator/data.js
10197,2024 U.S. Olympic Team Trials - Diving,Senior Women Platform (Semifinal),Semifinal,39368,Aliyah,Watson,10,243.5,,Unattached,,2024,Olympic-Trials,Senior,Senior,Female,Platform,Senior Women Platform,false,false,,,,criteria-simulator/data.js
10197,2024 U.S. Olympic Team Trials - Diving,Senior Women Platform (Semifinal),Semifinal,59496,Gabrielle,Filzen,11,236.1,5532,RipFest,,2024,Olympic-Trials,Senior,Senior,Female,Platform,Senior Women Platform,false,false,,,,criteria-simulator/data.js
10197,2024 U.S. Olympic Team Trials - Diving,Senior Women Platform (Semifinal),Semifinal,34064,Katerina,Hoffman,12,235.6,8543,Knight Diving Academy,,2024,Olympic-Trials,Senior,Senior,Female,Platform,Senior Women Platform,false,false,,,,criteria-simulator/data.js
10197,2024 U.S. Olympic Team Trials - Diving,Senior Women Platform (Semifinal),Semifinal,25693,Meghan,Wenzel,13,230.3,,Unattached,,2024,Olympic-Trials,Senior,Senior,Female,Platform,Senior Women Platform,false,false,,,,criteria-simulator/data.js
10197,2024 U.S. Olympic Team Trials - Diving,Senior Women Platform (Semifinal),Semifinal,48662,Janie,Boyle,14,226.5,,Unattached,,2024,Olympic-Trials,Senior,Senior,Female,Platform,Senior Women Platform,false,false,,,,criteria-simulator/data.js
10197,2024 U.S. Olympic Team Trials - Diving,Senior Women Platform (Semifinal),Semifinal,55469,Ashlynn,Sullivan,15,223.75,,Unattached,,2024,Olympic-Trials,Senior,Senior,Female,Platform,Senior Women Platform,false,false,,,,criteria-simulator/data.js
10197,2024 U.S. Olympic Team Trials - Diving,Senior Women Platform (Semifinal),Semifinal,66866,Abigail,Farrar,16,220.2,,Unattached,,2024,Olympic-Trials,Senior,Senior,Female,Platform,Senior Women Platform,false,false,,,,criteria-simulator/data.js
10197,2024 U.S. Olympic Team Trials - Diving,Senior Women Platform (Semifinal),Semifinal,48801,Bailee,Sturgill,17,202.7,5532,RipFest,,2024,Olympic-Trials,Senior,Senior,Female,Platform,Senior Women Platform,false,false,,,,criteria-simulator/data.js
10197,2024 U.S. Olympic Team Trials - Diving,Senior Women Platform (Semifinal),Semifinal,34586,Madison,Huitt,18,193.3,,Unattached,,2024,Olympic-Trials,Senior,Senior,Female,Platform,Senior Women Platform,false,false,,,,criteria-simulator/data.js
10197,2024 U.S. Olympic Team Trials - Diving,Senior Men 3m (Prelim),Prelim,31561,Andrew,Capobianco,1,453.75,8404,Johansen Diving Academy,,2024,Olympic-Trials,Senior,Senior,Male,3M,Senior Men 3M,false,false,,,,criteria-simulator/data.js
10197,2024 U.S. Olympic Team Trials - Diving,Senior Men 3m (Prelim),Prelim,36256,Tyler,Downs,2,433.85,5532,RipFest,,2024,Olympic-Trials,Senior,Senior,Male,3M,Senior Men 3M,false,false,,,,criteria-simulator/data.js
10197,2024 U.S. Olympic Team Trials - Diving,Senior Men 3m (Prelim),Prelim,38444,Jack,Ryan,3,417.25,1054,Stanford Diving,,2024,Olympic-Trials,Senior,Senior,Male,3M,Senior Men 3M,false,false,,,,criteria-simulator/data.js
10197,2024 U.S. Olympic Team Trials - Diving,Senior Men 3m (Prelim),Prelim,38973,Carson,Tyler,4,401.75,8404,Johansen Diving Academy,,2024,Olympic-Trials,Senior,Senior,Male,3M,Senior Men 3M,false,false,,,,criteria-simulator/data.js
10197,2024 U.S. Olympic Team Trials - Diving,Senior Men 3m (Prelim),Prelim,15983,Grayson,Campbell,5,396.1,1043,Mission Viejo Nadadores Dive,,2024,Olympic-Trials,Senior,Senior,Male,3M,Senior Men 3M,false,false,,,,criteria-simulator/data.js
10197,2024 U.S. Olympic Team Trials - Diving,Senior Men 3m (Prelim),Prelim,44506,Quentin,Henninger,6,389.7,8404,Johansen Diving Academy,,2024,Olympic-Trials,Senior,Senior,Male,3M,Senior Men 3M,false,false,,,,criteria-simulator/data.js
10197,2024 U.S. Olympic Team Trials - Diving,Senior Men 3m (Prelim),Prelim,59909,Luke,Sitz,7,381.4,8037,Dallas Metroplex Diving,,2024,Olympic-Trials,Senior,Senior,Male,3M,Senior Men 3M,false,false,,,,criteria-simulator/data.js
10197,2024 U.S. Olympic Team Trials - Diving,Senior Men 3m (Prelim),Prelim,31407,Noah,Duperre,8,351.4,1333,Longhorn Aquatics,,2024,Olympic-Trials,Senior,Senior,Male,3M,Senior Men 3M,false,false,,,,criteria-simulator/data.js
10197,2024 U.S. Olympic Team Trials - Diving,Senior Men 3m (Prelim),Prelim,27663,Gregory,Duncan,9,348.7,7215,Purdue Diving,,2024,Olympic-Trials,Senior,Senior,Male,3M,Senior Men 3M,false,false,,,,criteria-simulator/data.js
10197,2024 U.S. Olympic Team Trials - Diving,Senior Men 3m (Prelim),Prelim,44293,Brendan,McCourt,10,342.0,1333,Longhorn Aquatics,,2024,Olympic-Trials,Senior,Senior,Male,3M,Senior Men 3M,false,false,,,,criteria-simulator/data.js
10197,2024 U.S. Olympic Team Trials - Diving,Senior Men 3m (Prelim),Prelim,46629,Zachary,Welsh,11,340.15,1043,Mission Viejo Nadadores Dive,,2024,Olympic-Trials,Senior,Senior,Male,3M,Senior Men 3M,false,false,,,,criteria-simulator/data.js
10197,2024 U.S. Olympic Team Trials - Diving,Senior Men 3m (Prelim),Prelim,57151,Allen,Bottego III,12,339.8,,Unattached,,2024,Olympic-Trials,Senior,Senior,Male,3M,Senior Men 3M,false,false,,,,criteria-simulator/data.js
10197,2024 U.S. Olympic Team Trials - Diving,Senior Men 3m (Prelim),Prelim,41395,Clayton,Chaplin,13,335.25,,Unattached,,2024,Olympic-Trials,Senior,Senior,Male,3M,Senior Men 3M,false,false,,,,criteria-simulator/data.js
10197,2024 U.S. Olympic Team Trials - Diving,Senior Men 3m (Prelim),Prelim,43209,Dylan,Reed,14,334.8,,Unattached,,2024,Olympic-Trials,Senior,Senior,Male,3M,Senior Men 3M,false,false,,,,criteria-simulator/data.js
10197,2024 U.S. Olympic Team Trials - Diving,Senior Men 3m (Prelim),Prelim,48515,Cameron,Cash,15,334.75,1294,Pitt Aquatic Club,,2024,Olympic-Trials,Senior,Senior,Male,3M,Senior Men 3M,false,false,,,,criteria-simulator/data.js
10197,2024 U.S. Olympic Team Trials - Diving,Senior Men 3m (Prelim),Prelim,38863,Max,Fowler,15,334.75,9726,Georgia Tech Diving,,2024,Olympic-Trials,Senior,Senior,Male,3M,Senior Men 3M,false,false,,,,criteria-simulator/data.js
10197,2024 U.S. Olympic Team Trials - Diving,Senior Men 3m (Prelim),Prelim,20728,Evan,Moretti,17,333.85,1252,New York Dive Club,,2024,Olympic-Trials,Senior,Senior,Male,3M,Senior Men 3M,false,false,,,,criteria-simulator/data.js
10197,2024 U.S. Olympic Team Trials - Diving,Senior Men 3m (Prelim),Prelim,40208,Jack,Matthews,18,331.85,,Unattached,,2024,Olympic-Trials,Senior,Senior,Male,3M,Senior Men 3M,false,false,,,,criteria-simulator/data.js
10197,2024 U.S. Olympic Team Trials - Diving,Senior Men 3m (Prelim),Prelim,33513,Adam,Wesson,19,331.3,,Unattached,,2024,Olympic-Trials,Senior,Senior,Male,3M,Senior Men 3M,false,false,,,,criteria-simulator/data.js
10197,2024 U.S. Olympic Team Trials - Diving,Senior Men 3m (Prelim),Prelim,46912,Sebastian,Otero,20,328.5,,Unattached,,2024,Olympic-Trials,Senior,Senior,Male,3M,Senior Men 3M,false,false,,,,criteria-simulator/data.js
10197,2024 U.S. Olympic Team Trials - Diving,Senior Men 3m (Prelim),Prelim,65361,Collier,Dyer,21,326.05,,Unattached,,2024,Olympic-Trials,Senior,Senior,Male,3M,Senior Men 3M,false,false,,,,criteria-simulator/data.js
10197,2024 U.S. Olympic Team Trials - Diving,Senior Men 3m (Prelim),Prelim,46723,Conor,Gesing,22,325.65,,Unattached,,2024,Olympic-Trials,Senior,Senior,Male,3M,Senior Men 3M,false,false,,,,criteria-simulator/data.js
10197,2024 U.S. Olympic Team Trials - Diving,Senior Men 3m (Prelim),Prelim,37692,Nicholas,Harris,23,321.45,1333,Longhorn Aquatics,,2024,Olympic-Trials,Senior,Senior,Male,3M,Senior Men 3M,false,false,,,,criteria-simulator/data.js
10197,2024 U.S. Olympic Team Trials - Diving,Senior Men 3m (Prelim),Prelim,27957,Lyle,Yost,24,317.35,,Unattached,,2024,Olympic-Trials,Senior,Senior,Male,3M,Senior Men 3M,false,false,,,,criteria-simulator/data.js
10197,2024 U.S. Olympic Team Trials - Diving,Senior Men 3m (Prelim),Prelim,41634,Conner,Pruitt,25,311.35,,Unattached,,2024,Olympic-Trials,Senior,Senior,Male,3M,Senior Men 3M,false,false,,,,criteria-simulator/data.js
10197,2024 U.S. Olympic Team Trials - Diving,Senior Men 3m (Prelim),Prelim,51773,Rhett,Hensley,26,309.9,,Unattached,,2024,Olympic-Trials,Senior,Senior,Male,3M,Senior Men 3M,false,false,,,,criteria-simulator/data.js
10197,2024 U.S. Olympic Team Trials - Diving,Senior Men 3m (Prelim),Prelim,41769,Manuel,Borowski,27,309.05,1333,Longhorn Aquatics,,2024,Olympic-Trials,Senior,Senior,Male,3M,Senior Men 3M,false,false,,,,criteria-simulator/data.js
10197,2024 U.S. Olympic Team Trials - Diving,Senior Men 3m (Prelim),Prelim,43606,Holden,Higbie,28,306.3,7215,Purdue Diving,,2024,Olympic-Trials,Senior,Senior,Male,3M,Senior Men 3M,false,false,,,,criteria-simulator/data.js
10197,2024 U.S. Olympic Team Trials - Diving,Senior Men 3m (Prelim),Prelim,50623,Aidan,Wang,29,305.65,,Unattached,,2024,Olympic-Trials,Senior,Senior,Male,3M,Senior Men 3M,false,false,,,,criteria-simulator/data.js
10197,2024 U.S. Olympic Team Trials - Diving,Senior Men 3m (Prelim),Prelim,21071,Noah,Zawadzki,30,298.4,2379,New River Diving,,2024,Olympic-Trials,Senior,Senior,Male,3M,Senior Men 3M,false,false,,,,criteria-simulator/data.js
10197,2024 U.S. Olympic Team Trials - Diving,Senior Men 3m (Prelim),Prelim,55110,Daniel,Muller,31,298.2,8625,Wisconsin Dive Club,,2024,Olympic-Trials,Senior,Senior,Male,3M,Senior Men 3M,false,false,,,,criteria-simulator/data.js
10197,2024 U.S. Olympic Team Trials - Diving,Senior Men 3m (Prelim),Prelim,36090,Maxwell,Miller,32,289.05,7215,Purdue Diving,,2024,Olympic-Trials,Senior,Senior,Male,3M,Senior Men 3M,false,false,,,,criteria-simulator/data.js
10197,2024 U.S. Olympic Team Trials - Diving,Senior Men 3m (Prelim),Prelim,42581,Luke,Forester,33,283.65,5532,RipFest,,2024,Olympic-Trials,Senior,Senior,Male,3M,Senior Men 3M,false,false,,,,criteria-simulator/data.js
10197,2024 U.S. Olympic Team Trials - Diving,Senior Men 3m (Prelim),Prelim,65289,Jan,Lanser,34,267.65,8625,Wisconsin Dive Club,,2024,Olympic-Trials,Senior,Senior,Male,3M,Senior Men 3M,false,false,,,,criteria-simulator/data.js
10197,2024 U.S. Olympic Team Trials - Diving,Senior Men 3m (Prelim),Prelim,80320,Renato,Calderaro,35,266.9,,Unattached,,2024,Olympic-Trials,Senior,Senior,Male,3M,Senior Men 3M,false,false,,,,criteria-simulator/data.js
10197,2024 U.S. Olympic Team Trials - Diving,Senior Men 3m (Prelim),Prelim,39273,Peyton,Donald,36,264.3,,Unattached,,2024,Olympic-Trials,Senior,Senior,Male,3M,Senior Men 3M,false,false,,,,criteria-simulator/data.js
10197,2024 U.S. Olympic Team Trials - Diving,Senior Men 3m (Prelim),Prelim,80186,Andrew,Bell,37,258.85,,Unattached,,2024,Olympic-Trials,Senior,Senior,Male,3M,Senior Men 3M,false,false,,,,criteria-simulator/data.js
10197,2024 U.S. Olympic Team Trials - Diving,Senior Men 3m (Prelim),Prelim,47223,Pierce,Brooke,38,200.0,1333,Longhorn Aquatics,,2024,Olympic-Trials,Senior,Senior,Male,3M,Senior Men 3M,false,false,,,,criteria-simulator/data.js
10197,2024 U.S. Olympic Team Trials - Diving,Senior Men 3m (Prelim),Prelim,50386,Mickey,Strauss,39,157.0,9709,BYU COUGAR DIVE CLUB,,2024,Olympic-Trials,Senior,Senior,Male,3M,Senior Men 3M,false,false,,,,criteria-simulator/data.js
10197,2024 U.S. Olympic Team Trials - Diving,Senior Men 3m (Semifinal),Semifinal,31561,Andrew,Capobianco,1,507.25,8404,Johansen Diving Academy,,2024,Olympic-Trials,Senior,Senior,Male,3M,Senior Men 3M,false,false,,,,criteria-simulator/data.js
10197,2024 U.S. Olympic Team Trials - Diving,Senior Men 3m (Semifinal),Semifinal,38973,Carson,Tyler,2,485.6,8404,Johansen Diving Academy,,2024,Olympic-Trials,Senior,Senior,Male,3M,Senior Men 3M,false,false,,,,criteria-simulator/data.js
10197,2024 U.S. Olympic Team Trials - Diving,Senior Men 3m (Semifinal),Semifinal,59909,Luke,Sitz,3,430.1,8037,Dallas Metroplex Diving,,2024,Olympic-Trials,Senior,Senior,Male,3M,Senior Men 3M,false,false,,,,criteria-simulator/data.js
10197,2024 U.S. Olympic Team Trials - Diving,Senior Men 3m (Semifinal),Semifinal,36256,Tyler,Downs,4,421.65,5532,RipFest,,2024,Olympic-Trials,Senior,Senior,Male,3M,Senior Men 3M,false,false,,,,criteria-simulator/data.js
10197,2024 U.S. Olympic Team Trials - Diving,Senior Men 3m (Semifinal),Semifinal,38444,Jack,Ryan,5,413.0,1054,Stanford Diving,,2024,Olympic-Trials,Senior,Senior,Male,3M,Senior Men 3M,false,false,,,,criteria-simulator/data.js
10197,2024 U.S. Olympic Team Trials - Diving,Senior Men 3m (Semifinal),Semifinal,15983,Grayson,Campbell,6,403.05,1043,Mission Viejo Nadadores Dive,,2024,Olympic-Trials,Senior,Senior,Male,3M,Senior Men 3M,false,false,,,,criteria-simulator/data.js
10197,2024 U.S. Olympic Team Trials - Diving,Senior Men 3m (Semifinal),Semifinal,44506,Quentin,Henninger,7,395.5,8404,Johansen Diving Academy,,2024,Olympic-Trials,Senior,Senior,Male,3M,Senior Men 3M,false,false,,,,criteria-simulator/data.js
10197,2024 U.S. Olympic Team Trials - Diving,Senior Men 3m (Semifinal),Semifinal,38863,Max,Fowler,8,385.65,9726,Georgia Tech Diving,,2024,Olympic-Trials,Senior,Senior,Male,3M,Senior Men 3M,false,false,,,,criteria-simulator/data.js
10197,2024 U.S. Olympic Team Trials - Diving,Senior Men 3m (Semifinal),Semifinal,27663,Gregory,Duncan,9,377.7,7215,Purdue Diving,,2024,Olympic-Trials,Senior,Senior,Male,3M,Senior Men 3M,false,false,,,,criteria-simulator/data.js
10197,2024 U.S. Olympic Team Trials - Diving,Senior Men 3m (Semifinal),Semifinal,41395,Clayton,Chaplin,10,363.25,,Unattached,,2024,Olympic-Trials,Senior,Senior,Male,3M,Senior Men 3M,false,false,,,,criteria-simulator/data.js
10197,2024 U.S. Olympic Team Trials - Diving,Senior Men 3m (Semifinal),Semifinal,44293,Brendan,McCourt,11,359.25,1333,Longhorn Aquatics,,2024,Olympic-Trials,Senior,Senior,Male,3M,Senior Men 3M,false,false,,,,criteria-simulator/data.js
10197,2024 U.S. Olympic Team Trials - Diving,Senior Men 3m (Semifinal),Semifinal,20728,Evan,Moretti,12,353.8,1252,New York Dive Club,,2024,Olympic-Trials,Senior,Senior,Male,3M,Senior Men 3M,false,false,,,,criteria-simulator/data.js
10197,2024 U.S. Olympic Team Trials - Diving,Senior Men 3m (Semifinal),Semifinal,40208,Jack,Matthews,13,349.15,,Unattached,,2024,Olympic-Trials,Senior,Senior,Male,3M,Senior Men 3M,false,false,,,,criteria-simulator/data.js
10197,2024 U.S. Olympic Team Trials - Diving,Senior Men 3m (Semifinal),Semifinal,46629,Zachary,Welsh,14,341.05,1043,Mission Viejo Nadadores Dive,,2024,Olympic-Trials,Senior,Senior,Male,3M,Senior Men 3M,false,false,,,,criteria-simulator/data.js
10197,2024 U.S. Olympic Team Trials - Diving,Senior Men 3m (Semifinal),Semifinal,57151,Allen,Bottego III,15,341.0,,Unattached,,2024,Olympic-Trials,Senior,Senior,Male,3M,Senior Men 3M,false,false,,,,criteria-simulator/data.js
10197,2024 U.S. Olympic Team Trials - Diving,Senior Men 3m (Semifinal),Semifinal,31407,Noah,Duperre,16,338.3,1333,Longhorn Aquatics,,2024,Olympic-Trials,Senior,Senior,Male,3M,Senior Men 3M,false,false,,,,criteria-simulator/data.js
10197,2024 U.S. Olympic Team Trials - Diving,Senior Men 3m (Semifinal),Semifinal,48515,Cameron,Cash,17,323.35,1294,Pitt Aquatic Club,,2024,Olympic-Trials,Senior,Senior,Male,3M,Senior Men 3M,false,false,,,,criteria-simulator/data.js
10197,2024 U.S. Olympic Team Trials - Diving,Senior Men 3m (Semifinal),Semifinal,43209,Dylan,Reed,18,308.6,,Unattached,,2024,Olympic-Trials,Senior,Senior,Male,3M,Senior Men 3M,false,false,,,,criteria-simulator/data.js
10197,2024 U.S. Olympic Team Trials - Diving,Senior Women 3m (Final),Final,12967,Sarah,Bacon,1,639.0,,Unattached,,2024,Olympic-Trials,Senior,Senior,Female,3M,Senior Women 3M,false,false,,,,criteria-simulator/data.js
10197,2024 U.S. Olympic Team Trials - Diving,Senior Women 3m (Final),Final,25593,Alison,Gibson,2,635.1,1333,Longhorn Aquatics,,2024,Olympic-Trials,Senior,Senior,Female,3M,Senior Women 3M,false,false,,,,criteria-simulator/data.js
10197,2024 U.S. Olympic Team Trials - Diving,Senior Women 3m (Final),Final,39303,Krysta,Palmer,3,629.25,,Unattached,,2024,Olympic-Trials,Senior,Senior,Female,3M,Senior Women 3M,false,false,,,,criteria-simulator/data.js
10197,2024 U.S. Olympic Team Trials - Diving,Senior Women 3m (Final),Final,17547,Kristen,Hayden,4,594.6,8404,Johansen Diving Academy,,2024,Olympic-Trials,Senior,Senior,Female,3M,Senior Women 3M,false,false,,,,criteria-simulator/data.js
10197,2024 U.S. Olympic Team Trials - Diving,Senior Women 3m (Final),Final,43980,Sophie,Verzyl,5,587.4,5532,RipFest,,2024,Olympic-Trials,Senior,Senior,Female,3M,Senior Women 3M,false,false,,,,criteria-simulator/data.js
10197,2024 U.S. Olympic Team Trials - Diving,Senior Women 3m (Final),Final,28384,Anne,Fowler,6,581.8,8404,Johansen Diving Academy,,2024,Olympic-Trials,Senior,Senior,Female,3M,Senior Women 3M,false,false,,,,criteria-simulator/data.js
10197,2024 U.S. Olympic Team Trials - Diving,Senior Women 3m (Final),Final,34180,Hailey,Hernandez,7,572.8,1333,Longhorn Aquatics,,2024,Olympic-Trials,Senior,Senior,Female,3M,Senior Women 3M,false,false,,,,criteria-simulator/data.js
10197,2024 U.S. Olympic Team Trials - Diving,Senior Women 3m (Final),Final,51576,Kyndal,Knight,8,561.95,1157,Kentucky Diving Club,,2024,Olympic-Trials,Senior,Senior,Female,3M,Senior Women 3M,false,false,,,,criteria-simulator/data.js
10197,2024 U.S. Olympic Team Trials - Diving,Senior Women 3m (Final),Final,11367,Samantha,Pickens,9,551.0,1317,City of Midland,,2024,Olympic-Trials,Senior,Senior,Female,3M,Senior Women 3M,false,false,,,,criteria-simulator/data.js
10197,2024 U.S. Olympic Team Trials - Diving,Senior Women 3m (Final),Final,40720,Samantha,Vear,10,531.9,,Unattached,,2024,Olympic-Trials,Senior,Senior,Female,3M,Senior Women 3M,false,false,,,,criteria-simulator/data.js
10197,2024 U.S. Olympic Team Trials - Diving,Senior Women 3m (Final),Final,27296,Margo,OMeara,11,507.0,,Unattached,,2024,Olympic-Trials,Senior,Senior,Female,3M,Senior Women 3M,false,false,,,,criteria-simulator/data.js
10197,2024 U.S. Olympic Team Trials - Diving,Senior Women 3m (Final),Final,65393,Anna,Kwong,12,501.4,,Unattached,,2024,Olympic-Trials,Senior,Senior,Female,3M,Senior Women 3M,false,false,,,,criteria-simulator/data.js
10197,2024 U.S. Olympic Team Trials - Diving,Senior Men Platform (Final),Final,38973,Carson,Tyler,1,965.45,8404,Johansen Diving Academy,,2024,Olympic-Trials,Senior,Senior,Male,Platform,Senior Men Platform,false,false,,,,criteria-simulator/data.js
10197,2024 U.S. Olympic Team Trials - Diving,Senior Men Platform (Final),Final,25208,Brandon,Loschiavo,2,892.3,7215,Purdue Diving,,2024,Olympic-Trials,Senior,Senior,Male,Platform,Senior Men Platform,false,false,,,,criteria-simulator/data.js
10197,2024 U.S. Olympic Team Trials - Diving,Senior Men Platform (Final),Final,49903,Joshua,Hedberg,3,856.7,5345,The Indiana International School of Diving,,2024,Olympic-Trials,Senior,Senior,Male,Platform,Senior Men Platform,false,false,,,,criteria-simulator/data.js
10197,2024 U.S. Olympic Team Trials - Diving,Senior Men Platform (Final),Final,51233,Tyler,Wills,4,850.3,7215,Purdue Diving,,2024,Olympic-Trials,Senior,Senior,Male,Platform,Senior Men Platform,false,false,,,,criteria-simulator/data.js
10197,2024 U.S. Olympic Team Trials - Diving,Senior Men Platform (Final),Final,40283,Jordan,Rzepka,5,839.6,7215,Purdue Diving,,2024,Olympic-Trials,Senior,Senior,Male,Platform,Senior Men Platform,false,false,,,,criteria-simulator/data.js
10197,2024 U.S. Olympic Team Trials - Diving,Senior Men Platform (Final),Final,13795,Zachary,Cooper,6,770.0,1090,Miami Diving,,2024,Olympic-Trials,Senior,Senior,Male,Platform,Senior Men Platform,false,false,,,,criteria-simulator/data.js
10197,2024 U.S. Olympic Team Trials - Diving,Senior Men Platform (Final),Final,40708,Misha,Andriyuk,7,763.35,1054,Stanford Diving,,2024,Olympic-Trials,Senior,Senior,Male,Platform,Senior Men Platform,false,false,,,,criteria-simulator/data.js
10197,2024 U.S. Olympic Team Trials - Diving,Senior Men Platform (Final),Final,23733,Maxwell,Flory,8,754.55,1090,Miami Diving,,2024,Olympic-Trials,Senior,Senior,Male,Platform,Senior Men Platform,false,false,,,,criteria-simulator/data.js
10197,2024 U.S. Olympic Team Trials - Diving,Senior Men Platform (Final),Final,59887,Kaden,Springfield,9,741.3,7215,Purdue Diving,,2024,Olympic-Trials,Senior,Senior,Male,Platform,Senior Men Platform,false,false,,,,criteria-simulator/data.js
10197,2024 U.S. Olympic Team Trials - Diving,Senior Men Platform (Final),Final,41395,Clayton,Chaplin,10,675.65,,Unattached,,2024,Olympic-Trials,Senior,Senior,Male,Platform,Senior Men Platform,false,false,,,,criteria-simulator/data.js
10197,2024 U.S. Olympic Team Trials - Diving,Senior Men Platform (Final),Final,33268,Benedict,Nguyen,11,645.7,,Unattached,,2024,Olympic-Trials,Senior,Senior,Male,Platform,Senior Men Platform,false,false,,,,criteria-simulator/data.js
10197,2024 U.S. Olympic Team Trials - Diving,Senior Men Platform (Final),Final,40067,Maxwell,Weinrich,12,564.95,8404,Johansen Diving Academy,,2024,Olympic-Trials,Senior,Senior,Male,Platform,Senior Men Platform,false,false,,,,criteria-simulator/data.js
10197,2024 U.S. Olympic Team Trials - Diving,Senior Women Platform (Final),Final,24838,Delaney,Schnell,1,638.0,,Unattached,,2024,Olympic-Trials,Senior,Senior,Female,Platform,Senior Women Platform,false,false,,,,criteria-simulator/data.js
10197,2024 U.S. Olympic Team Trials - Diving,Senior Women Platform (Final),Final,41728,Daryn,Wright,2,596.35,7215,Purdue Diving,,2024,Olympic-Trials,Senior,Senior,Female,Platform,Senior Women Platform,false,false,,,,criteria-simulator/data.js
10197,2024 U.S. Olympic Team Trials - Diving,Senior Women Platform (Final),Final,26319,Sophia,McAfee,3,581.7,7215,Purdue Diving,,2024,Olympic-Trials,Senior,Senior,Female,Platform,Senior Women Platform,false,false,,,,criteria-simulator/data.js
10197,2024 U.S. Olympic Team Trials - Diving,Senior Women Platform (Final),Final,67814,Bayleigh,Cranford,4,557.45,,Unattached,,2024,Olympic-Trials,Senior,Senior,Female,Platform,Senior Women Platform,false,false,,,,criteria-simulator/data.js
10197,2024 U.S. Olympic Team Trials - Diving,Senior Women Platform (Final),Final,10425,Katrina,Young,5,548.5,1057,Trojan Dive Club,,2024,Olympic-Trials,Senior,Senior,Female,Platform,Senior Women Platform,false,false,,,,criteria-simulator/data.js
10197,2024 U.S. Olympic Team Trials - Diving,Senior Women Platform (Final),Final,39368,Aliyah,Watson,6,543.5,,Unattached,,2024,Olympic-Trials,Senior,Senior,Female,Platform,Senior Women Platform,false,false,,,,criteria-simulator/data.js
10197,2024 U.S. Olympic Team Trials - Diving,Senior Women Platform (Final),Final,52671,Taylor,Fox,7,534.85,1043,Mission Viejo Nadadores Dive,,2024,Olympic-Trials,Senior,Senior,Female,Platform,Senior Women Platform,false,false,,,,criteria-simulator/data.js
10197,2024 U.S. Olympic Team Trials - Diving,Senior Women Platform (Final),Final,58345,Anna,Lemkin,8,513.1,1043,Mission Viejo Nadadores Dive,,2024,Olympic-Trials,Senior,Senior,Female,Platform,Senior Women Platform,false,false,,,,criteria-simulator/data.js
10197,2024 U.S. Olympic Team Trials - Diving,Senior Women Platform (Final),Final,37318,Jordan,Skilken,9,506.15,1333,Longhorn Aquatics,,2024,Olympic-Trials,Senior,Senior,Female,Platform,Senior Women Platform,false,false,,,,criteria-simulator/data.js
10197,2024 U.S. Olympic Team Trials - Diving,Senior Women Platform (Final),Final,73332,Casey,Greenberg,10,495.2,7749,Gator Dive Club,,2024,Olympic-Trials,Senior,Senior,Female,Platform,Senior Women Platform,false,false,,,,criteria-simulator/data.js
10197,2024 U.S. Olympic Team Trials - Diving,Senior Women Platform (Final),Final,34064,Katerina,Hoffman,11,478.05,8543,Knight Diving Academy,,2024,Olympic-Trials,Senior,Senior,Female,Platform,Senior Women Platform,false,false,,,,criteria-simulator/data.js
10197,2024 U.S. Olympic Team Trials - Diving,Senior Women Platform (Final),Final,59496,Gabrielle,Filzen,12,475.15,5532,RipFest,,2024,Olympic-Trials,Senior,Senior,Female,Platform,Senior Women Platform,false,false,,,,criteria-simulator/data.js
10197,2024 U.S. Olympic Team Trials - Diving,Senior Men 3m (Final),Final,31561,Andrew,Capobianco,1,971.8,8404,Johansen Diving Academy,,2024,Olympic-Trials,Senior,Senior,Male,3M,Senior Men 3M,false,false,,,,criteria-simulator/data.js
10197,2024 U.S. Olympic Team Trials - Diving,Senior Men 3m (Final),Final,38973,Carson,Tyler,2,945.75,8404,Johansen Diving Academy,,2024,Olympic-Trials,Senior,Senior,Male,3M,Senior Men 3M,false,false,,,,criteria-simulator/data.js
10197,2024 U.S. Olympic Team Trials - Diving,Senior Men 3m (Final),Final,44506,Quentin,Henninger,3,870.5,8404,Johansen Diving Academy,,2024,Olympic-Trials,Senior,Senior,Male,3M,Senior Men 3M,false,false,,,,criteria-simulator/data.js
10197,2024 U.S. Olympic Team Trials - Diving,Senior Men 3m (Final),Final,59909,Luke,Sitz,4,843.6,8037,Dallas Metroplex Diving,,2024,Olympic-Trials,Senior,Senior,Male,3M,Senior Men 3M,false,false,,,,criteria-simulator/data.js
10197,2024 U.S. Olympic Team Trials - Diving,Senior Men 3m (Final),Final,36256,Tyler,Downs,5,842.4,5532,RipFest,,2024,Olympic-Trials,Senior,Senior,Male,3M,Senior Men 3M,false,false,,,,criteria-simulator/data.js
10197,2024 U.S. Olympic Team Trials - Diving,Senior Men 3m (Final),Final,15983,Grayson,Campbell,6,802.2,1043,Mission Viejo Nadadores Dive,,2024,Olympic-Trials,Senior,Senior,Male,3M,Senior Men 3M,false,false,,,,criteria-simulator/data.js
10197,2024 U.S. Olympic Team Trials - Diving,Senior Men 3m (Final),Final,38444,Jack,Ryan,7,790.2,1054,Stanford Diving,,2024,Olympic-Trials,Senior,Senior,Male,3M,Senior Men 3M,false,false,,,,criteria-simulator/data.js
10197,2024 U.S. Olympic Team Trials - Diving,Senior Men 3m (Final),Final,27663,Gregory,Duncan,8,731.7,7215,Purdue Diving,,2024,Olympic-Trials,Senior,Senior,Male,3M,Senior Men 3M,false,false,,,,criteria-simulator/data.js
10197,2024 U.S. Olympic Team Trials - Diving,Senior Men 3m (Final),Final,20728,Evan,Moretti,9,720.5,1252,New York Dive Club,,2024,Olympic-Trials,Senior,Senior,Male,3M,Senior Men 3M,false,false,,,,criteria-simulator/data.js
10197,2024 U.S. Olympic Team Trials - Diving,Senior Men 3m (Final),Final,44293,Brendan,McCourt,10,719.4,1333,Longhorn Aquatics,,2024,Olympic-Trials,Senior,Senior,Male,3M,Senior Men 3M,false,false,,,,criteria-simulator/data.js
10197,2024 U.S. Olympic Team Trials - Diving,Senior Men 3m (Final),Final,38863,Max,Fowler,11,701.15,9726,Georgia Tech Diving,,2024,Olympic-Trials,Senior,Senior,Male,3M,Senior Men 3M,false,false,,,,criteria-simulator/data.js
10197,2024 U.S. Olympic Team Trials - Diving,Senior Men 3m (Final),Final,41395,Clayton,Chaplin,12,676.75,,Unattached,,2024,Olympic-Trials,Senior,Senior,Male,3M,Senior Men 3M,false,false,,,,criteria-simulator/data.js
10177,Last Chance Olympic Trials Qualifier,Senior Women Synchronized 3m (Final),Final,47492,Kayla,Jensen,1,235.53,2170,Woodlands Diving Academy,,2024,Olympic-Trials-Qualifier,Senior/Open,,Female,Synchro-3m,Synchro Senior Women Synchro-3m,true,false,,,,criteria-simulator/data.js
10177,Last Chance Olympic Trials Qualifier,Senior Women Synchronized 3m (Final),Final,52569,Lindsay,Gizzi,2,211.29,,UnattachedUnattached,,2024,Olympic-Trials-Qualifier,Senior/Open,,Female,Synchro-3m,Synchro Senior Women Synchro-3m,true,false,,,,criteria-simulator/data.js
10177,Last Chance Olympic Trials Qualifier,Senior Women Synchronized 3m (Final),Final,63419,Ava,Jolley,3,195.03,2502,Carolina Diving Academy,,2024,Olympic-Trials-Qualifier,Senior/Open,,Female,Synchro-3m,Synchro Senior Women Synchro-3m,true,false,,,,criteria-simulator/data.js
10177,Last Chance Olympic Trials Qualifier,Senior Women Synchronized Platform (Final),Final,34064,Katerina,Hoffman,1,243.0,8543,Knight Diving Academy,,2024,Olympic-Trials-Qualifier,Senior/Open,,Female,Synchro-Platform,Synchro Senior Women Synchro-Platform,true,false,,,,criteria-simulator/data.js
10177,Last Chance Olympic Trials Qualifier,Senior Women Synchronized Platform (Final),Final,48801,Bailee,Sturgill,2,234.75,5532,RipFest,,2024,Olympic-Trials-Qualifier,Senior/Open,,Female,Synchro-Platform,Synchro Senior Women Synchro-Platform,true,false,,,,criteria-simulator/data.js
10177,Last Chance Olympic Trials Qualifier,Senior Men Synchronized 3m (Final),Final,45619,Joshua,Sollenberger,1,327.27,5345,The Indiana International School of Diving,,2024,Olympic-Trials-Qualifier,Senior/Open,,Male,Synchro-3m,Synchro Senior Men Synchro-3m,true,false,,,,criteria-simulator/data.js
10177,Last Chance Olympic Trials Qualifier,Senior Men Synchronized 3m (Final),Final,43139,Aiden,Sadler,2,318.24,1109,Georgia Diving Club,,2024,Olympic-Trials-Qualifier,Senior/Open,,Male,Synchro-3m,Synchro Senior Men Synchro-3m,true,false,,,,criteria-simulator/data.js
10177,Last Chance Olympic Trials Qualifier,Senior Men Synchronized 3m (Final),Final,52560,Hunter,Hollenbeck,3,315.51,,UnattachedUnattached,,2024,Olympic-Trials-Qualifier,Senior/Open,,Male,Synchro-3m,Synchro Senior Men Synchro-3m,true,false,,,,criteria-simulator/data.js
10177,Last Chance Olympic Trials Qualifier,Senior Men Synchronized 3m (Final),Final,41791,Nathaniel,Grannis,4,271.68,2423,Dominion Dive Club,,2024,Olympic-Trials-Qualifier,Senior/Open,,Male,Synchro-3m,Synchro Senior Men Synchro-3m,true,false,,,,criteria-simulator/data.js
10177,Last Chance Olympic Trials Qualifier,Senior Women 3m (Final),Final,48805,Elizabeth,Kaye,1,272.65,,Unattached,,2024,Olympic-Trials-Qualifier,Senior,Senior,Female,3M,Senior Women 3M,false,false,,,,criteria-simulator/data.js
10177,Last Chance Olympic Trials Qualifier,Senior Women 3m (Final),Final,34064,Katerina,Hoffman,2,265.65,8543,Knight Diving Academy,,2024,Olympic-Trials-Qualifier,Senior,Senior,Female,3M,Senior Women 3M,false,false,,,,criteria-simulator/data.js
10177,Last Chance Olympic Trials Qualifier,Senior Women 3m (Final),Final,37241,Caroline,Brady,3,262.0,,Unattached,,2024,Olympic-Trials-Qualifier,Senior,Senior,Female,3M,Senior Women 3M,false,false,,,,criteria-simulator/data.js
10177,Last Chance Olympic Trials Qualifier,Senior Women 3m (Final),Final,46580,Natalie,Stubbs,4,255.55,8037,Dallas Metroplex Diving,,2024,Olympic-Trials-Qualifier,Senior,Senior,Female,3M,Senior Women 3M,false,false,,,,criteria-simulator/data.js
10177,Last Chance Olympic Trials Qualifier,Senior Women 3m (Final),Final,52569,Lindsay,Gizzi,5,251.35,,Unattached,,2024,Olympic-Trials-Qualifier,Senior,Senior,Female,3M,Senior Women 3M,false,false,,,,criteria-simulator/data.js
10177,Last Chance Olympic Trials Qualifier,Senior Women 3m (Final),Final,38142,Avery,Worobel,6,246.45,,Unattached,,2024,Olympic-Trials-Qualifier,Senior,Senior,Female,3M,Senior Women 3M,false,false,,,,criteria-simulator/data.js
10177,Last Chance Olympic Trials Qualifier,Senior Women 3m (Final),Final,38974,Antonina,Harned,7,232.95,,Unattached,,2024,Olympic-Trials-Qualifier,Senior,Senior,Female,3M,Senior Women 3M,false,false,,,,criteria-simulator/data.js
10177,Last Chance Olympic Trials Qualifier,Senior Women 3m (Final),Final,21918,Jaclynn,Fowler,8,230.7,,Unattached,,2024,Olympic-Trials-Qualifier,Senior,Senior,Female,3M,Senior Women 3M,false,false,,,,criteria-simulator/data.js
10177,Last Chance Olympic Trials Qualifier,Senior Women 3m (Final),Final,64569,Ella,Roselli,9,230.65,,Unattached,,2024,Olympic-Trials-Qualifier,Senior,Senior,Female,3M,Senior Women 3M,false,false,,,,criteria-simulator/data.js
10177,Last Chance Olympic Trials Qualifier,Senior Women 3m (Final),Final,47492,Kayla,Jensen,10,228.55,2170,Woodlands Diving Academy,,2024,Olympic-Trials-Qualifier,Senior,Senior,Female,3M,Senior Women 3M,false,false,,,,criteria-simulator/data.js
10177,Last Chance Olympic Trials Qualifier,Senior Women 3m (Final),Final,43143,Violet,Williamson,11,225.0,8543,Knight Diving Academy,,2024,Olympic-Trials-Qualifier,Senior,Senior,Female,3M,Senior Women 3M,false,false,,,,criteria-simulator/data.js
10177,Last Chance Olympic Trials Qualifier,Senior Women 3m (Final),Final,74312,Makayla,Hughbanks,12,217.75,7850,University of Iowa Diving,,2024,Olympic-Trials-Qualifier,Senior,Senior,Female,3M,Senior Women 3M,false,false,,,,criteria-simulator/data.js
10177,Last Chance Olympic Trials Qualifier,Senior Women 3m (Final),Final,63419,Ava,Jolley,13,217.35,2502,Carolina Diving Academy,,2024,Olympic-Trials-Qualifier,Senior,Senior,Female,3M,Senior Women 3M,false,false,,,,criteria-simulator/data.js
10177,Last Chance Olympic Trials Qualifier,Senior Women 3m (Final),Final,74085,Abigail,Baxter,14,216.4,,Unattached,,2024,Olympic-Trials-Qualifier,Senior,Senior,Female,3M,Senior Women 3M,false,false,,,,criteria-simulator/data.js
10177,Last Chance Olympic Trials Qualifier,Senior Women 3m (Final),Final,47092,Gianna,Lawrence,15,214.3,8543,Knight Diving Academy,,2024,Olympic-Trials-Qualifier,Senior,Senior,Female,3M,Senior Women 3M,false,false,,,,criteria-simulator/data.js
10177,Last Chance Olympic Trials Qualifier,Senior Women 3m (Final),Final,60723,Alexia,Jackson,16,211.5,9709,BYU COUGAR DIVE CLUB,,2024,Olympic-Trials-Qualifier,Senior,Senior,Female,3M,Senior Women 3M,false,false,,,,criteria-simulator/data.js
10177,Last Chance Olympic Trials Qualifier,Senior Women 3m (Final),Final,67031,Grace,Leonard,17,209.15,,Unattached,,2024,Olympic-Trials-Qualifier,Senior,Senior,Female,3M,Senior Women 3M,false,false,,,,criteria-simulator/data.js
10177,Last Chance Olympic Trials Qualifier,Senior Women 3m (Final),Final,62482,Kyleigh,Kidd,18,206.8,,Unattached,,2024,Olympic-Trials-Qualifier,Senior,Senior,Female,3M,Senior Women 3M,false,false,,,,criteria-simulator/data.js
10177,Last Chance Olympic Trials Qualifier,Senior Women 3m (Final),Final,32038,Francesca,Noviello,19,206.1,,Unattached,,2024,Olympic-Trials-Qualifier,Senior,Senior,Female,3M,Senior Women 3M,false,false,,,,criteria-simulator/data.js
10177,Last Chance Olympic Trials Qualifier,Senior Women 3m (Final),Final,61147,Avaleigh,Westfall,20,203.7,8463,Sunshine Dive Club,,2024,Olympic-Trials-Qualifier,Senior,Senior,Female,3M,Senior Women 3M,false,false,,,,criteria-simulator/data.js
10177,Last Chance Olympic Trials Qualifier,Senior Women 3m (Final),Final,41444,Lily,Witte,21,197.25,,Unattached,,2024,Olympic-Trials-Qualifier,Senior,Senior,Female,3M,Senior Women 3M,false,false,,,,criteria-simulator/data.js
10177,Last Chance Olympic Trials Qualifier,Senior Women 3m (Final),Final,51656,Megan,Jolly,22,190.1,1184,Legacy Diving,,2024,Olympic-Trials-Qualifier,Senior,Senior,Female,3M,Senior Women 3M,false,false,,,,criteria-simulator/data.js
10177,Last Chance Olympic Trials Qualifier,Senior Women 3m (Final),Final,59765,Reagan,Leckner,23,186.6,2502,Carolina Diving Academy,,2024,Olympic-Trials-Qualifier,Senior,Senior,Female,3M,Senior Women 3M,false,false,,,,criteria-simulator/data.js
10177,Last Chance Olympic Trials Qualifier,Senior Women 3m (Final),Final,46014,Jocelyn,Brooks,24,174.95,2423,Dominion Dive Club,,2024,Olympic-Trials-Qualifier,Senior,Senior,Female,3M,Senior Women 3M,false,false,,,,criteria-simulator/data.js
10177,Last Chance Olympic Trials Qualifier,Senior Women 3m (Final),Final,47307,Michayla,Eisenberg,25,171.6,2423,Dominion Dive Club,,2024,Olympic-Trials-Qualifier,Senior,Senior,Female,3M,Senior Women 3M,false,false,,,,criteria-simulator/data.js
10177,Last Chance Olympic Trials Qualifier,Senior Women 3m (Final),Final,49962,Simone,Hall,26,163.3,5532,RipFest,,2024,Olympic-Trials-Qualifier,Senior,Senior,Female,3M,Senior Women 3M,false,false,,,,criteria-simulator/data.js
10177,Last Chance Olympic Trials Qualifier,Senior Women 3m (Final),Final,47477,Rachel,Yang,27,141.3,1252,New York Dive Club,,2024,Olympic-Trials-Qualifier,Senior,Senior,Female,3M,Senior Women 3M,false,false,,,,criteria-simulator/data.js
10177,Last Chance Olympic Trials Qualifier,Senior Women 3m (Final),Final,68177,Evelyn,Hall,28,118.4,,Unattached,,2024,Olympic-Trials-Qualifier,Senior,Senior,Female,3M,Senior Women 3M,false,false,,,,criteria-simulator/data.js
10177,Last Chance Olympic Trials Qualifier,Senior Men Platform (Final),Final,59887,Kaden,Springfield,1,395.9,,Unattached,,2024,Olympic-Trials-Qualifier,Senior,Senior,Male,Platform,Senior Men Platform,false,false,,,,criteria-simulator/data.js
10177,Last Chance Olympic Trials Qualifier,Senior Men Platform (Final),Final,40708,Misha,Andriyuk,2,392.25,1054,Stanford Diving,,2024,Olympic-Trials-Qualifier,Senior,Senior,Male,Platform,Senior Men Platform,false,false,,,,criteria-simulator/data.js
10177,Last Chance Olympic Trials Qualifier,Senior Men Platform (Final),Final,51673,Sam,Oelerich,3,340.85,5532,RipFest,,2024,Olympic-Trials-Qualifier,Senior,Senior,Male,Platform,Senior Men Platform,false,false,,,,criteria-simulator/data.js
10177,Last Chance Olympic Trials Qualifier,Senior Men Platform (Final),Final,69435,Leyton,Dean,4,328.95,,Unattached,,2024,Olympic-Trials-Qualifier,Senior,Senior,Male,Platform,Senior Men Platform,false,false,,,,criteria-simulator/data.js
10177,Last Chance Olympic Trials Qualifier,Senior Men Platform (Final),Final,41791,Nathaniel,Grannis,5,303.25,2423,Dominion Dive Club,,2024,Olympic-Trials-Qualifier,Senior,Senior,Male,Platform,Senior Men Platform,false,false,,,,criteria-simulator/data.js
10177,Last Chance Olympic Trials Qualifier,Senior Men Platform (Final),Final,52787,Grant,Cates,6,301.6,5532,RipFest,,2024,Olympic-Trials-Qualifier,Senior,Senior,Male,Platform,Senior Men Platform,false,false,,,,criteria-simulator/data.js
10177,Last Chance Olympic Trials Qualifier,Senior Men Platform (Final),Final,61205,Noah,Turner,7,299.55,5532,RipFest,,2024,Olympic-Trials-Qualifier,Senior,Senior,Male,Platform,Senior Men Platform,false,false,,,,criteria-simulator/data.js
10177,Last Chance Olympic Trials Qualifier,Senior Men Platform (Final),Final,73355,Derek,Colbert,8,289.6,8037,Dallas Metroplex Diving,,2024,Olympic-Trials-Qualifier,Senior,Senior,Male,Platform,Senior Men Platform,false,false,,,,criteria-simulator/data.js
10177,Last Chance Olympic Trials Qualifier,Senior Men Platform (Final),Final,64025,Rydan,Russell,9,261.35,8446,ACES Diving,,2024,Olympic-Trials-Qualifier,Senior,Senior,Male,Platform,Senior Men Platform,false,false,,,,criteria-simulator/data.js
10177,Last Chance Olympic Trials Qualifier,Senior Men Platform (Final),Final,60001,Alexander,Scott,10,258.35,,Unattached,,2024,Olympic-Trials-Qualifier,Senior,Senior,Male,Platform,Senior Men Platform,false,false,,,,criteria-simulator/data.js
10177,Last Chance Olympic Trials Qualifier,Senior Men Platform (Final),Final,42966,Raymond,Winn IV,11,232.9,,Unattached,,2024,Olympic-Trials-Qualifier,Senior,Senior,Male,Platform,Senior Men Platform,false,false,,,,criteria-simulator/data.js
10177,Last Chance Olympic Trials Qualifier,Senior Women Platform (Final),Final,38301,Abigail,Knapton,1,313.6,8543,Knight Diving Academy,,2024,Olympic-Trials-Qualifier,Senior,Senior,Female,Platform,Senior Women Platform,false,false,,,,criteria-simulator/data.js
10177,Last Chance Olympic Trials Qualifier,Senior Women Platform (Final),Final,34064,Katerina,Hoffman,2,282.25,8543,Knight Diving Academy,,2024,Olympic-Trials-Qualifier,Senior,Senior,Female,Platform,Senior Women Platform,false,false,,,,criteria-simulator/data.js
10177,Last Chance Olympic Trials Qualifier,Senior Women Platform (Final),Final,52300,Kayleigh,Clark,3,274.1,,Unattached,,2024,Olympic-Trials-Qualifier,Senior,Senior,Female,Platform,Senior Women Platform,false,false,,,,criteria-simulator/data.js
10177,Last Chance Olympic Trials Qualifier,Senior Women Platform (Final),Final,48801,Bailee,Sturgill,4,267.3,5532,RipFest,,2024,Olympic-Trials-Qualifier,Senior,Senior,Female,Platform,Senior Women Platform,false,false,,,,criteria-simulator/data.js
10177,Last Chance Olympic Trials Qualifier,Senior Women Platform (Final),Final,54889,Andra,Buchan,5,254.55,2502,Carolina Diving Academy,,2024,Olympic-Trials-Qualifier,Senior,Senior,Female,Platform,Senior Women Platform,false,false,,,,criteria-simulator/data.js
10177,Last Chance Olympic Trials Qualifier,Senior Women Platform (Final),Final,63368,Ava,Boyer,6,235.95,5526,Coral Springs Diving,,2024,Olympic-Trials-Qualifier,Senior,Senior,Female,Platform,Senior Women Platform,false,false,,,,criteria-simulator/data.js
10177,Last Chance Olympic Trials Qualifier,Senior Women Platform (Final),Final,39058,Quintilia,Fidanza,7,233.15,8543,Knight Diving Academy,,2024,Olympic-Trials-Qualifier,Senior,Senior,Female,Platform,Senior Women Platform,false,false,,,,criteria-simulator/data.js
10177,Last Chance Olympic Trials Qualifier,Senior Women Platform (Final),Final,59496,Gabrielle,Filzen,8,232.7,5532,RipFest,,2024,Olympic-Trials-Qualifier,Senior,Senior,Female,Platform,Senior Women Platform,false,false,,,,criteria-simulator/data.js
10177,Last Chance Olympic Trials Qualifier,Senior Women Platform (Final),Final,39477,Isabel,Gregersen,9,222.2,,Unattached,,2024,Olympic-Trials-Qualifier,Senior,Senior,Female,Platform,Senior Women Platform,false,false,,,,criteria-simulator/data.js
10177,Last Chance Olympic Trials Qualifier,Senior Women Platform (Final),Final,48153,Juliet,Radich,10,221.15,5526,Coral Springs Diving,,2024,Olympic-Trials-Qualifier,Senior,Senior,Female,Platform,Senior Women Platform,false,false,,,,criteria-simulator/data.js
10177,Last Chance Olympic Trials Qualifier,Senior Women Platform (Final),Final,42836,Geneva,Pauly,11,210.95,,Unattached,,2024,Olympic-Trials-Qualifier,Senior,Senior,Female,Platform,Senior Women Platform,false,false,,,,criteria-simulator/data.js
10177,Last Chance Olympic Trials Qualifier,Senior Women Platform (Final),Final,75160,Brooklyn,Petit,12,207.4,1106,Atlanta Diving Association,,2024,Olympic-Trials-Qualifier,Senior,Senior,Female,Platform,Senior Women Platform,false,false,,,,criteria-simulator/data.js
10177,Last Chance Olympic Trials Qualifier,Senior Women Platform (Final),Final,50151,Avery,Hillier,13,198.45,8543,Knight Diving Academy,,2024,Olympic-Trials-Qualifier,Senior,Senior,Female,Platform,Senior Women Platform,false,false,,,,criteria-simulator/data.js
10177,Last Chance Olympic Trials Qualifier,Senior Women Platform (Final),Final,60723,Alexia,Jackson,14,187.6,9709,BYU COUGAR DIVE CLUB,,2024,Olympic-Trials-Qualifier,Senior,Senior,Female,Platform,Senior Women Platform,false,false,,,,criteria-simulator/data.js
10177,Last Chance Olympic Trials Qualifier,Senior Women Platform (Final),Final,74809,Chloe,Brothers,15,168.15,1106,Atlanta Diving Association,,2024,Olympic-Trials-Qualifier,Senior,Senior,Female,Platform,Senior Women Platform,false,false,,,,criteria-simulator/data.js
10177,Last Chance Olympic Trials Qualifier,Senior Men 3m (Final),Final,59909,Luke,Sitz,1,409.3,8037,Dallas Metroplex Diving,,2024,Olympic-Trials-Qualifier,Senior,Senior,Male,3M,Senior Men 3M,false,false,,,,criteria-simulator/data.js
10177,Last Chance Olympic Trials Qualifier,Senior Men 3m (Final),Final,46629,Zachary,Welsh,2,381.65,1043,Mission Viejo Nadadores Dive,,2024,Olympic-Trials-Qualifier,Senior,Senior,Male,3M,Senior Men 3M,false,false,,,,criteria-simulator/data.js
10177,Last Chance Olympic Trials Qualifier,Senior Men 3m (Final),Final,42319,Daniel,Knapp,3,368.2,,Unattached,,2024,Olympic-Trials-Qualifier,Senior,Senior,Male,3M,Senior Men 3M,false,false,,,,criteria-simulator/data.js
10177,Last Chance Olympic Trials Qualifier,Senior Men 3m (Final),Final,38250,Harrison,Nolan,4,348.25,3596,Windy City Diving,,2024,Olympic-Trials-Qualifier,Senior,Senior,Male,3M,Senior Men 3M,false,false,,,,criteria-simulator/data.js
10177,Last Chance Olympic Trials Qualifier,Senior Men 3m (Final),Final,36042,Bennett,Greene,5,340.3,8011,Tennessee Aquatics Diving,,2024,Olympic-Trials-Qualifier,Senior,Senior,Male,3M,Senior Men 3M,false,false,,,,criteria-simulator/data.js
10177,Last Chance Olympic Trials Qualifier,Senior Men 3m (Final),Final,80186,Andrew,Bell,6,336.35,,Unattached,,2024,Olympic-Trials-Qualifier,Senior,Senior,Male,3M,Senior Men 3M,false,false,,,,criteria-simulator/data.js
10177,Last Chance Olympic Trials Qualifier,Senior Men 3m (Final),Final,46912,Sebastian,Otero,7,333.25,,Unattached,,2024,Olympic-Trials-Qualifier,Senior,Senior,Male,3M,Senior Men 3M,false,false,,,,criteria-simulator/data.js
10177,Last Chance Olympic Trials Qualifier,Senior Men 3m (Final),Final,52560,Hunter,Hollenbeck,8,324.25,,Unattached,,2024,Olympic-Trials-Qualifier,Senior,Senior,Male,3M,Senior Men 3M,false,false,,,,criteria-simulator/data.js
10177,Last Chance Olympic Trials Qualifier,Senior Men 3m (Final),Final,56428,Luke,Hernandez,9,315.15,5344,Duke Diving,,2024,Olympic-Trials-Qualifier,Senior,Senior,Male,3M,Senior Men 3M,false,false,,,,criteria-simulator/data.js
10177,Last Chance Olympic Trials Qualifier,Senior Men 3m (Final),Final,41791,Nathaniel,Grannis,10,311.15,2423,Dominion Dive Club,,2024,Olympic-Trials-Qualifier,Senior,Senior,Male,3M,Senior Men 3M,false,false,,,,criteria-simulator/data.js
10177,Last Chance Olympic Trials Qualifier,Senior Men 3m (Final),Final,42581,Luke,Forester,11,310.9,5532,RipFest,,2024,Olympic-Trials-Qualifier,Senior,Senior,Male,3M,Senior Men 3M,false,false,,,,criteria-simulator/data.js
10177,Last Chance Olympic Trials Qualifier,Senior Men 3m (Final),Final,77079,Travis,Keith,12,289.1,2423,Dominion Dive Club,,2024,Olympic-Trials-Qualifier,Senior,Senior,Male,3M,Senior Men 3M,false,false,,,,criteria-simulator/data.js
10177,Last Chance Olympic Trials Qualifier,Senior Men 3m (Final),Final,62728,Jacob,Schade,13,284.2,3036,Fishers Diving Team,,2024,Olympic-Trials-Qualifier,Senior,Senior,Male,3M,Senior Men 3M,false,false,,,,criteria-simulator/data.js
10177,Last Chance Olympic Trials Qualifier,Senior Men 3m (Final),Final,67038,Hayden,Schroeder,14,284.15,2502,Carolina Diving Academy,,2024,Olympic-Trials-Qualifier,Senior,Senior,Male,3M,Senior Men 3M,false,false,,,,criteria-simulator/data.js
10177,Last Chance Olympic Trials Qualifier,Senior Men 3m (Final),Final,40195,Dash,Glasberg,15,280.5,8404,Johansen Diving Academy,,2024,Olympic-Trials-Qualifier,Senior,Senior,Male,3M,Senior Men 3M,false,false,,,,criteria-simulator/data.js
10177,Last Chance Olympic Trials Qualifier,Senior Men 3m (Final),Final,34818,Finnian,Gelbach,16,275.75,,Unattached,,2024,Olympic-Trials-Qualifier,Senior,Senior,Male,3M,Senior Men 3M,false,false,,,,criteria-simulator/data.js
10177,Last Chance Olympic Trials Qualifier,Senior Men 3m (Final),Final,61205,Noah,Turner,17,272.75,5532,RipFest,,2024,Olympic-Trials-Qualifier,Senior,Senior,Male,3M,Senior Men 3M,false,false,,,,criteria-simulator/data.js
10177,Last Chance Olympic Trials Qualifier,Senior Men 3m (Final),Final,41796,Ivor,Brown,18,271.05,2423,Dominion Dive Club,,2024,Olympic-Trials-Qualifier,Senior,Senior,Male,3M,Senior Men 3M,false,false,,,,criteria-simulator/data.js
10177,Last Chance Olympic Trials Qualifier,Senior Men 3m (Final),Final,43925,Bo,Bridges,19,269.4,1112,Moss Farms Diving,,2024,Olympic-Trials-Qualifier,Senior,Senior,Male,3M,Senior Men 3M,false,false,,,,criteria-simulator/data.js
10177,Last Chance Olympic Trials Qualifier,Senior Men 3m (Final),Final,43139,Aiden,Sadler,20,266.0,1109,Georgia Diving Club,,2024,Olympic-Trials-Qualifier,Senior,Senior,Male,3M,Senior Men 3M,false,false,,,,criteria-simulator/data.js
10177,Last Chance Olympic Trials Qualifier,Senior Men 3m (Final),Final,63306,Thibault,Lede,21,261.5,2423,Dominion Dive Club,,2024,Olympic-Trials-Qualifier,Senior,Senior,Male,3M,Senior Men 3M,false,false,,,,criteria-simulator/data.js
10177,Last Chance Olympic Trials Qualifier,Senior Men 3m (Final),Final,52814,Julian,Cardenas,22,255.9,1184,Legacy Diving,,2024,Olympic-Trials-Qualifier,Senior,Senior,Male,3M,Senior Men 3M,false,false,,,,criteria-simulator/data.js
10177,Last Chance Olympic Trials Qualifier,Senior Men 3m (Final),Final,45619,Joshua,Sollenberger,23,246.75,5345,The Indiana International School of Diving,,2024,Olympic-Trials-Qualifier,Senior,Senior,Male,3M,Senior Men 3M,false,false,,,,criteria-simulator/data.js
10177,Last Chance Olympic Trials Qualifier,Senior Men 3m (Final),Final,41469,McCoy,Lyman,24,246.6,1106,Atlanta Diving Association,,2024,Olympic-Trials-Qualifier,Senior,Senior,Male,3M,Senior Men 3M,false,false,,,,criteria-simulator/data.js
10177,Last Chance Olympic Trials Qualifier,Senior Men 3m (Final),Final,49200,Matthew,Wong,25,245.6,1252,New York Dive Club,,2024,Olympic-Trials-Qualifier,Senior,Senior,Male,3M,Senior Men 3M,false,false,,,,criteria-simulator/data.js
10177,Last Chance Olympic Trials Qualifier,Senior Men 3m (Final),Final,73652,Evan,Stingley,26,242.4,5532,RipFest,,2024,Olympic-Trials-Qualifier,Senior,Senior,Male,3M,Senior Men 3M,false,false,,,,criteria-simulator/data.js
10177,Last Chance Olympic Trials Qualifier,Senior Men 3m (Final),Final,52787,Grant,Cates,27,238.9,5532,RipFest,,2024,Olympic-Trials-Qualifier,Senior,Senior,Male,3M,Senior Men 3M,false,false,,,,criteria-simulator/data.js
10177,Last Chance Olympic Trials Qualifier,Senior Men 3m (Final),Final,53712,Nicholas,Wanzer,28,235.85,2423,Dominion Dive Club,,2024,Olympic-Trials-Qualifier,Senior,Senior,Male,3M,Senior Men 3M,false,false,,,,criteria-simulator/data.js
10177,Last Chance Olympic Trials Qualifier,Senior Men 3m (Final),Final,46924,Blakeman,Shaw,29,227.8,,Unattached,,2024,Olympic-Trials-Qualifier,Senior,Senior,Male,3M,Senior Men 3M,false,false,,,,criteria-simulator/data.js
10177,Last Chance Olympic Trials Qualifier,Senior Men 3m (Final),Final,160346,Rowen,Bishop,30,226.05,1184,Legacy Diving,,2024,Olympic-Trials-Qualifier,Senior,Senior,Male,3M,Senior Men 3M,false,false,,,,criteria-simulator/data.js
10177,Last Chance Olympic Trials Qualifier,Senior Men 3m (Final),Final,80436,Jack,Olivier,31,190.55,1184,Legacy Diving,,2024,Olympic-Trials-Qualifier,Senior,Senior,Male,3M,Senior Men 3M,false,false,,,,criteria-simulator/data.js
10177,Last Chance Olympic Trials Qualifier,Senior Men 3m (Final),Final,63463,Ethan,Weiss,32,179.9,8010,Jersey Diving Academy,,2024,Olympic-Trials-Qualifier,Senior,Senior,Male,3M,Senior Men 3M,false,false,,,,criteria-simulator/data.js
12722,2026 American Cup,Senior Women Platform (Prelim),Prelim,67814,Bayleigh,Cranford,1,315.9,1439,United States,,2026,World-Aquatics-Event,Senior/Open,,Female,Platform,Senior Women Platform,false,false,,,,criteria-simulator/data.js
12722,2026 American Cup,Senior Women Platform (Prelim),Prelim,64569,Ella,Roselli,2,311.1,1439,United States,,2026,World-Aquatics-Event,Senior/Open,,Female,Platform,Senior Women Platform,false,false,,,,criteria-simulator/data.js
12722,2026 American Cup,Senior Women Platform (Prelim),Prelim,26319,Sophia,McAfee,3,296.2,1439,United States,,2026,World-Aquatics-Event,Senior/Open,,Female,Platform,Senior Women Platform,false,false,,,,criteria-simulator/data.js
12722,2026 American Cup,Senior Women Platform (Prelim),Prelim,69231,Else,Praasterink,4,294.85,2406,Netherlands,,2026,World-Aquatics-Event,Senior/Open,,Female,Platform,Senior Women Platform,false,false,,,,criteria-simulator/data.js
12722,2026 American Cup,Senior Women Platform (Prelim),Prelim,80206,Eden,Cheng,5,292.85,2160,Great Britain,,2026,World-Aquatics-Event,Senior/Open,,Female,Platform,Senior Women Platform,false,false,,,,criteria-simulator/data.js
12722,2026 American Cup,Senior Women Platform (Prelim),Prelim,11559,Eloise,Belanger,6,289.15,1414,Canada,,2026,World-Aquatics-Event,Senior/Open,,Female,Platform,Senior Women Platform,false,false,,,,criteria-simulator/data.js
12722,2026 American Cup,Senior Women Platform (Prelim),Prelim,175668,Hannah,Smith,7,285.9,2155,Australia,,2026,World-Aquatics-Event,Senior/Open,,Female,Platform,Senior Women Platform,false,false,,,,criteria-simulator/data.js
12722,2026 American Cup,Senior Women Platform (Prelim),Prelim,169539,Laura,Hingston,8,282.0,2155,Australia,,2026,World-Aquatics-Event,Senior/Open,,Female,Platform,Senior Women Platform,false,false,,,,criteria-simulator/data.js
12722,2026 American Cup,Senior Women Platform (Prelim),Prelim,169548,Emily,Hallifax,9,278.05,2158,France,,2026,World-Aquatics-Event,Senior/Open,,Female,Platform,Senior Women Platform,false,false,,,,criteria-simulator/data.js
12722,2026 American Cup,Senior Women Platform (Prelim),Prelim,175652,Lauren,Flint,10,242.95,2155,Australia,,2026,World-Aquatics-Event,Senior/Open,,Female,Platform,Senior Women Platform,false,false,,,,criteria-simulator/data.js
12722,2026 American Cup,Senior Women Platform (Prelim),Prelim,175636,Seoyeon,Kim,11,240.9,9782,Republic of Korea,,2026,World-Aquatics-Event,Senior/Open,,Female,Platform,Senior Women Platform,false,false,,,,criteria-simulator/data.js
12722,2026 American Cup,Senior Women Platform (Prelim),Prelim,69429,Evelyn,Wang,12,233.95,1439,United States,,2026,World-Aquatics-Event,Senior/Open,,Female,Platform,Senior Women Platform,false,false,,,,criteria-simulator/data.js
12722,2026 American Cup,Senior Women Platform (Prelim),Prelim,35987,Zara,Joy Ayazi,13,226.8,1439,United States,,2026,World-Aquatics-Event,Senior/Open,,Female,Platform,Senior Women Platform,false,false,,,,criteria-simulator/data.js
12722,2026 American Cup,Senior Women Platform (Prelim),Prelim,161601,Mariana,Osorio Mendoza,14,212.0,1416,Colombia,,2026,World-Aquatics-Event,Senior/Open,,Female,Platform,Senior Women Platform,false,false,,,,criteria-simulator/data.js
12722,2026 American Cup,Senior Women Platform (Prelim),Prelim,169526,Nahyun,Kim,15,209.4,9782,Republic of Korea,,2026,World-Aquatics-Event,Senior/Open,,Female,Platform,Senior Women Platform,false,false,,,,criteria-simulator/data.js
12722,2026 American Cup,Senior Women Platform (Semifinal),Semifinal,69429,Evelyn,Wang,1,283.1,1439,United States,,2026,World-Aquatics-Event,Senior/Open,,Female,Platform,Senior Women Platform,false,false,,,,criteria-simulator/data.js
12722,2026 American Cup,Senior Women Platform (Semifinal),Semifinal,175652,Lauren,Flint,1,283.1,2155,Australia,,2026,World-Aquatics-Event,Senior/Open,,Female,Platform,Senior Women Platform,false,false,,,,criteria-simulator/data.js
12722,2026 American Cup,Senior Women Platform (Semifinal),Semifinal,26319,Sophia,McAfee,3,276.45,1439,United States,,2026,World-Aquatics-Event,Senior/Open,,Female,Platform,Senior Women Platform,false,false,,,,criteria-simulator/data.js
12722,2026 American Cup,Senior Women Platform (Semifinal),Semifinal,175636,Seoyeon,Kim,4,260.05,9782,Republic of Korea,,2026,World-Aquatics-Event,Senior/Open,,Female,Platform,Senior Women Platform,false,false,,,,criteria-simulator/data.js
12722,2026 American Cup,Senior Women Platform (Semifinal),Semifinal,169526,Nahyun,Kim,5,253.85,9782,Republic of Korea,,2026,World-Aquatics-Event,Senior/Open,,Female,Platform,Senior Women Platform,false,false,,,,criteria-simulator/data.js
12722,2026 American Cup,Senior Women Platform (Semifinal),Semifinal,35987,Zara,Joy Ayazi,6,240.2,1439,United States,,2026,World-Aquatics-Event,Senior/Open,,Female,Platform,Senior Women Platform,false,false,,,,criteria-simulator/data.js
12722,2026 American Cup,Senior Women Platform (Semifinal),Semifinal,161601,Mariana,Osorio Mendoza,7,190.3,1416,Colombia,,2026,World-Aquatics-Event,Senior/Open,,Female,Platform,Senior Women Platform,false,false,,,,criteria-simulator/data.js
12722,2026 American Cup,Senior Men 3m (Prelim),Prelim,38444,Jack,Ryan,1,428.7,1439,United States,,2026,World-Aquatics-Event,Senior/Open,,Male,3M,Senior Men 3M,false,false,,,,criteria-simulator/data.js
12722,2026 American Cup,Senior Men 3m (Prelim),Prelim,23733,Maxwell,Flory,2,419.05,1439,United States,,2026,World-Aquatics-Event,Senior/Open,,Male,3M,Senior Men 3M,false,false,,,,criteria-simulator/data.js
12722,2026 American Cup,Senior Men 3m (Prelim),Prelim,175644,Kirill,Boliukh,3,408.25,2299,Ukraine,,2026,World-Aquatics-Event,Senior/Open,,Male,3M,Senior Men 3M,false,false,,,,criteria-simulator/data.js
12722,2026 American Cup,Senior Men 3m (Prelim),Prelim,74525,Miguel,Tovar,4,384.0,1416,Colombia,,2026,World-Aquatics-Event,Senior/Open,,Male,3M,Senior Men 3M,false,false,,,,criteria-simulator/data.js
12722,2026 American Cup,Senior Men 3m (Prelim),Prelim,100799,Jordan,Houlden,5,383.7,2160,Great Britain,,2026,World-Aquatics-Event,Senior/Open,,Male,3M,Senior Men 3M,false,false,,,,criteria-simulator/data.js
12722,2026 American Cup,Senior Men 3m (Prelim),Prelim,100776,Samuel,Fricker,6,380.0,2155,Australia,,2026,World-Aquatics-Event,Senior/Open,,Male,3M,Senior Men 3M,false,false,,,,criteria-simulator/data.js
12722,2026 American Cup,Senior Men 3m (Prelim),Prelim,173957,Frazer,Tavener,7,379.35,2177,New Zealand,,2026,World-Aquatics-Event,Senior/Open,,Male,3M,Senior Men 3M,false,false,,,,criteria-simulator/data.js
12722,2026 American Cup,Senior Men 3m (Prelim),Prelim,59909,Luke,Sitz,8,378.15,1439,United States,,2026,World-Aquatics-Event,Senior/Open,,Male,3M,Senior Men 3M,false,false,,,,criteria-simulator/data.js
12722,2026 American Cup,Senior Men 3m (Prelim),Prelim,175645,Stanislav,Oliferchyk,9,370.5,2299,Ukraine,,2026,World-Aquatics-Event,Senior/Open,,Male,3M,Senior Men 3M,false,false,,,,criteria-simulator/data.js
12722,2026 American Cup,Senior Men 3m (Prelim),Prelim,169533,Jules,Bouyer,10,365.7,2158,France,,2026,World-Aquatics-Event,Senior/Open,,Male,3M,Senior Men 3M,false,false,,,,criteria-simulator/data.js
12722,2026 American Cup,Senior Men 3m (Prelim),Prelim,175659,Leon,Baker,11,357.0,2160,Great Britain,,2026,World-Aquatics-Event,Senior/Open,,Male,3M,Senior Men 3M,false,false,,,,criteria-simulator/data.js
12722,2026 American Cup,Senior Men 3m (Prelim),Prelim,170659,Jake,Passmore,12,356.25,10066,Ireland,,2026,World-Aquatics-Event,Senior/Open,,Male,3M,Senior Men 3M,false,false,,,,criteria-simulator/data.js
12722,2026 American Cup,Senior Men 3m (Prelim),Prelim,169703,Benjamin,Wilson,13,356.1,2155,Australia,,2026,World-Aquatics-Event,Senior/Open,,Male,3M,Senior Men 3M,false,false,,,,criteria-simulator/data.js
12722,2026 American Cup,Senior Men 3m (Prelim),Prelim,169540,Hudson,Skinner,14,349.25,2155,Australia,,2026,World-Aquatics-Event,Senior/Open,,Male,3M,Senior Men 3M,false,false,,,,criteria-simulator/data.js
12722,2026 American Cup,Senior Men 3m (Prelim),Prelim,65220,Thomas,Ciprick,15,341.7,1414,Canada,,2026,World-Aquatics-Event,Senior/Open,,Male,3M,Senior Men 3M,false,false,,,,criteria-simulator/data.js
12722,2026 American Cup,Senior Men 3m (Prelim),Prelim,44506,Quentin,Henninger,16,334.45,1439,United States,,2026,World-Aquatics-Event,Senior/Open,,Male,3M,Senior Men 3M,false,false,,,,criteria-simulator/data.js
12722,2026 American Cup,Senior Men 3m (Prelim),Prelim,175638,Sho,Sakai,17,330.1,2163,Japan,,2026,World-Aquatics-Event,Senior/Open,,Male,3M,Senior Men 3M,false,false,,,,criteria-simulator/data.js
12722,2026 American Cup,Senior Men 3m (Prelim),Prelim,65245,Mohamed,Farouk,18,328.75,4112,Egypt,,2026,World-Aquatics-Event,Senior/Open,,Male,3M,Senior Men 3M,false,false,,,,criteria-simulator/data.js
12722,2026 American Cup,Senior Men 3m (Prelim),Prelim,62507,Tazman,Abramowicz,19,328.4,1414,Canada,,2026,World-Aquatics-Event,Senior/Open,,Male,3M,Senior Men 3M,false,false,,,,criteria-simulator/data.js
12722,2026 American Cup,Senior Men 3m (Prelim),Prelim,175657,Mikula,Miocic,20,323.65,3101,Croatia,,2026,World-Aquatics-Event,Senior/Open,,Male,3M,Senior Men 3M,false,false,,,,criteria-simulator/data.js
12722,2026 American Cup,Senior Men 3m (Prelim),Prelim,169528,Kang,Minhyuk,21,309.55,9782,Republic of Korea,,2026,World-Aquatics-Event,Senior/Open,,Male,3M,Senior Men 3M,false,false,,,,criteria-simulator/data.js
12722,2026 American Cup,Senior Men 3m (Prelim),Prelim,175634,Doyun,Oh,22,307.05,9782,Republic of Korea,,2026,World-Aquatics-Event,Senior/Open,,Male,3M,Senior Men 3M,false,false,,,,criteria-simulator/data.js
12722,2026 American Cup,Senior Men 3m (Prelim),Prelim,175660,Todd,Geggus,23,297.95,2160,Great Britain,,2026,World-Aquatics-Event,Senior/Open,,Male,3M,Senior Men 3M,false,false,,,,criteria-simulator/data.js
12722,2026 American Cup,Senior Men 3m (Prelim),Prelim,45619,Joshua,Sollenberger,24,297.2,1439,United States,,2026,World-Aquatics-Event,Senior/Open,,Male,3M,Senior Men 3M,false,false,,,,criteria-simulator/data.js
12722,2026 American Cup,Senior Men 3m (Prelim),Prelim,41791,Nathaniel,Grannis,25,274.95,1439,United States,,2026,World-Aquatics-Event,Senior/Open,,Male,3M,Senior Men 3M,false,false,,,,criteria-simulator/data.js
12722,2026 American Cup,Senior Men 3m (Prelim),Prelim,74527,Juan,Manuel López Gómez,26,269.3,1416,Colombia,,2026,World-Aquatics-Event,Senior/Open,,Male,3M,Senior Men 3M,false,false,,,,criteria-simulator/data.js
12722,2026 American Cup,Senior Men 3m (Prelim),Prelim,175654,Marko,Huljev,27,258.2,3101,Croatia,,2026,World-Aquatics-Event,Senior/Open,,Male,3M,Senior Men 3M,false,false,,,,criteria-simulator/data.js
12722,2026 American Cup,Senior Men 3m (Prelim),Prelim,68012,Beaumanoir,Amprey,28,177.85,10065,Haiti,,2026,World-Aquatics-Event,Senior/Open,,Male,3M,Senior Men 3M,false,false,,,,criteria-simulator/data.js
12722,2026 American Cup,Senior Men 3m (Semifinal),Semifinal,59909,Luke,Sitz,1,414.75,1439,United States,,2026,World-Aquatics-Event,Senior/Open,,Male,3M,Senior Men 3M,false,false,,,,criteria-simulator/data.js
12722,2026 American Cup,Senior Men 3m (Semifinal),Semifinal,175659,Leon,Baker,2,398.45,2160,Great Britain,,2026,World-Aquatics-Event,Senior/Open,,Male,3M,Senior Men 3M,false,false,,,,criteria-simulator/data.js
12722,2026 American Cup,Senior Men 3m (Semifinal),Semifinal,44506,Quentin,Henninger,3,386.3,1439,United States,,2026,World-Aquatics-Event,Senior/Open,,Male,3M,Senior Men 3M,false,false,,,,criteria-simulator/data.js
12722,2026 American Cup,Senior Men 3m (Semifinal),Semifinal,169533,Jules,Bouyer,4,381.0,2158,France,,2026,World-Aquatics-Event,Senior/Open,,Male,3M,Senior Men 3M,false,false,,,,criteria-simulator/data.js
12722,2026 American Cup,Senior Men 3m (Semifinal),Semifinal,175638,Sho,Sakai,5,372.5,2163,Japan,,2026,World-Aquatics-Event,Senior/Open,,Male,3M,Senior Men 3M,false,false,,,,criteria-simulator/data.js
12722,2026 American Cup,Senior Men 3m (Semifinal),Semifinal,65220,Thomas,Ciprick,6,365.7,1414,Canada,,2026,World-Aquatics-Event,Senior/Open,,Male,3M,Senior Men 3M,false,false,,,,criteria-simulator/data.js
12722,2026 American Cup,Senior Men 3m (Semifinal),Semifinal,170659,Jake,Passmore,7,363.5,10066,Ireland,,2026,World-Aquatics-Event,Senior/Open,,Male,3M,Senior Men 3M,false,false,,,,criteria-simulator/data.js
12722,2026 American Cup,Senior Men 3m (Semifinal),Semifinal,65245,Mohamed,Farouk,8,352.45,4112,Egypt,,2026,World-Aquatics-Event,Senior/Open,,Male,3M,Senior Men 3M,false,false,,,,criteria-simulator/data.js
12722,2026 American Cup,Senior Men 3m (Semifinal),Semifinal,169540,Hudson,Skinner,9,322.95,2155,Australia,,2026,World-Aquatics-Event,Senior/Open,,Male,3M,Senior Men 3M,false,false,,,,criteria-simulator/data.js
12722,2026 American Cup,Senior Men 3m (Semifinal),Semifinal,62507,Tazman,Abramowicz,10,305.15,1414,Canada,,2026,World-Aquatics-Event,Senior/Open,,Male,3M,Senior Men 3M,false,false,,,,criteria-simulator/data.js
12722,2026 American Cup,Senior Men 3m (Semifinal),Semifinal,169703,Benjamin,Wilson,11,288.4,2155,Australia,,2026,World-Aquatics-Event,Senior/Open,,Male,3M,Senior Men 3M,false,false,,,,criteria-simulator/data.js
12722,2026 American Cup,Senior Men 3m (Semifinal),Semifinal,175657,Mikula,Miocic,12,279.3,3101,Croatia,,2026,World-Aquatics-Event,Senior/Open,,Male,3M,Senior Men 3M,false,false,,,,criteria-simulator/data.js
12722,2026 American Cup,Senior Women 3m (Prelim),Prelim,169542,Desharne,Bent-Ashmeil,1,309.6,2160,Great Britain,,2026,World-Aquatics-Event,Senior/Open,,Female,3M,Senior Women 3M,false,false,,,,criteria-simulator/data.js
12722,2026 American Cup,Senior Women 3m (Prelim),Prelim,43980,Sophie,Verzyl,2,301.5,1439,United States,,2026,World-Aquatics-Event,Senior/Open,,Female,3M,Senior Women 3M,false,false,,,,criteria-simulator/data.js
12722,2026 American Cup,Senior Women 3m (Prelim),Prelim,51576,Kyndal,Knight,3,276.15,1439,United States,,2026,World-Aquatics-Event,Senior/Open,,Female,3M,Senior Women 3M,false,false,,,,criteria-simulator/data.js
12722,2026 American Cup,Senior Women 3m (Prelim),Prelim,58408,Maha,Amer,4,266.5,4112,Egypt,,2026,World-Aquatics-Event,Senior/Open,,Female,3M,Senior Women 3M,false,false,,,,criteria-simulator/data.js
12722,2026 American Cup,Senior Women 3m (Prelim),Prelim,27296,Margo,OMeara,5,265.9,1439,United States,,2026,World-Aquatics-Event,Senior/Open,,Female,3M,Senior Women 3M,false,false,,,,criteria-simulator/data.js
12722,2026 American Cup,Senior Women 3m (Prelim),Prelim,41444,Lily,Witte,6,260.7,1439,United States,,2026,World-Aquatics-Event,Senior/Open,,Female,3M,Senior Women 3M,false,false,,,,criteria-simulator/data.js
12722,2026 American Cup,Senior Women 3m (Prelim),Prelim,48801,Bailee,Sturgill,7,251.7,1439,United States,,2026,World-Aquatics-Event,Senior/Open,,Female,3M,Senior Women 3M,false,false,,,,criteria-simulator/data.js
12722,2026 American Cup,Senior Women 3m (Prelim),Prelim,100814,Amy,Rollinson,8,251.55,2160,Great Britain,,2026,World-Aquatics-Event,Senior/Open,,Female,3M,Senior Women 3M,false,false,,,,criteria-simulator/data.js
12722,2026 American Cup,Senior Women 3m (Prelim),Prelim,73015,Juliette,Landi,9,251.05,2158,France,,2026,World-Aquatics-Event,Senior/Open,,Female,3M,Senior Women 3M,false,false,,,,criteria-simulator/data.js
12722,2026 American Cup,Senior Women 3m (Prelim),Prelim,173113,Natalie,Phan,10,249.3,2155,Australia,,2026,World-Aquatics-Event,Senior/Open,,Female,3M,Senior Women 3M,false,false,,,,criteria-simulator/data.js
12722,2026 American Cup,Senior Women 3m (Prelim),Prelim,45450,Charlotte,Norman,11,246.15,2158,France,,2026,World-Aquatics-Event,Senior/Open,,Female,3M,Senior Women 3M,false,false,,,,criteria-simulator/data.js
12722,2026 American Cup,Senior Women 3m (Prelim),Prelim,169710,Lucy,Dovison,12,235.1,2155,Australia,,2026,World-Aquatics-Event,Senior/Open,,Female,3M,Senior Women 3M,false,false,,,,criteria-simulator/data.js
12722,2026 American Cup,Senior Women 3m (Prelim),Prelim,65393,Anna,Kwong,13,232.65,1439,United States,,2026,World-Aquatics-Event,Senior/Open,,Female,3M,Senior Women 3M,false,false,,,,criteria-simulator/data.js
12722,2026 American Cup,Senior Women 3m (Prelim),Prelim,65061,Brittany,Obrien,14,223.5,2155,Australia,,2026,World-Aquatics-Event,Senior/Open,,Female,3M,Senior Women 3M,false,false,,,,criteria-simulator/data.js
12722,2026 American Cup,Senior Women 3m (Prelim),Prelim,74505,Lila,Stewart,15,206.3,1414,Canada,,2026,World-Aquatics-Event,Senior/Open,,Female,3M,Senior Women 3M,false,false,,,,criteria-simulator/data.js
12722,2026 American Cup,Senior Women 3m (Prelim),Prelim,175651,Diana,Karnafel,16,199.5,2299,Ukraine,,2026,World-Aquatics-Event,Senior/Open,,Female,3M,Senior Women 3M,false,false,,,,criteria-simulator/data.js
12722,2026 American Cup,Senior Women 3m (Prelim),Prelim,175650,Kseniia,Bochek,17,196.45,2299,Ukraine,,2026,World-Aquatics-Event,Senior/Open,,Female,3M,Senior Women 3M,false,false,,,,criteria-simulator/data.js
12722,2026 American Cup,Senior Women 3m (Prelim),Prelim,175631,Sophie,Derbyshire,18,164.55,2177,New Zealand,,2026,World-Aquatics-Event,Senior/Open,,Female,3M,Senior Women 3M,false,false,,,,criteria-simulator/data.js
12722,2026 American Cup,Senior Women 3m (Semifinal),Semifinal,65061,Brittany,Obrien,1,288.35,2155,Australia,,2026,World-Aquatics-Event,Senior/Open,,Female,3M,Senior Women 3M,false,false,,,,criteria-simulator/data.js
12722,2026 American Cup,Senior Women 3m (Semifinal),Semifinal,169710,Lucy,Dovison,2,273.55,2155,Australia,,2026,World-Aquatics-Event,Senior/Open,,Female,3M,Senior Women 3M,false,false,,,,criteria-simulator/data.js
12722,2026 American Cup,Senior Women 3m (Semifinal),Semifinal,27296,Margo,OMeara,3,265.7,1439,United States,,2026,World-Aquatics-Event,Senior/Open,,Female,3M,Senior Women 3M,false,false,,,,criteria-simulator/data.js
12722,2026 American Cup,Senior Women 3m (Semifinal),Semifinal,74505,Lila,Stewart,4,262.2,1414,Canada,,2026,World-Aquatics-Event,Senior/Open,,Female,3M,Senior Women 3M,false,false,,,,criteria-simulator/data.js
12722,2026 American Cup,Senior Women 3m (Semifinal),Semifinal,65393,Anna,Kwong,5,259.55,1439,United States,,2026,World-Aquatics-Event,Senior/Open,,Female,3M,Senior Women 3M,false,false,,,,criteria-simulator/data.js
12722,2026 American Cup,Senior Women 3m (Semifinal),Semifinal,41444,Lily,Witte,6,254.9,1439,United States,,2026,World-Aquatics-Event,Senior/Open,,Female,3M,Senior Women 3M,false,false,,,,criteria-simulator/data.js
12722,2026 American Cup,Senior Women 3m (Semifinal),Semifinal,48801,Bailee,Sturgill,7,248.85,1439,United States,,2026,World-Aquatics-Event,Senior/Open,,Female,3M,Senior Women 3M,false,false,,,,criteria-simulator/data.js
12722,2026 American Cup,Senior Women 3m (Semifinal),Semifinal,175651,Diana,Karnafel,8,240.0,2299,Ukraine,,2026,World-Aquatics-Event,Senior/Open,,Female,3M,Senior Women 3M,false,false,,,,criteria-simulator/data.js
12722,2026 American Cup,Senior Women 3m (Semifinal),Semifinal,175650,Kseniia,Bochek,9,218.6,2299,Ukraine,,2026,World-Aquatics-Event,Senior/Open,,Female,3M,Senior Women 3M,false,false,,,,criteria-simulator/data.js
12722,2026 American Cup,Senior Women 3m (Semifinal),Semifinal,175631,Sophie,Derbyshire,10,197.1,2177,New Zealand,,2026,World-Aquatics-Event,Senior/Open,,Female,3M,Senior Women 3M,false,false,,,,criteria-simulator/data.js
12722,2026 American Cup,Senior Men  (Final),Final,100729,TEAM,USA A,1,415.9,1439,United States,,2026,World-Aquatics-Event,Other,,Mixed,,Senior Mixed,false,false,,,,criteria-simulator/data.js
12722,2026 American Cup,Senior Men  (Final),Final,169546,TEAM,FRANCE A,2,352.1,2158,France,,2026,World-Aquatics-Event,Other,,Mixed,,Senior Mixed,false,false,,,,criteria-simulator/data.js
12722,2026 American Cup,Senior Men  (Final),Final,166100,TEAM,USA D,3,317.7,1439,United States,,2026,World-Aquatics-Event,Other,,Mixed,,Senior Mixed,false,false,,,,criteria-simulator/data.js
12722,2026 American Cup,Senior Men Platform (Prelim),Prelim,175647,Mark,Hrytsenko,1,416.4,2299,Ukraine,,2026,World-Aquatics-Event,Senior/Open,,Male,Platform,Senior Men Platform,false,false,,,,criteria-simulator/data.js
12722,2026 American Cup,Senior Men Platform (Prelim),Prelim,100793,Kyle,Kothari,2,407.2,2160,Great Britain,,2026,World-Aquatics-Event,Senior/Open,,Male,Platform,Senior Men Platform,false,false,,,,criteria-simulator/data.js
12722,2026 American Cup,Senior Men Platform (Prelim),Prelim,175661,Noah,Williams,3,393.9,2160,Great Britain,,2026,World-Aquatics-Event,Senior/Open,,Male,Platform,Senior Men Platform,false,false,,,,criteria-simulator/data.js
12722,2026 American Cup,Senior Men Platform (Prelim),Prelim,169528,Kang,Minhyuk,4,360.5,9782,Republic of Korea,,2026,World-Aquatics-Event,Senior/Open,,Male,Platform,Senior Men Platform,false,false,,,,criteria-simulator/data.js
12722,2026 American Cup,Senior Men Platform (Prelim),Prelim,175664,Santiago,Choez,5,350.75,10067,Ecuador,,2026,World-Aquatics-Event,Senior/Open,,Male,Platform,Senior Men Platform,false,false,,,,criteria-simulator/data.js
12722,2026 American Cup,Senior Men Platform (Prelim),Prelim,40067,Maxwell,Weinrich,6,342.8,1439,United States,,2026,World-Aquatics-Event,Senior/Open,,Male,Platform,Senior Men Platform,false,false,,,,criteria-simulator/data.js
12722,2026 American Cup,Senior Men Platform (Prelim),Prelim,64745,Andrew,Bennett,7,340.15,1439,United States,,2026,World-Aquatics-Event,Senior/Open,,Male,Platform,Senior Men Platform,false,false,,,,criteria-simulator/data.js
12722,2026 American Cup,Senior Men Platform (Prelim),Prelim,41791,Nathaniel,Grannis,8,337.05,1439,United States,,2026,World-Aquatics-Event,Senior/Open,,Male,Platform,Senior Men Platform,false,false,,,,criteria-simulator/data.js
12722,2026 American Cup,Senior Men Platform (Prelim),Prelim,175633,Nathan,Brown,9,330.6,2177,New Zealand,,2026,World-Aquatics-Event,Senior/Open,,Male,Platform,Senior Men Platform,false,false,,,,criteria-simulator/data.js
12722,2026 American Cup,Senior Men Platform (Prelim),Prelim,40708,Misha,Andriyuk,10,328.55,1439,United States,,2026,World-Aquatics-Event,Senior/Open,,Male,Platform,Senior Men Platform,false,false,,,,criteria-simulator/data.js
12722,2026 American Cup,Senior Men Platform (Prelim),Prelim,49903,Joshua,Hedberg,11,322.5,1439,United States,,2026,World-Aquatics-Event,Senior/Open,,Male,Platform,Senior Men Platform,false,false,,,,criteria-simulator/data.js
12722,2026 American Cup,Senior Men Platform (Prelim),Prelim,69435,Leyton,Dean,12,319.05,1439,United States,,2026,World-Aquatics-Event,Senior/Open,,Male,Platform,Senior Men Platform,false,false,,,,criteria-simulator/data.js
12722,2026 American Cup,Senior Men Platform (Prelim),Prelim,175648,Oleksii,Sereda,13,274.45,2299,Ukraine,,2026,World-Aquatics-Event,Senior/Open,,Male,Platform,Senior Men Platform,false,false,,,,criteria-simulator/data.js
12722,2026 American Cup,Senior Men Platform (Prelim),Prelim,74527,Juan,Manuel López Gómez,14,248.0,1416,Colombia,,2026,World-Aquatics-Event,Senior/Open,,Male,Platform,Senior Men Platform,false,false,,,,criteria-simulator/data.js
12722,2026 American Cup,Senior Men Platform (Semifinal),Semifinal,49903,Joshua,Hedberg,1,441.3,1439,United States,,2026,World-Aquatics-Event,Senior/Open,,Male,Platform,Senior Men Platform,false,false,,,,criteria-simulator/data.js
12722,2026 American Cup,Senior Men Platform (Semifinal),Semifinal,175648,Oleksii,Sereda,2,414.8,2299,Ukraine,,2026,World-Aquatics-Event,Senior/Open,,Male,Platform,Senior Men Platform,false,false,,,,criteria-simulator/data.js
12722,2026 American Cup,Senior Men Platform (Semifinal),Semifinal,41791,Nathaniel,Grannis,3,370.45,1439,United States,,2026,World-Aquatics-Event,Senior/Open,,Male,Platform,Senior Men Platform,false,false,,,,criteria-simulator/data.js
12722,2026 American Cup,Senior Men Platform (Semifinal),Semifinal,40708,Misha,Andriyuk,4,357.55,1439,United States,,2026,World-Aquatics-Event,Senior/Open,,Male,Platform,Senior Men Platform,false,false,,,,criteria-simulator/data.js
12722,2026 American Cup,Senior Men Platform (Semifinal),Semifinal,69435,Leyton,Dean,5,320.6,1439,United States,,2026,World-Aquatics-Event,Senior/Open,,Male,Platform,Senior Men Platform,false,false,,,,criteria-simulator/data.js
12722,2026 American Cup,Senior Men Platform (Semifinal),Semifinal,74527,Juan,Manuel López Gómez,6,284.6,1416,Colombia,,2026,World-Aquatics-Event,Senior/Open,,Male,Platform,Senior Men Platform,false,false,,,,criteria-simulator/data.js
12722,2026 American Cup,Senior Women Platform (Final),Final,80206,Eden,Cheng,1,340.2,2160,Great Britain,,2026,World-Aquatics-Event,Senior/Open,,Female,Platform,Senior Women Platform,false,false,,,,criteria-simulator/data.js
12722,2026 American Cup,Senior Women Platform (Final),Final,67814,Bayleigh,Cranford,2,321.5,1439,United States,,2026,World-Aquatics-Event,Senior/Open,,Female,Platform,Senior Women Platform,false,false,,,,criteria-simulator/data.js
12722,2026 American Cup,Senior Women Platform (Final),Final,11559,Eloise,Belanger,3,317.95,1414,Canada,,2026,World-Aquatics-Event,Senior/Open,,Female,Platform,Senior Women Platform,false,false,,,,criteria-simulator/data.js
12722,2026 American Cup,Senior Women Platform (Final),Final,64569,Ella,Roselli,4,312.0,1439,United States,,2026,World-Aquatics-Event,Senior/Open,,Female,Platform,Senior Women Platform,false,false,,,,criteria-simulator/data.js
12722,2026 American Cup,Senior Women Platform (Final),Final,26319,Sophia,McAfee,5,304.15,1439,United States,,2026,World-Aquatics-Event,Senior/Open,,Female,Platform,Senior Women Platform,false,false,,,,criteria-simulator/data.js
12722,2026 American Cup,Senior Women Platform (Final),Final,169539,Laura,Hingston,6,289.2,2155,Australia,,2026,World-Aquatics-Event,Senior/Open,,Female,Platform,Senior Women Platform,false,false,,,,criteria-simulator/data.js
12722,2026 American Cup,Senior Women Platform (Final),Final,175668,Hannah,Smith,7,287.1,2155,Australia,,2026,World-Aquatics-Event,Senior/Open,,Female,Platform,Senior Women Platform,false,false,,,,criteria-simulator/data.js
12722,2026 American Cup,Senior Women Platform (Final),Final,175652,Lauren,Flint,8,286.6,2155,Australia,,2026,World-Aquatics-Event,Senior/Open,,Female,Platform,Senior Women Platform,false,false,,,,criteria-simulator/data.js
12722,2026 American Cup,Senior Women Platform (Final),Final,175636,Seoyeon,Kim,9,273.35,9782,Republic of Korea,,2026,World-Aquatics-Event,Senior/Open,,Female,Platform,Senior Women Platform,false,false,,,,criteria-simulator/data.js
12722,2026 American Cup,Senior Women Platform (Final),Final,69231,Else,Praasterink,10,264.7,2406,Netherlands,,2026,World-Aquatics-Event,Senior/Open,,Female,Platform,Senior Women Platform,false,false,,,,criteria-simulator/data.js
12722,2026 American Cup,Senior Women Platform (Final),Final,169548,Emily,Hallifax,11,258.85,2158,France,,2026,World-Aquatics-Event,Senior/Open,,Female,Platform,Senior Women Platform,false,false,,,,criteria-simulator/data.js
12722,2026 American Cup,Senior Women Platform (Final),Final,69429,Evelyn,Wang,12,224.3,1439,United States,,2026,World-Aquatics-Event,Senior/Open,,Female,Platform,Senior Women Platform,false,false,,,,criteria-simulator/data.js
12722,2026 American Cup,Senior Women Synchronized Platform (Final),Final,175652,Lauren,Flint,1,284.7,2155,Australia,,2026,World-Aquatics-Event,Senior/Open,,Female,Synchro-Platform,Synchro Senior Women Synchro-Platform,true,false,,,,criteria-simulator/data.js
12722,2026 American Cup,Senior Women Synchronized Platform (Final),Final,175649,Kseniia,Bailo,2,264.42,2299,Ukraine,,2026,World-Aquatics-Event,Senior/Open,,Female,Synchro-Platform,Synchro Senior Women Synchro-Platform,true,false,,,,criteria-simulator/data.js
12722,2026 American Cup,Senior Women Synchronized Platform (Final),Final,80206,Eden,Cheng,3,259.32,2160,Great Britain,,2026,World-Aquatics-Event,Senior/Open,,Female,Synchro-Platform,Synchro Senior Women Synchro-Platform,true,false,,,,criteria-simulator/data.js
12722,2026 American Cup,Senior Women Synchronized Platform (Final),Final,64569,Ella,Roselli,4,255.72,1439,United States,,2026,World-Aquatics-Event,Senior/Open,,Female,Synchro-Platform,Synchro Senior Women Synchro-Platform,true,false,,,,criteria-simulator/data.js
12722,2026 American Cup,Senior Men 3m (Final),Final,100799,Jordan,Houlden,1,434.05,2160,Great Britain,,2026,World-Aquatics-Event,Senior/Open,,Male,3M,Senior Men 3M,false,false,,,,criteria-simulator/data.js
12722,2026 American Cup,Senior Men 3m (Final),Final,59909,Luke,Sitz,2,433.15,1439,United States,,2026,World-Aquatics-Event,Senior/Open,,Male,3M,Senior Men 3M,false,false,,,,criteria-simulator/data.js
12722,2026 American Cup,Senior Men 3m (Final),Final,44506,Quentin,Henninger,3,430.75,1439,United States,,2026,World-Aquatics-Event,Senior/Open,,Male,3M,Senior Men 3M,false,false,,,,criteria-simulator/data.js
12722,2026 American Cup,Senior Men 3m (Final),Final,175645,Stanislav,Oliferchyk,4,426.35,2299,Ukraine,,2026,World-Aquatics-Event,Senior/Open,,Male,3M,Senior Men 3M,false,false,,,,criteria-simulator/data.js
12722,2026 American Cup,Senior Men 3m (Final),Final,38444,Jack,Ryan,5,413.8,1439,United States,,2026,World-Aquatics-Event,Senior/Open,,Male,3M,Senior Men 3M,false,false,,,,criteria-simulator/data.js
12722,2026 American Cup,Senior Men 3m (Final),Final,74525,Miguel,Tovar,6,407.9,1416,Colombia,,2026,World-Aquatics-Event,Senior/Open,,Male,3M,Senior Men 3M,false,false,,,,criteria-simulator/data.js
12722,2026 American Cup,Senior Men 3m (Final),Final,169533,Jules,Bouyer,7,397.55,2158,France,,2026,World-Aquatics-Event,Senior/Open,,Male,3M,Senior Men 3M,false,false,,,,criteria-simulator/data.js
12722,2026 American Cup,Senior Men 3m (Final),Final,173957,Frazer,Tavener,8,384.2,2177,New Zealand,,2026,World-Aquatics-Event,Senior/Open,,Male,3M,Senior Men 3M,false,false,,,,criteria-simulator/data.js
12722,2026 American Cup,Senior Men 3m (Final),Final,23733,Maxwell,Flory,9,383.7,1439,United States,,2026,World-Aquatics-Event,Senior/Open,,Male,3M,Senior Men 3M,false,false,,,,criteria-simulator/data.js
12722,2026 American Cup,Senior Men 3m (Final),Final,100776,Samuel,Fricker,10,367.45,2155,Australia,,2026,World-Aquatics-Event,Senior/Open,,Male,3M,Senior Men 3M,false,false,,,,criteria-simulator/data.js
12722,2026 American Cup,Senior Men 3m (Final),Final,175659,Leon,Baker,11,344.7,2160,Great Britain,,2026,World-Aquatics-Event,Senior/Open,,Male,3M,Senior Men 3M,false,false,,,,criteria-simulator/data.js
12722,2026 American Cup,Senior Men 3m (Final),Final,175644,Kirill,Boliukh,12,344.65,2299,Ukraine,,2026,World-Aquatics-Event,Senior/Open,,Male,3M,Senior Men 3M,false,false,,,,criteria-simulator/data.js
12722,2026 American Cup,Senior Men Synchronized 3m (Final),Final,44506,Quentin,Henninger,1,433.83,1439,United States,,2026,World-Aquatics-Event,Senior/Open,,Male,Synchro-3m,Synchro Senior Men Synchro-3m,true,false,,,,criteria-simulator/data.js
12722,2026 American Cup,Senior Men Synchronized 3m (Final),Final,175644,Kirill,Boliukh,2,397.47,2299,Ukraine,,2026,World-Aquatics-Event,Senior/Open,,Male,Synchro-3m,Synchro Senior Men Synchro-3m,true,false,,,,criteria-simulator/data.js
12722,2026 American Cup,Senior Men Synchronized 3m (Final),Final,45619,Joshua,Sollenberger,3,383.55,1439,United States,,2026,World-Aquatics-Event,Senior/Open,,Male,Synchro-3m,Synchro Senior Men Synchro-3m,true,false,,,,criteria-simulator/data.js
12722,2026 American Cup,Senior Men Synchronized 3m (Final),Final,169703,Benjamin,Wilson,4,342.63,2155,Australia,,2026,World-Aquatics-Event,Senior/Open,,Male,Synchro-3m,Synchro Senior Men Synchro-3m,true,false,,,,criteria-simulator/data.js
12722,2026 American Cup,Senior Men Synchronized 3m (Final),Final,175657,Mikula,Miocic,5,326.85,3101,Croatia,,2026,World-Aquatics-Event,Senior/Open,,Male,Synchro-3m,Synchro Senior Men Synchro-3m,true,false,,,,criteria-simulator/data.js
12722,2026 American Cup,Senior Men Synchronized 3m (Final),Final,74527,Juan,Manuel López Gómez,6,319.23,1416,Colombia,,2026,World-Aquatics-Event,Senior/Open,,Male,Synchro-3m,Synchro Senior Men Synchro-3m,true,false,,,,criteria-simulator/data.js
12722,2026 American Cup,Senior Women 3m (Final),Final,43980,Sophie,Verzyl,1,329.4,1439,United States,,2026,World-Aquatics-Event,Senior/Open,,Female,3M,Senior Women 3M,false,false,,,,criteria-simulator/data.js
12722,2026 American Cup,Senior Women 3m (Final),Final,169542,Desharne,Bent-Ashmeil,2,303.6,2160,Great Britain,,2026,World-Aquatics-Event,Senior/Open,,Female,3M,Senior Women 3M,false,false,,,,criteria-simulator/data.js
12722,2026 American Cup,Senior Women 3m (Final),Final,173113,Natalie,Phan,3,296.1,2155,Australia,,2026,World-Aquatics-Event,Senior/Open,,Female,3M,Senior Women 3M,false,false,,,,criteria-simulator/data.js
12722,2026 American Cup,Senior Women 3m (Final),Final,65061,Brittany,Obrien,4,289.8,2155,Australia,,2026,World-Aquatics-Event,Senior/Open,,Female,3M,Senior Women 3M,false,false,,,,criteria-simulator/data.js
12722,2026 American Cup,Senior Women 3m (Final),Final,74505,Lila,Stewart,5,287.85,1414,Canada,,2026,World-Aquatics-Event,Senior/Open,,Female,3M,Senior Women 3M,false,false,,,,criteria-simulator/data.js
12722,2026 American Cup,Senior Women 3m (Final),Final,51576,Kyndal,Knight,6,279.65,1439,United States,,2026,World-Aquatics-Event,Senior/Open,,Female,3M,Senior Women 3M,false,false,,,,criteria-simulator/data.js
12722,2026 American Cup,Senior Women 3m (Final),Final,100814,Amy,Rollinson,7,268.35,2160,Great Britain,,2026,World-Aquatics-Event,Senior/Open,,Female,3M,Senior Women 3M,false,false,,,,criteria-simulator/data.js
12722,2026 American Cup,Senior Women 3m (Final),Final,27296,Margo,OMeara,8,266.4,1439,United States,,2026,World-Aquatics-Event,Senior/Open,,Female,3M,Senior Women 3M,false,false,,,,criteria-simulator/data.js
12722,2026 American Cup,Senior Women 3m (Final),Final,73015,Juliette,Landi,9,264.2,2158,France,,2026,World-Aquatics-Event,Senior/Open,,Female,3M,Senior Women 3M,false,false,,,,criteria-simulator/data.js
12722,2026 American Cup,Senior Women 3m (Final),Final,169710,Lucy,Dovison,10,258.15,2155,Australia,,2026,World-Aquatics-Event,Senior/Open,,Female,3M,Senior Women 3M,false,false,,,,criteria-simulator/data.js
12722,2026 American Cup,Senior Women 3m (Final),Final,58408,Maha,Amer,11,244.15,4112,Egypt,,2026,World-Aquatics-Event,Senior/Open,,Female,3M,Senior Women 3M,false,false,,,,criteria-simulator/data.js
12722,2026 American Cup,Senior Women 3m (Final),Final,45450,Charlotte,Norman,12,242.05,2158,France,,2026,World-Aquatics-Event,Senior/Open,,Female,3M,Senior Women 3M,false,false,,,,criteria-simulator/data.js
12722,2026 American Cup,Senior Women Synchronized 3m (Final),Final,65393,Anna,Kwong,1,276.87,1439,United States,,2026,World-Aquatics-Event,Senior/Open,,Female,Synchro-3m,Synchro Senior Women Synchro-3m,true,false,,,,criteria-simulator/data.js
12722,2026 American Cup,Senior Women Synchronized 3m (Final),Final,169542,Desharne,Bent-Ashmeil,2,273.15,2160,Great Britain,,2026,World-Aquatics-Event,Senior/Open,,Female,Synchro-3m,Synchro Senior Women Synchro-3m,true,false,,,,criteria-simulator/data.js
12722,2026 American Cup,Senior Women Synchronized 3m (Final),Final,48801,Bailee,Sturgill,3,264.36,1439,United States,,2026,World-Aquatics-Event,Senior/Open,,Female,Synchro-3m,Synchro Senior Women Synchro-3m,true,false,,,,criteria-simulator/data.js
12722,2026 American Cup,Senior Women Synchronized 3m (Final),Final,175650,Kseniia,Bochek,4,239.64,2299,Ukraine,,2026,World-Aquatics-Event,Senior/Open,,Female,Synchro-3m,Synchro Senior Women Synchro-3m,true,false,,,,criteria-simulator/data.js
12722,2026 American Cup,Senior Women Synchronized 3m (Final),Final,169710,Lucy,Dovison,5,236.46,2155,Australia,,2026,World-Aquatics-Event,Senior/Open,,Female,Synchro-3m,Synchro Senior Women Synchro-3m,true,false,,,,criteria-simulator/data.js
12722,2026 American Cup,Senior Women Synchronized 3m (Final),Final,169526,Nahyun,Kim,6,209.94,9782,Republic of Korea,,2026,World-Aquatics-Event,Senior/Open,,Female,Synchro-3m,Synchro Senior Women Synchro-3m,true,false,,,,criteria-simulator/data.js
12722,2026 American Cup,Senior Men Platform (Final),Final,49903,Joshua,Hedberg,1,474.8,1439,United States,,2026,World-Aquatics-Event,Senior/Open,,Male,Platform,Senior Men Platform,false,false,,,,criteria-simulator/data.js
12722,2026 American Cup,Senior Men Platform (Final),Final,175648,Oleksii,Sereda,2,473.2,2299,Ukraine,,2026,World-Aquatics-Event,Senior/Open,,Male,Platform,Senior Men Platform,false,false,,,,criteria-simulator/data.js
12722,2026 American Cup,Senior Men Platform (Final),Final,175661,Noah,Williams,3,429.65,2160,Great Britain,,2026,World-Aquatics-Event,Senior/Open,,Male,Platform,Senior Men Platform,false,false,,,,criteria-simulator/data.js
12722,2026 American Cup,Senior Men Platform (Final),Final,69435,Leyton,Dean,4,420.95,1439,United States,,2026,World-Aquatics-Event,Senior/Open,,Male,Platform,Senior Men Platform,false,false,,,,criteria-simulator/data.js
12722,2026 American Cup,Senior Men Platform (Final),Final,175647,Mark,Hrytsenko,5,417.85,2299,Ukraine,,2026,World-Aquatics-Event,Senior/Open,,Male,Platform,Senior Men Platform,false,false,,,,criteria-simulator/data.js
12722,2026 American Cup,Senior Men Platform (Final),Final,40067,Maxwell,Weinrich,6,409.6,1439,United States,,2026,World-Aquatics-Event,Senior/Open,,Male,Platform,Senior Men Platform,false,false,,,,criteria-simulator/data.js
12722,2026 American Cup,Senior Men Platform (Final),Final,100793,Kyle,Kothari,7,387.05,2160,Great Britain,,2026,World-Aquatics-Event,Senior/Open,,Male,Platform,Senior Men Platform,false,false,,,,criteria-simulator/data.js
12722,2026 American Cup,Senior Men Platform (Final),Final,175633,Nathan,Brown,8,379.4,2177,New Zealand,,2026,World-Aquatics-Event,Senior/Open,,Male,Platform,Senior Men Platform,false,false,,,,criteria-simulator/data.js
12722,2026 American Cup,Senior Men Platform (Final),Final,64745,Andrew,Bennett,9,357.85,1439,United States,,2026,World-Aquatics-Event,Senior/Open,,Male,Platform,Senior Men Platform,false,false,,,,criteria-simulator/data.js
12722,2026 American Cup,Senior Men Platform (Final),Final,169528,Kang,Minhyuk,10,353.1,9782,Republic of Korea,,2026,World-Aquatics-Event,Senior/Open,,Male,Platform,Senior Men Platform,false,false,,,,criteria-simulator/data.js
12722,2026 American Cup,Senior Men Platform (Final),Final,41791,Nathaniel,Grannis,11,327.4,1439,United States,,2026,World-Aquatics-Event,Senior/Open,,Male,Platform,Senior Men Platform,false,false,,,,criteria-simulator/data.js
12722,2026 American Cup,Senior Men Platform (Final),Final,175664,Santiago,Choez,12,307.1,10067,Ecuador,,2026,World-Aquatics-Event,Senior/Open,,Male,Platform,Senior Men Platform,false,false,,,,criteria-simulator/data.js
12722,2026 American Cup,Senior Men Synchronized Platform (Final),Final,175648,Oleksii,Sereda,1,390.6,2299,Ukraine,,2026,World-Aquatics-Event,Senior/Open,,Male,Synchro-Platform,Synchro Senior Men Synchro-Platform,true,false,,,,criteria-simulator/data.js
12722,2026 American Cup,Senior Men Synchronized Platform (Final),Final,40067,Maxwell,Weinrich,2,355.38,1439,United States,,2026,World-Aquatics-Event,Senior/Open,,Male,Synchro-Platform,Synchro Senior Men Synchro-Platform,true,false,,,,criteria-simulator/data.js
12722,2026 American Cup,Senior Men Synchronized Platform (Final),Final,175661,Noah,Williams,3,350.7,2160,Great Britain,,2026,World-Aquatics-Event,Senior/Open,,Male,Synchro-Platform,Synchro Senior Men Synchro-Platform,true,false,,,,criteria-simulator/data.js
12722,2026 American Cup,Senior Men Synchronized Platform (Final),Final,51233,Tyler,Wills,4,334.35,1439,United States,,2026,World-Aquatics-Event,Senior/Open,,Male,Synchro-Platform,Synchro Senior Men Synchro-Platform,true,false,,,,criteria-simulator/data.js
